customer_id,customer_name,email,country,city,signup_date,customer_segment
1,Customer 1,customer1@email.com,Germany,London,2023-12-22,SMB
2,Customer 2,customer2@email.com,Canada,Manchester,2024-06-18,Consumer
3,Customer 3,customer3@email.com,France,Leeds,2022-02-14,SMB
4,Customer 4,customer4@email.com,Canada,Manchester,2021-10-27,Corporate
5,Customer 5,customer5@email.com,Canada,Birmingham,2024-05-03,Consumer
6,Customer 6,customer6@email.com,USA,Manchester,2022-03-30,Corporate
7,Customer 7,customer7@email.com,France,Manchester,2022-07-28,SMB
8,Customer 8,customer8@email.com,France,Glasgow,2022-09-11,Corporate
9,Customer 9,customer9@email.com,France,Birmingham,2022-09-29,Corporate
10,Customer 10,customer10@email.com,Canada,London,2021-10-28,Corporate
11,Customer 11,customer11@email.com,Germany,Manchester,2023-02-18,SMB
12,Customer 12,customer12@email.com,France,London,2025-01-19,Consumer
13,Customer 13,customer13@email.com,Australia,Birmingham,2023-09-16,SMB
14,Customer 14,customer14@email.com,Canada,Manchester,2021-07-21,SMB
15,Customer 15,customer15@email.com,USA,Glasgow,2022-11-05,SMB
16,Customer 16,customer16@email.com,Germany,Leeds,2021-10-29,Consumer
17,Customer 17,customer17@email.com,Australia,Glasgow,2021-12-03,SMB
18,Customer 18,customer18@email.com,Australia,Glasgow,2021-02-01,SMB
19,Customer 19,customer19@email.com,USA,Leeds,2024-01-27,Consumer
20,Customer 20,customer20@email.com,Germany,Leeds,2023-02-12,Consumer
21,Customer 21,customer21@email.com,Canada,Leeds,2024-04-29,Consumer
22,Customer 22,customer22@email.com,UK,Manchester,2023-12-08,Corporate
23,Customer 23,customer23@email.com,Germany,London,2024-06-27,Consumer
24,Customer 24,customer24@email.com,USA,London,2024-06-03,Corporate
25,Customer 25,customer25@email.com,Australia,Leeds,2024-07-19,Corporate
26,Customer 26,customer26@email.com,Canada,Glasgow,2022-10-27,SMB
27,Customer 27,customer27@email.com,Germany,Birmingham,2021-11-24,Corporate
28,Customer 28,customer28@email.com,UK,Leeds,2023-03-08,SMB
29,Customer 29,customer29@email.com,UK,Glasgow,2024-04-18,Corporate
30,Customer 30,customer30@email.com,France,Glasgow,2023-03-25,Consumer
31,Customer 31,customer31@email.com,France,Manchester,2022-10-27,SMB
32,Customer 32,customer32@email.com,USA,Manchester,2023-01-16,Corporate
33,Customer 33,customer33@email.com,Germany,London,2023-11-13,SMB
34,Customer 34,customer34@email.com,Germany,London,2023-07-19,Consumer
35,Customer 35,customer35@email.com,Australia,Birmingham,2023-08-21,Corporate
36,Customer 36,customer36@email.com,Australia,Birmingham,2024-10-25,Corporate
37,Customer 37,customer37@email.com,Australia,Birmingham,2024-06-22,Consumer
38,Customer 38,customer38@email.com,France,Birmingham,2024-03-29,Corporate
39,Customer 39,customer39@email.com,Germany,Glasgow,2022-01-08,Corporate
40,Customer 40,customer40@email.com,Germany,Glasgow,2021-10-12,SMB
41,Customer 41,customer41@email.com,UK,London,2022-06-05,Corporate
42,Customer 42,customer42@email.com,France,Manchester,2025-01-13,Consumer
43,Customer 43,customer43@email.com,Canada,Manchester,2022-11-28,Corporate
44,Customer 44,customer44@email.com,France,Leeds,2023-03-18,SMB
45,Customer 45,customer45@email.com,Canada,Glasgow,2022-10-09,Corporate
46,Customer 46,customer46@email.com,UK,Birmingham,2021-05-16,SMB
47,Customer 47,customer47@email.com,USA,Birmingham,2021-04-06,Corporate
48,Customer 48,customer48@email.com,Germany,Leeds,2024-02-17,SMB
49,Customer 49,customer49@email.com,UK,Manchester,2024-10-29,SMB
50,Customer 50,customer50@email.com,Germany,Birmingham,2021-10-01,Corporate
51,Customer 51,customer51@email.com,Australia,Manchester,2023-05-28,Consumer
52,Customer 52,customer52@email.com,USA,Leeds,2023-04-30,Consumer
53,Customer 53,customer53@email.com,USA,Manchester,2024-04-15,Corporate
54,Customer 54,customer54@email.com,UK,Manchester,2023-02-23,Corporate
55,Customer 55,customer55@email.com,USA,Manchester,2024-07-24,Corporate
56,Customer 56,customer56@email.com,Canada,Birmingham,2024-03-07,Corporate
57,Customer 57,customer57@email.com,USA,London,2021-05-12,Corporate
58,Customer 58,customer58@email.com,Germany,Glasgow,2023-12-04,Consumer
59,Customer 59,customer59@email.com,Germany,Manchester,2024-02-21,SMB
60,Customer 60,customer60@email.com,Germany,Manchester,2024-03-05,SMB
61,Customer 61,customer61@email.com,Germany,Manchester,2024-10-22,Consumer
62,Customer 62,customer62@email.com,Canada,London,2022-01-08,Consumer
63,Customer 63,customer63@email.com,France,Leeds,2024-02-24,SMB
64,Customer 64,customer64@email.com,Australia,Birmingham,2025-01-02,Consumer
65,Customer 65,customer65@email.com,UK,London,2023-03-19,Corporate
66,Customer 66,customer66@email.com,Germany,Manchester,2023-01-14,Consumer
67,Customer 67,customer67@email.com,USA,London,2021-02-20,Consumer
68,Customer 68,customer68@email.com,Germany,London,2024-03-06,Consumer
69,Customer 69,customer69@email.com,USA,London,2024-03-27,Consumer
70,Customer 70,customer70@email.com,Australia,Leeds,2021-02-25,SMB
71,Customer 71,customer71@email.com,Australia,Glasgow,2023-01-14,SMB
72,Customer 72,customer72@email.com,Australia,Birmingham,2022-03-04,SMB
73,Customer 73,customer73@email.com,USA,Leeds,2022-03-19,SMB
74,Customer 74,customer74@email.com,Germany,Leeds,2021-11-22,Corporate
75,Customer 75,customer75@email.com,Australia,Glasgow,2022-10-02,Corporate
76,Customer 76,customer76@email.com,Canada,Leeds,2023-04-09,SMB
77,Customer 77,customer77@email.com,USA,London,2021-03-21,SMB
78,Customer 78,customer78@email.com,USA,London,2022-04-19,SMB
79,Customer 79,customer79@email.com,Germany,Manchester,2022-01-12,Consumer
80,Customer 80,customer80@email.com,USA,Leeds,2023-07-08,Corporate
81,Customer 81,customer81@email.com,USA,Manchester,2021-11-29,Corporate
82,Customer 82,customer82@email.com,Australia,Birmingham,2024-04-13,Consumer
83,Customer 83,customer83@email.com,Germany,London,2022-03-17,Consumer
84,Customer 84,customer84@email.com,Australia,Birmingham,2021-05-06,Consumer
85,Customer 85,customer85@email.com,Australia,Glasgow,2021-08-07,Corporate
86,Customer 86,customer86@email.com,Germany,London,2023-08-06,Consumer
87,Customer 87,customer87@email.com,UK,Birmingham,2021-10-05,Consumer
88,Customer 88,customer88@email.com,Australia,Glasgow,2022-08-18,Consumer
89,Customer 89,customer89@email.com,Canada,Birmingham,2023-07-24,SMB
90,Customer 90,customer90@email.com,Canada,Glasgow,2021-05-21,Consumer
91,Customer 91,customer91@email.com,USA,Glasgow,2023-04-26,SMB
92,Customer 92,customer92@email.com,Canada,London,2023-10-05,Corporate
93,Customer 93,customer93@email.com,USA,Manchester,2023-05-27,Corporate
94,Customer 94,customer94@email.com,UK,Glasgow,2021-04-20,Corporate
95,Customer 95,customer95@email.com,Germany,Glasgow,2023-12-12,SMB
96,Customer 96,customer96@email.com,Germany,London,2022-09-05,Consumer
97,Customer 97,customer97@email.com,Germany,Manchester,2022-12-14,Corporate
98,Customer 98,customer98@email.com,Canada,Leeds,2024-09-04,Consumer
99,Customer 99,customer99@email.com,UK,Leeds,2024-05-07,SMB
100,Customer 100,customer100@email.com,Canada,Manchester,2023-03-07,Corporate
101,Customer 101,customer101@email.com,Canada,Birmingham,2022-12-30,Consumer
102,Customer 102,customer102@email.com,UK,London,2023-12-06,Consumer
103,Customer 103,customer103@email.com,UK,Manchester,2022-05-20,Corporate
104,Customer 104,customer104@email.com,UK,Leeds,2023-11-07,Consumer
105,Customer 105,customer105@email.com,UK,Glasgow,2021-11-11,SMB
106,Customer 106,customer106@email.com,Germany,Leeds,2024-12-30,Corporate
107,Customer 107,customer107@email.com,France,Glasgow,2024-11-12,Corporate
108,Customer 108,customer108@email.com,France,London,2021-03-18,Corporate
109,Customer 109,customer109@email.com,UK,Glasgow,2023-09-05,Corporate
110,Customer 110,customer110@email.com,France,Manchester,2023-06-18,SMB
111,Customer 111,customer111@email.com,France,Glasgow,2024-10-26,SMB
112,Customer 112,customer112@email.com,UK,Birmingham,2024-04-03,Consumer
113,Customer 113,customer113@email.com,France,Manchester,2023-11-14,SMB
114,Customer 114,customer114@email.com,Canada,London,2022-12-13,Consumer
115,Customer 115,customer115@email.com,USA,Manchester,2023-11-25,Consumer
116,Customer 116,customer116@email.com,USA,Birmingham,2023-05-04,Corporate
117,Customer 117,customer117@email.com,UK,London,2025-01-24,Consumer
118,Customer 118,customer118@email.com,Germany,Leeds,2024-03-07,Corporate
119,Customer 119,customer119@email.com,UK,Birmingham,2022-12-10,Consumer
120,Customer 120,customer120@email.com,Germany,London,2021-09-22,SMB
121,Customer 121,customer121@email.com,USA,Glasgow,2021-11-29,Corporate
122,Customer 122,customer122@email.com,UK,Manchester,2021-07-07,Consumer
123,Customer 123,customer123@email.com,Australia,London,2023-12-23,SMB
124,Customer 124,customer124@email.com,Canada,Manchester,2023-03-31,SMB
125,Customer 125,customer125@email.com,France,Glasgow,2024-07-26,Corporate
126,Customer 126,customer126@email.com,Germany,London,2024-04-09,Corporate
127,Customer 127,customer127@email.com,Australia,Leeds,2021-10-26,Corporate
128,Customer 128,customer128@email.com,France,Birmingham,2021-07-20,Consumer
129,Customer 129,customer129@email.com,France,London,2024-03-04,Corporate
130,Customer 130,customer130@email.com,UK,Glasgow,2021-09-29,SMB
131,Customer 131,customer131@email.com,France,London,2022-06-19,SMB
132,Customer 132,customer132@email.com,Canada,Manchester,2025-01-05,Corporate
133,Customer 133,customer133@email.com,Australia,London,2024-01-16,Corporate
134,Customer 134,customer134@email.com,France,Leeds,2021-01-31,SMB
135,Customer 135,customer135@email.com,UK,London,2024-02-19,Consumer
136,Customer 136,customer136@email.com,Canada,Birmingham,2021-03-10,SMB
137,Customer 137,customer137@email.com,USA,London,2023-06-02,SMB
138,Customer 138,customer138@email.com,Australia,Manchester,2023-08-19,SMB
139,Customer 139,customer139@email.com,France,London,2023-04-07,Corporate
140,Customer 140,customer140@email.com,UK,Leeds,2023-07-13,Consumer
141,Customer 141,customer141@email.com,USA,Glasgow,2024-03-15,Consumer
142,Customer 142,customer142@email.com,USA,London,2023-09-11,Corporate
143,Customer 143,customer143@email.com,Germany,London,2024-09-18,SMB
144,Customer 144,customer144@email.com,Canada,Birmingham,2022-04-26,Corporate
145,Customer 145,customer145@email.com,France,Leeds,2024-07-10,Corporate
146,Customer 146,customer146@email.com,UK,Glasgow,2021-10-20,Consumer
147,Customer 147,customer147@email.com,Germany,Manchester,2024-12-23,Consumer
148,Customer 148,customer148@email.com,Canada,London,2021-03-27,Corporate
149,Customer 149,customer149@email.com,Germany,Glasgow,2023-11-06,Corporate
150,Customer 150,customer150@email.com,Australia,Manchester,2022-12-29,Consumer
151,Customer 151,customer151@email.com,Canada,Leeds,2022-09-20,Consumer
152,Customer 152,customer152@email.com,Canada,Leeds,2021-04-28,SMB
153,Customer 153,customer153@email.com,France,Glasgow,2021-09-27,Corporate
154,Customer 154,customer154@email.com,Canada,Manchester,2024-11-19,SMB
155,Customer 155,customer155@email.com,Germany,Leeds,2023-09-06,SMB
156,Customer 156,customer156@email.com,Canada,Glasgow,2023-05-05,SMB
157,Customer 157,customer157@email.com,France,Leeds,2021-06-11,Consumer
158,Customer 158,customer158@email.com,France,Leeds,2022-12-01,SMB
159,Customer 159,customer159@email.com,Australia,Leeds,2024-02-02,Consumer
160,Customer 160,customer160@email.com,Germany,Birmingham,2021-06-16,Consumer
161,Customer 161,customer161@email.com,USA,Manchester,2021-10-27,Consumer
162,Customer 162,customer162@email.com,USA,Glasgow,2021-01-28,Corporate
163,Customer 163,customer163@email.com,Canada,Glasgow,2024-12-18,SMB
164,Customer 164,customer164@email.com,Australia,Manchester,2022-07-16,Consumer
165,Customer 165,customer165@email.com,UK,Manchester,2023-06-02,Corporate
166,Customer 166,customer166@email.com,Canada,Manchester,2021-06-05,Corporate
167,Customer 167,customer167@email.com,Australia,Manchester,2024-09-09,Corporate
168,Customer 168,customer168@email.com,Germany,London,2024-10-03,Consumer
169,Customer 169,customer169@email.com,Germany,Glasgow,2024-02-19,Consumer
170,Customer 170,customer170@email.com,Germany,London,2022-10-14,Consumer
171,Customer 171,customer171@email.com,Germany,Leeds,2023-04-01,Corporate
172,Customer 172,customer172@email.com,Germany,Leeds,2022-07-15,Consumer
173,Customer 173,customer173@email.com,Australia,Glasgow,2024-04-02,SMB
174,Customer 174,customer174@email.com,Australia,Leeds,2023-12-22,Consumer
175,Customer 175,customer175@email.com,France,Manchester,2024-09-25,Consumer
176,Customer 176,customer176@email.com,USA,London,2021-11-08,SMB
177,Customer 177,customer177@email.com,Germany,Manchester,2022-01-11,Consumer
178,Customer 178,customer178@email.com,UK,Leeds,2024-10-01,Consumer
179,Customer 179,customer179@email.com,Australia,London,2021-05-30,Consumer
180,Customer 180,customer180@email.com,UK,Manchester,2022-08-08,Consumer
181,Customer 181,customer181@email.com,UK,Glasgow,2022-08-04,Corporate
182,Customer 182,customer182@email.com,UK,Manchester,2023-09-04,Consumer
183,Customer 183,customer183@email.com,France,Leeds,2021-06-26,SMB
184,Customer 184,customer184@email.com,Australia,London,2021-12-20,SMB
185,Customer 185,customer185@email.com,UK,Glasgow,2022-05-29,Corporate
186,Customer 186,customer186@email.com,Germany,London,2021-11-05,Consumer
187,Customer 187,customer187@email.com,Canada,Glasgow,2021-04-29,SMB
188,Customer 188,customer188@email.com,UK,London,2023-02-06,Corporate
189,Customer 189,customer189@email.com,France,Leeds,2023-09-23,Consumer
190,Customer 190,customer190@email.com,Australia,Glasgow,2023-08-31,Corporate
191,Customer 191,customer191@email.com,France,Birmingham,2023-07-05,Consumer
192,Customer 192,customer192@email.com,UK,London,2022-04-23,Corporate
193,Customer 193,customer193@email.com,Australia,London,2024-12-08,Corporate
194,Customer 194,customer194@email.com,Canada,Manchester,2022-08-10,SMB
195,Customer 195,customer195@email.com,UK,Glasgow,2021-12-17,SMB
196,Customer 196,customer196@email.com,France,Birmingham,2021-07-14,Corporate
197,Customer 197,customer197@email.com,USA,Leeds,2024-04-25,Consumer
198,Customer 198,customer198@email.com,Germany,Manchester,2025-01-13,Consumer
199,Customer 199,customer199@email.com,France,Birmingham,2022-05-11,Consumer
200,Customer 200,customer200@email.com,Australia,Glasgow,2022-05-30,Consumer
201,Customer 201,customer201@email.com,UK,Birmingham,2022-11-27,Consumer
202,Customer 202,customer202@email.com,Germany,London,2021-09-30,SMB
203,Customer 203,customer203@email.com,UK,London,2023-05-30,Corporate
204,Customer 204,customer204@email.com,Australia,Manchester,2021-02-21,SMB
205,Customer 205,customer205@email.com,UK,Glasgow,2021-09-20,Consumer
206,Customer 206,customer206@email.com,USA,Glasgow,2024-10-23,Corporate
207,Customer 207,customer207@email.com,Germany,Birmingham,2021-05-13,Consumer
208,Customer 208,customer208@email.com,Germany,Manchester,2023-09-21,Consumer
209,Customer 209,customer209@email.com,Australia,Glasgow,2024-06-02,Corporate
210,Customer 210,customer210@email.com,USA,London,2021-11-06,Consumer
211,Customer 211,customer211@email.com,France,Birmingham,2021-01-16,SMB
212,Customer 212,customer212@email.com,UK,Leeds,2021-07-14,SMB
213,Customer 213,customer213@email.com,Canada,London,2025-01-06,SMB
214,Customer 214,customer214@email.com,UK,Manchester,2021-10-30,Consumer
215,Customer 215,customer215@email.com,UK,Glasgow,2023-12-08,SMB
216,Customer 216,customer216@email.com,France,London,2024-02-19,Consumer
217,Customer 217,customer217@email.com,UK,Leeds,2023-04-12,Consumer
218,Customer 218,customer218@email.com,USA,Leeds,2022-07-16,SMB
219,Customer 219,customer219@email.com,USA,Manchester,2025-02-01,SMB
220,Customer 220,customer220@email.com,Germany,London,2021-02-10,Consumer
221,Customer 221,customer221@email.com,Australia,Birmingham,2025-01-19,Consumer
222,Customer 222,customer222@email.com,Canada,London,2022-06-18,Consumer
223,Customer 223,customer223@email.com,UK,Leeds,2022-01-06,Consumer
224,Customer 224,customer224@email.com,UK,Manchester,2024-04-20,SMB
225,Customer 225,customer225@email.com,France,Manchester,2022-06-01,Consumer
226,Customer 226,customer226@email.com,Australia,Birmingham,2022-10-19,Consumer
227,Customer 227,customer227@email.com,USA,Manchester,2022-08-13,Consumer
228,Customer 228,customer228@email.com,Canada,Manchester,2021-08-19,Consumer
229,Customer 229,customer229@email.com,Germany,Manchester,2023-03-20,Consumer
230,Customer 230,customer230@email.com,USA,Manchester,2024-10-03,Corporate
231,Customer 231,customer231@email.com,Australia,Manchester,2022-04-24,Corporate
232,Customer 232,customer232@email.com,Germany,Leeds,2024-05-17,Corporate
233,Customer 233,customer233@email.com,France,London,2022-11-06,SMB
234,Customer 234,customer234@email.com,France,Glasgow,2021-10-05,Consumer
235,Customer 235,customer235@email.com,UK,Manchester,2021-02-22,SMB
236,Customer 236,customer236@email.com,Australia,Glasgow,2023-10-31,Consumer
237,Customer 237,customer237@email.com,Canada,Glasgow,2023-01-18,Corporate
238,Customer 238,customer238@email.com,Germany,Leeds,2022-04-09,Consumer
239,Customer 239,customer239@email.com,USA,Manchester,2023-01-24,SMB
240,Customer 240,customer240@email.com,Australia,Glasgow,2022-08-06,SMB
241,Customer 241,customer241@email.com,Australia,Manchester,2021-06-07,Consumer
242,Customer 242,customer242@email.com,France,Birmingham,2021-01-19,SMB
243,Customer 243,customer243@email.com,UK,Birmingham,2021-02-24,Corporate
244,Customer 244,customer244@email.com,UK,Birmingham,2022-12-22,Consumer
245,Customer 245,customer245@email.com,Germany,Glasgow,2023-11-11,Corporate
246,Customer 246,customer246@email.com,France,Birmingham,2024-07-29,Corporate
247,Customer 247,customer247@email.com,Australia,Leeds,2023-01-31,SMB
248,Customer 248,customer248@email.com,Canada,Leeds,2023-10-16,Consumer
249,Customer 249,customer249@email.com,France,Glasgow,2024-12-11,Corporate
250,Customer 250,customer250@email.com,Germany,Manchester,2023-03-19,Corporate
251,Customer 251,customer251@email.com,Germany,London,2022-12-24,Consumer
252,Customer 252,customer252@email.com,France,Manchester,2021-10-12,SMB
253,Customer 253,customer253@email.com,Germany,Manchester,2022-05-26,Corporate
254,Customer 254,customer254@email.com,France,Manchester,2023-10-19,Consumer
255,Customer 255,customer255@email.com,USA,Manchester,2024-11-20,Consumer
256,Customer 256,customer256@email.com,France,London,2021-04-30,Corporate
257,Customer 257,customer257@email.com,France,Birmingham,2021-04-07,Corporate
258,Customer 258,customer258@email.com,Germany,Manchester,2021-04-30,Corporate
259,Customer 259,customer259@email.com,Germany,Leeds,2024-03-22,SMB
260,Customer 260,customer260@email.com,UK,Glasgow,2024-06-22,SMB
261,Customer 261,customer261@email.com,UK,Glasgow,2022-01-28,Consumer
262,Customer 262,customer262@email.com,USA,Leeds,2024-03-12,Consumer
263,Customer 263,customer263@email.com,UK,Manchester,2023-03-05,Corporate
264,Customer 264,customer264@email.com,France,London,2021-08-08,Consumer
265,Customer 265,customer265@email.com,Germany,Birmingham,2023-04-19,SMB
266,Customer 266,customer266@email.com,UK,Glasgow,2021-06-09,Consumer
267,Customer 267,customer267@email.com,UK,Birmingham,2024-01-05,Consumer
268,Customer 268,customer268@email.com,USA,London,2022-09-03,Corporate
269,Customer 269,customer269@email.com,Australia,Glasgow,2022-10-01,Corporate
270,Customer 270,customer270@email.com,USA,Birmingham,2023-11-22,SMB
271,Customer 271,customer271@email.com,France,London,2023-02-16,Consumer
272,Customer 272,customer272@email.com,Germany,Birmingham,2021-11-30,Consumer
273,Customer 273,customer273@email.com,USA,Manchester,2025-01-03,Consumer
274,Customer 274,customer274@email.com,UK,London,2023-06-11,Corporate
275,Customer 275,customer275@email.com,Germany,Birmingham,2023-07-29,SMB
276,Customer 276,customer276@email.com,Germany,Manchester,2021-12-18,Consumer
277,Customer 277,customer277@email.com,UK,Manchester,2024-09-24,Consumer
278,Customer 278,customer278@email.com,USA,London,2023-07-15,Consumer
279,Customer 279,customer279@email.com,UK,Leeds,2024-11-24,Consumer
280,Customer 280,customer280@email.com,Australia,Glasgow,2022-01-31,SMB
281,Customer 281,customer281@email.com,Germany,London,2024-05-10,SMB
282,Customer 282,customer282@email.com,Canada,Manchester,2022-06-14,SMB
283,Customer 283,customer283@email.com,Canada,Manchester,2024-01-22,Corporate
284,Customer 284,customer284@email.com,France,London,2021-12-24,Consumer
285,Customer 285,customer285@email.com,UK,Leeds,2024-11-20,Consumer
286,Customer 286,customer286@email.com,UK,Glasgow,2023-04-08,Consumer
287,Customer 287,customer287@email.com,France,Birmingham,2021-03-01,Consumer
288,Customer 288,customer288@email.com,France,London,2022-04-22,SMB
289,Customer 289,customer289@email.com,France,Glasgow,2022-09-04,Corporate
290,Customer 290,customer290@email.com,Germany,Glasgow,2021-01-01,Corporate
291,Customer 291,customer291@email.com,Australia,Manchester,2021-11-07,Consumer
292,Customer 292,customer292@email.com,UK,Birmingham,2021-06-17,SMB
293,Customer 293,customer293@email.com,Germany,London,2021-07-11,Corporate
294,Customer 294,customer294@email.com,France,Manchester,2023-11-24,Corporate
295,Customer 295,customer295@email.com,UK,Manchester,2023-11-24,Consumer
296,Customer 296,customer296@email.com,Germany,Leeds,2024-12-11,Corporate
297,Customer 297,customer297@email.com,Australia,Glasgow,2022-12-09,Consumer
298,Customer 298,customer298@email.com,Germany,London,2024-03-27,SMB
299,Customer 299,customer299@email.com,Australia,London,2022-01-01,Consumer
300,Customer 300,customer300@email.com,France,London,2024-09-25,Corporate
301,Customer 301,customer301@email.com,Australia,Manchester,2023-05-08,Consumer
302,Customer 302,customer302@email.com,UK,Leeds,2024-09-20,Consumer
303,Customer 303,customer303@email.com,France,Birmingham,2021-11-23,Consumer
304,Customer 304,customer304@email.com,UK,Manchester,2021-04-24,Consumer
305,Customer 305,customer305@email.com,Canada,Birmingham,2023-03-08,Consumer
306,Customer 306,customer306@email.com,USA,Leeds,2023-07-08,Consumer
307,Customer 307,customer307@email.com,Australia,Glasgow,2024-12-12,Corporate
308,Customer 308,customer308@email.com,USA,London,2025-01-31,Consumer
309,Customer 309,customer309@email.com,USA,Birmingham,2024-03-12,Corporate
310,Customer 310,customer310@email.com,Australia,Manchester,2022-09-01,Consumer
311,Customer 311,customer311@email.com,France,Birmingham,2021-11-05,SMB
312,Customer 312,customer312@email.com,Canada,Glasgow,2022-02-05,Consumer
313,Customer 313,customer313@email.com,UK,London,2024-09-05,Corporate
314,Customer 314,customer314@email.com,Germany,Birmingham,2021-07-31,Corporate
315,Customer 315,customer315@email.com,UK,Glasgow,2021-11-13,SMB
316,Customer 316,customer316@email.com,Germany,Manchester,2021-07-04,Consumer
317,Customer 317,customer317@email.com,UK,Leeds,2024-05-13,SMB
318,Customer 318,customer318@email.com,Australia,Manchester,2024-10-19,Consumer
319,Customer 319,customer319@email.com,Canada,London,2024-05-24,Consumer
320,Customer 320,customer320@email.com,Germany,Manchester,2021-09-03,Corporate
321,Customer 321,customer321@email.com,France,Manchester,2021-08-27,SMB
322,Customer 322,customer322@email.com,UK,Manchester,2024-11-15,SMB
323,Customer 323,customer323@email.com,UK,Manchester,2022-06-04,Corporate
324,Customer 324,customer324@email.com,Germany,London,2021-10-04,Corporate
325,Customer 325,customer325@email.com,France,Glasgow,2023-10-03,SMB
326,Customer 326,customer326@email.com,France,Birmingham,2021-07-21,Corporate
327,Customer 327,customer327@email.com,Australia,Leeds,2021-08-02,Consumer
328,Customer 328,customer328@email.com,Australia,Birmingham,2022-08-29,SMB
329,Customer 329,customer329@email.com,Australia,Birmingham,2022-04-23,SMB
330,Customer 330,customer330@email.com,Australia,Leeds,2022-05-23,Corporate
331,Customer 331,customer331@email.com,Australia,London,2024-01-04,Consumer
332,Customer 332,customer332@email.com,Australia,Leeds,2022-10-31,SMB
333,Customer 333,customer333@email.com,Canada,London,2022-10-27,SMB
334,Customer 334,customer334@email.com,France,Birmingham,2021-05-22,Consumer
335,Customer 335,customer335@email.com,Australia,London,2021-11-18,Corporate
336,Customer 336,customer336@email.com,France,Glasgow,2022-04-06,Corporate
337,Customer 337,customer337@email.com,France,Leeds,2022-12-08,Corporate
338,Customer 338,customer338@email.com,USA,Glasgow,2022-11-01,Corporate
339,Customer 339,customer339@email.com,Canada,Birmingham,2024-03-15,Consumer
340,Customer 340,customer340@email.com,Australia,Leeds,2021-02-23,Consumer
341,Customer 341,customer341@email.com,UK,Birmingham,2024-10-11,SMB
342,Customer 342,customer342@email.com,Germany,Glasgow,2021-10-04,SMB
343,Customer 343,customer343@email.com,UK,Birmingham,2022-02-04,Consumer
344,Customer 344,customer344@email.com,Canada,Leeds,2022-10-30,SMB
345,Customer 345,customer345@email.com,Germany,Leeds,2022-05-31,Consumer
346,Customer 346,customer346@email.com,Canada,Birmingham,2024-08-27,Corporate
347,Customer 347,customer347@email.com,France,Leeds,2024-07-18,Consumer
348,Customer 348,customer348@email.com,Germany,Leeds,2022-07-30,Consumer
349,Customer 349,customer349@email.com,France,Birmingham,2025-01-12,SMB
350,Customer 350,customer350@email.com,UK,Glasgow,2021-04-22,Consumer
351,Customer 351,customer351@email.com,UK,Leeds,2021-08-27,Corporate
352,Customer 352,customer352@email.com,Germany,Leeds,2024-03-13,Corporate
353,Customer 353,customer353@email.com,Germany,Leeds,2024-10-29,SMB
354,Customer 354,customer354@email.com,Australia,Leeds,2023-11-10,SMB
355,Customer 355,customer355@email.com,Canada,Birmingham,2024-08-05,Consumer
356,Customer 356,customer356@email.com,Australia,Glasgow,2021-07-16,SMB
357,Customer 357,customer357@email.com,Canada,Glasgow,2022-01-17,Corporate
358,Customer 358,customer358@email.com,Australia,London,2021-06-13,SMB
359,Customer 359,customer359@email.com,France,Leeds,2022-08-29,SMB
360,Customer 360,customer360@email.com,Germany,Leeds,2024-06-26,Corporate
361,Customer 361,customer361@email.com,UK,London,2023-12-28,Consumer
362,Customer 362,customer362@email.com,Canada,Glasgow,2023-05-05,Consumer
363,Customer 363,customer363@email.com,Canada,Manchester,2023-11-11,SMB
364,Customer 364,customer364@email.com,UK,Manchester,2023-04-11,Corporate
365,Customer 365,customer365@email.com,Australia,Glasgow,2022-08-20,Corporate
366,Customer 366,customer366@email.com,Canada,Leeds,2024-11-14,Corporate
367,Customer 367,customer367@email.com,France,Manchester,2022-06-20,Consumer
368,Customer 368,customer368@email.com,Germany,Birmingham,2021-04-21,Corporate
369,Customer 369,customer369@email.com,UK,Birmingham,2023-08-07,Corporate
370,Customer 370,customer370@email.com,Germany,London,2023-05-13,Consumer
371,Customer 371,customer371@email.com,Canada,Glasgow,2022-08-18,Corporate
372,Customer 372,customer372@email.com,Canada,Glasgow,2023-10-19,Consumer
373,Customer 373,customer373@email.com,UK,Manchester,2022-04-05,SMB
374,Customer 374,customer374@email.com,France,Leeds,2024-01-07,SMB
375,Customer 375,customer375@email.com,USA,Glasgow,2022-03-10,SMB
376,Customer 376,customer376@email.com,UK,Manchester,2024-11-04,SMB
377,Customer 377,customer377@email.com,USA,Manchester,2025-01-03,SMB
378,Customer 378,customer378@email.com,Australia,Glasgow,2023-06-07,Consumer
379,Customer 379,customer379@email.com,USA,Manchester,2023-02-22,Consumer
380,Customer 380,customer380@email.com,France,London,2024-09-24,Consumer
381,Customer 381,customer381@email.com,Australia,London,2023-09-15,Corporate
382,Customer 382,customer382@email.com,USA,Glasgow,2024-12-18,SMB
383,Customer 383,customer383@email.com,Australia,Leeds,2021-06-18,Corporate
384,Customer 384,customer384@email.com,USA,London,2022-12-10,Corporate
385,Customer 385,customer385@email.com,France,London,2023-08-23,Corporate
386,Customer 386,customer386@email.com,USA,Glasgow,2024-07-09,SMB
387,Customer 387,customer387@email.com,USA,Birmingham,2022-12-28,Corporate
388,Customer 388,customer388@email.com,USA,Manchester,2021-08-17,SMB
389,Customer 389,customer389@email.com,UK,London,2024-03-30,SMB
390,Customer 390,customer390@email.com,UK,Birmingham,2022-03-03,SMB
391,Customer 391,customer391@email.com,UK,Leeds,2021-05-02,Corporate
392,Customer 392,customer392@email.com,France,Birmingham,2021-05-29,SMB
393,Customer 393,customer393@email.com,Australia,Glasgow,2023-05-02,SMB
394,Customer 394,customer394@email.com,Canada,Leeds,2022-12-06,Consumer
395,Customer 395,customer395@email.com,USA,Leeds,2021-04-21,Corporate
396,Customer 396,customer396@email.com,USA,Birmingham,2024-05-29,Consumer
397,Customer 397,customer397@email.com,France,Glasgow,2021-03-05,Consumer
398,Customer 398,customer398@email.com,USA,London,2022-09-30,Corporate
399,Customer 399,customer399@email.com,UK,Birmingham,2024-10-09,Consumer
400,Customer 400,customer400@email.com,Canada,London,2025-02-06,SMB
401,Customer 401,customer401@email.com,Germany,Birmingham,2023-06-28,Consumer
402,Customer 402,customer402@email.com,USA,London,2021-01-13,Consumer
403,Customer 403,customer403@email.com,UK,Birmingham,2023-07-23,SMB
404,Customer 404,customer404@email.com,Germany,Leeds,2024-03-22,Consumer
405,Customer 405,customer405@email.com,Canada,Manchester,2021-08-27,SMB
406,Customer 406,customer406@email.com,Germany,Leeds,2024-04-28,Corporate
407,Customer 407,customer407@email.com,UK,London,2022-10-25,Consumer
408,Customer 408,customer408@email.com,Australia,Glasgow,2024-01-15,Corporate
409,Customer 409,customer409@email.com,Australia,Leeds,2023-11-11,Consumer
410,Customer 410,customer410@email.com,Germany,Manchester,2022-11-25,SMB
411,Customer 411,customer411@email.com,France,London,2024-09-04,Consumer
412,Customer 412,customer412@email.com,Germany,Leeds,2024-03-27,Corporate
413,Customer 413,customer413@email.com,USA,Birmingham,2023-08-29,SMB
414,Customer 414,customer414@email.com,USA,Glasgow,2023-08-22,SMB
415,Customer 415,customer415@email.com,Australia,London,2021-03-17,Corporate
416,Customer 416,customer416@email.com,France,Leeds,2021-11-25,Corporate
417,Customer 417,customer417@email.com,UK,London,2024-12-10,Consumer
418,Customer 418,customer418@email.com,USA,Birmingham,2024-05-11,Consumer
419,Customer 419,customer419@email.com,Australia,Manchester,2024-06-06,SMB
420,Customer 420,customer420@email.com,Canada,Leeds,2021-06-01,Corporate
421,Customer 421,customer421@email.com,Australia,London,2021-03-13,Corporate
422,Customer 422,customer422@email.com,USA,London,2021-08-13,Consumer
423,Customer 423,customer423@email.com,USA,London,2022-04-18,Consumer
424,Customer 424,customer424@email.com,Australia,Manchester,2021-12-26,SMB
425,Customer 425,customer425@email.com,UK,London,2022-06-24,Corporate
426,Customer 426,customer426@email.com,Germany,Glasgow,2023-03-22,Corporate
427,Customer 427,customer427@email.com,USA,Glasgow,2022-09-01,Corporate
428,Customer 428,customer428@email.com,Australia,London,2023-12-06,Corporate
429,Customer 429,customer429@email.com,Australia,Glasgow,2021-01-01,Consumer
430,Customer 430,customer430@email.com,France,Leeds,2022-11-09,Consumer
431,Customer 431,customer431@email.com,Germany,Glasgow,2024-06-22,Consumer
432,Customer 432,customer432@email.com,Canada,London,2024-05-27,SMB
433,Customer 433,customer433@email.com,UK,Birmingham,2021-10-18,Corporate
434,Customer 434,customer434@email.com,Canada,Leeds,2025-01-21,Consumer
435,Customer 435,customer435@email.com,Germany,Manchester,2021-07-23,Corporate
436,Customer 436,customer436@email.com,Germany,London,2024-05-10,Consumer
437,Customer 437,customer437@email.com,Germany,Manchester,2022-07-20,SMB
438,Customer 438,customer438@email.com,Canada,Birmingham,2022-04-27,Consumer
439,Customer 439,customer439@email.com,Germany,Manchester,2022-05-26,SMB
440,Customer 440,customer440@email.com,Australia,London,2023-07-13,Corporate
441,Customer 441,customer441@email.com,Canada,London,2021-10-05,Consumer
442,Customer 442,customer442@email.com,Germany,Birmingham,2023-10-02,Consumer
443,Customer 443,customer443@email.com,Australia,London,2021-01-16,Consumer
444,Customer 444,customer444@email.com,France,Birmingham,2021-12-22,Corporate
445,Customer 445,customer445@email.com,Germany,Birmingham,2021-12-22,SMB
446,Customer 446,customer446@email.com,Canada,London,2023-04-10,SMB
447,Customer 447,customer447@email.com,USA,Glasgow,2022-08-22,Consumer
448,Customer 448,customer448@email.com,Germany,Birmingham,2024-01-07,Corporate
449,Customer 449,customer449@email.com,USA,London,2023-07-17,SMB
450,Customer 450,customer450@email.com,Australia,Glasgow,2023-12-27,SMB
451,Customer 451,customer451@email.com,France,Birmingham,2023-05-09,SMB
452,Customer 452,customer452@email.com,UK,Glasgow,2021-08-02,SMB
453,Customer 453,customer453@email.com,France,Leeds,2022-03-25,SMB
454,Customer 454,customer454@email.com,Germany,Leeds,2023-08-23,Consumer
455,Customer 455,customer455@email.com,USA,Glasgow,2024-12-27,Consumer
456,Customer 456,customer456@email.com,USA,Birmingham,2024-02-13,Consumer
457,Customer 457,customer457@email.com,Canada,London,2023-02-26,SMB
458,Customer 458,customer458@email.com,USA,Manchester,2024-12-14,SMB
459,Customer 459,customer459@email.com,Canada,London,2022-05-14,SMB
460,Customer 460,customer460@email.com,Australia,Manchester,2022-12-11,Consumer
461,Customer 461,customer461@email.com,UK,Manchester,2022-01-15,SMB
462,Customer 462,customer462@email.com,Germany,Birmingham,2024-03-12,Consumer
463,Customer 463,customer463@email.com,Canada,Glasgow,2023-01-10,SMB
464,Customer 464,customer464@email.com,UK,London,2022-09-24,Consumer
465,Customer 465,customer465@email.com,USA,Glasgow,2023-11-14,Corporate
466,Customer 466,customer466@email.com,USA,Leeds,2022-06-23,SMB
467,Customer 467,customer467@email.com,UK,Birmingham,2023-08-03,SMB
468,Customer 468,customer468@email.com,USA,Birmingham,2024-01-04,Consumer
469,Customer 469,customer469@email.com,Australia,Leeds,2023-01-23,SMB
470,Customer 470,customer470@email.com,Australia,London,2022-06-19,Consumer
471,Customer 471,customer471@email.com,UK,Leeds,2022-11-04,Consumer
472,Customer 472,customer472@email.com,Canada,London,2023-12-01,Corporate
473,Customer 473,customer473@email.com,Canada,Manchester,2022-07-22,Corporate
474,Customer 474,customer474@email.com,UK,Birmingham,2024-12-07,SMB
475,Customer 475,customer475@email.com,Canada,London,2022-02-19,SMB
476,Customer 476,customer476@email.com,Canada,Glasgow,2022-03-25,Consumer
477,Customer 477,customer477@email.com,Australia,Glasgow,2022-09-02,Consumer
478,Customer 478,customer478@email.com,Canada,Birmingham,2022-10-20,Consumer
479,Customer 479,customer479@email.com,France,Leeds,2022-03-12,Consumer
480,Customer 480,customer480@email.com,Germany,Leeds,2022-12-06,SMB
481,Customer 481,customer481@email.com,USA,London,2021-08-27,Corporate
482,Customer 482,customer482@email.com,France,Leeds,2023-12-02,SMB
483,Customer 483,customer483@email.com,Canada,Birmingham,2023-01-04,SMB
484,Customer 484,customer484@email.com,Australia,London,2023-03-11,SMB
485,Customer 485,customer485@email.com,UK,Manchester,2021-01-10,Corporate
486,Customer 486,customer486@email.com,Canada,Leeds,2023-01-17,SMB
487,Customer 487,customer487@email.com,Australia,Leeds,2024-07-12,Corporate
488,Customer 488,customer488@email.com,Germany,London,2025-01-08,Consumer
489,Customer 489,customer489@email.com,Canada,Glasgow,2021-05-19,SMB
490,Customer 490,customer490@email.com,UK,Leeds,2023-01-01,Consumer
491,Customer 491,customer491@email.com,Australia,Birmingham,2021-07-15,Consumer
492,Customer 492,customer492@email.com,Australia,Leeds,2024-01-03,Consumer
493,Customer 493,customer493@email.com,Australia,Manchester,2024-06-02,SMB
494,Customer 494,customer494@email.com,Germany,Leeds,2024-01-31,Consumer
495,Customer 495,customer495@email.com,Canada,Glasgow,2021-09-21,SMB
496,Customer 496,customer496@email.com,Germany,Leeds,2023-08-03,Consumer
497,Customer 497,customer497@email.com,USA,London,2023-07-09,SMB
498,Customer 498,customer498@email.com,USA,Leeds,2021-06-10,SMB
499,Customer 499,customer499@email.com,Canada,Glasgow,2024-06-10,SMB
500,Customer 500,customer500@email.com,Germany,London,2022-05-06,Consumer
501,Customer 501,customer501@email.com,UK,Birmingham,2023-02-09,SMB
502,Customer 502,customer502@email.com,Australia,London,2021-11-07,Consumer
503,Customer 503,customer503@email.com,Australia,Manchester,2021-08-15,Corporate
504,Customer 504,customer504@email.com,Canada,London,2021-09-30,Consumer
505,Customer 505,customer505@email.com,USA,Birmingham,2023-07-27,Consumer
506,Customer 506,customer506@email.com,USA,Leeds,2021-11-13,SMB
507,Customer 507,customer507@email.com,Australia,London,2024-01-15,Consumer
508,Customer 508,customer508@email.com,Canada,London,2021-10-18,Corporate
509,Customer 509,customer509@email.com,Germany,London,2025-02-01,SMB
510,Customer 510,customer510@email.com,USA,London,2022-12-30,Consumer
511,Customer 511,customer511@email.com,Germany,Birmingham,2024-11-28,Consumer
512,Customer 512,customer512@email.com,USA,Glasgow,2024-12-21,SMB
513,Customer 513,customer513@email.com,USA,Glasgow,2022-01-10,SMB
514,Customer 514,customer514@email.com,France,London,2022-07-21,Consumer
515,Customer 515,customer515@email.com,USA,Birmingham,2023-05-18,Consumer
516,Customer 516,customer516@email.com,UK,Birmingham,2023-01-25,SMB
517,Customer 517,customer517@email.com,Canada,London,2021-09-09,SMB
518,Customer 518,customer518@email.com,Canada,Manchester,2021-11-03,Corporate
519,Customer 519,customer519@email.com,Germany,London,2024-12-24,Corporate
520,Customer 520,customer520@email.com,USA,Manchester,2022-11-06,Corporate
521,Customer 521,customer521@email.com,UK,London,2023-05-18,SMB
522,Customer 522,customer522@email.com,Germany,Manchester,2021-09-21,SMB
523,Customer 523,customer523@email.com,France,Manchester,2021-03-09,SMB
524,Customer 524,customer524@email.com,Germany,London,2024-02-05,Consumer
525,Customer 525,customer525@email.com,Germany,Manchester,2024-11-24,SMB
526,Customer 526,customer526@email.com,USA,Leeds,2024-05-07,Consumer
527,Customer 527,customer527@email.com,France,Glasgow,2024-04-30,SMB
528,Customer 528,customer528@email.com,Germany,Birmingham,2022-05-29,SMB
529,Customer 529,customer529@email.com,UK,Manchester,2023-02-08,Consumer
530,Customer 530,customer530@email.com,UK,Manchester,2022-03-18,SMB
531,Customer 531,customer531@email.com,Canada,Birmingham,2021-01-01,SMB
532,Customer 532,customer532@email.com,France,Manchester,2021-12-24,SMB
533,Customer 533,customer533@email.com,France,Birmingham,2024-02-13,Corporate
534,Customer 534,customer534@email.com,Canada,London,2023-06-22,SMB
535,Customer 535,customer535@email.com,Germany,Leeds,2024-05-05,Consumer
536,Customer 536,customer536@email.com,France,Leeds,2021-10-01,Consumer
537,Customer 537,customer537@email.com,UK,Glasgow,2023-05-06,Consumer
538,Customer 538,customer538@email.com,UK,Manchester,2023-10-15,SMB
539,Customer 539,customer539@email.com,USA,Glasgow,2024-03-29,Consumer
540,Customer 540,customer540@email.com,France,London,2021-06-22,Corporate
541,Customer 541,customer541@email.com,Germany,Leeds,2025-01-21,Consumer
542,Customer 542,customer542@email.com,Canada,London,2022-08-08,SMB
543,Customer 543,customer543@email.com,Canada,London,2024-12-27,Corporate
544,Customer 544,customer544@email.com,Germany,Manchester,2023-07-18,Consumer
545,Customer 545,customer545@email.com,Australia,London,2022-04-26,Corporate
546,Customer 546,customer546@email.com,USA,Leeds,2022-03-31,Consumer
547,Customer 547,customer547@email.com,Canada,Glasgow,2021-07-15,SMB
548,Customer 548,customer548@email.com,France,Leeds,2023-03-07,Corporate
549,Customer 549,customer549@email.com,USA,Manchester,2022-08-22,Consumer
550,Customer 550,customer550@email.com,France,Leeds,2024-08-25,Consumer
551,Customer 551,customer551@email.com,UK,Birmingham,2022-07-10,Corporate
552,Customer 552,customer552@email.com,USA,Glasgow,2023-04-28,Corporate
553,Customer 553,customer553@email.com,Canada,Birmingham,2022-03-15,Corporate
554,Customer 554,customer554@email.com,USA,Birmingham,2022-10-12,Corporate
555,Customer 555,customer555@email.com,USA,Manchester,2021-12-25,Consumer
556,Customer 556,customer556@email.com,USA,London,2023-11-26,Consumer
557,Customer 557,customer557@email.com,Australia,Birmingham,2023-11-24,Consumer
558,Customer 558,customer558@email.com,USA,Leeds,2024-01-17,SMB
559,Customer 559,customer559@email.com,France,London,2022-10-20,Corporate
560,Customer 560,customer560@email.com,UK,Leeds,2021-01-16,Consumer
561,Customer 561,customer561@email.com,Germany,Leeds,2023-01-15,Corporate
562,Customer 562,customer562@email.com,USA,London,2022-02-25,Corporate
563,Customer 563,customer563@email.com,Canada,London,2022-07-07,Consumer
564,Customer 564,customer564@email.com,USA,Leeds,2023-02-06,Corporate
565,Customer 565,customer565@email.com,Canada,Manchester,2023-03-04,Corporate
566,Customer 566,customer566@email.com,France,Glasgow,2024-02-24,Corporate
567,Customer 567,customer567@email.com,Canada,Glasgow,2023-10-29,Corporate
568,Customer 568,customer568@email.com,Germany,Manchester,2025-02-04,Corporate
569,Customer 569,customer569@email.com,UK,London,2025-01-31,Consumer
570,Customer 570,customer570@email.com,Canada,Leeds,2023-05-30,Consumer
571,Customer 571,customer571@email.com,Canada,Glasgow,2023-05-02,Corporate
572,Customer 572,customer572@email.com,UK,Leeds,2022-05-25,Corporate
573,Customer 573,customer573@email.com,Germany,Manchester,2024-11-26,Corporate
574,Customer 574,customer574@email.com,USA,Leeds,2024-04-14,SMB
575,Customer 575,customer575@email.com,Canada,Manchester,2023-08-24,Corporate
576,Customer 576,customer576@email.com,UK,London,2023-07-03,SMB
577,Customer 577,customer577@email.com,France,Manchester,2024-10-22,SMB
578,Customer 578,customer578@email.com,UK,Manchester,2021-01-18,SMB
579,Customer 579,customer579@email.com,France,Glasgow,2021-02-25,Consumer
580,Customer 580,customer580@email.com,Germany,Leeds,2023-07-08,SMB
581,Customer 581,customer581@email.com,USA,Glasgow,2023-11-25,Corporate
582,Customer 582,customer582@email.com,UK,Birmingham,2023-06-21,Corporate
583,Customer 583,customer583@email.com,Australia,Manchester,2022-09-22,Consumer
584,Customer 584,customer584@email.com,Canada,Birmingham,2023-03-05,Consumer
585,Customer 585,customer585@email.com,Germany,Glasgow,2021-12-13,Corporate
586,Customer 586,customer586@email.com,UK,Leeds,2023-11-22,Consumer
587,Customer 587,customer587@email.com,Canada,Glasgow,2023-06-27,Consumer
588,Customer 588,customer588@email.com,UK,Leeds,2023-10-21,SMB
589,Customer 589,customer589@email.com,France,Leeds,2024-03-02,SMB
590,Customer 590,customer590@email.com,UK,London,2022-07-30,Consumer
591,Customer 591,customer591@email.com,Australia,Manchester,2021-07-18,Corporate
592,Customer 592,customer592@email.com,UK,Glasgow,2024-07-03,SMB
593,Customer 593,customer593@email.com,UK,Leeds,2024-09-27,Corporate
594,Customer 594,customer594@email.com,Australia,Glasgow,2024-06-08,Consumer
595,Customer 595,customer595@email.com,Germany,Glasgow,2021-10-28,Corporate
596,Customer 596,customer596@email.com,UK,Leeds,2023-10-14,Corporate
597,Customer 597,customer597@email.com,Australia,Birmingham,2021-01-26,Corporate
598,Customer 598,customer598@email.com,Canada,Manchester,2025-02-06,Corporate
599,Customer 599,customer599@email.com,France,Manchester,2024-11-11,Consumer
600,Customer 600,customer600@email.com,France,London,2024-08-01,Consumer
601,Customer 601,customer601@email.com,UK,London,2022-03-26,SMB
602,Customer 602,customer602@email.com,Germany,London,2021-11-16,SMB
603,Customer 603,customer603@email.com,Germany,Manchester,2021-06-05,SMB
604,Customer 604,customer604@email.com,Canada,Birmingham,2022-04-16,SMB
605,Customer 605,customer605@email.com,UK,Manchester,2022-02-24,Corporate
606,Customer 606,customer606@email.com,France,Manchester,2024-02-11,SMB
607,Customer 607,customer607@email.com,Germany,Manchester,2022-10-13,SMB
608,Customer 608,customer608@email.com,UK,Manchester,2024-12-16,Corporate
609,Customer 609,customer609@email.com,Germany,Birmingham,2023-06-05,Consumer
610,Customer 610,customer610@email.com,Australia,London,2023-07-19,SMB
611,Customer 611,customer611@email.com,Germany,Glasgow,2023-04-15,Consumer
612,Customer 612,customer612@email.com,France,London,2023-05-26,SMB
613,Customer 613,customer613@email.com,USA,London,2023-07-31,Consumer
614,Customer 614,customer614@email.com,Canada,Glasgow,2023-09-21,SMB
615,Customer 615,customer615@email.com,Canada,Manchester,2024-08-01,Consumer
616,Customer 616,customer616@email.com,France,Birmingham,2022-07-26,Consumer
617,Customer 617,customer617@email.com,Germany,Birmingham,2021-02-23,SMB
618,Customer 618,customer618@email.com,UK,London,2022-08-28,Consumer
619,Customer 619,customer619@email.com,Germany,Glasgow,2021-11-21,SMB
620,Customer 620,customer620@email.com,France,Leeds,2023-08-28,SMB
621,Customer 621,customer621@email.com,Canada,Manchester,2025-01-21,Corporate
622,Customer 622,customer622@email.com,Germany,London,2023-06-04,SMB
623,Customer 623,customer623@email.com,Canada,Birmingham,2021-09-22,SMB
624,Customer 624,customer624@email.com,UK,Glasgow,2022-01-17,SMB
625,Customer 625,customer625@email.com,Canada,Glasgow,2024-05-21,SMB
626,Customer 626,customer626@email.com,Canada,London,2021-11-29,Corporate
627,Customer 627,customer627@email.com,USA,Leeds,2023-10-31,Corporate
628,Customer 628,customer628@email.com,USA,Birmingham,2024-10-13,Corporate
629,Customer 629,customer629@email.com,Australia,London,2021-07-22,Corporate
630,Customer 630,customer630@email.com,USA,Leeds,2021-02-27,Consumer
631,Customer 631,customer631@email.com,Canada,Glasgow,2024-05-31,SMB
632,Customer 632,customer632@email.com,France,Manchester,2024-10-24,Corporate
633,Customer 633,customer633@email.com,Canada,Birmingham,2024-12-12,SMB
634,Customer 634,customer634@email.com,France,Birmingham,2022-07-01,Corporate
635,Customer 635,customer635@email.com,France,Leeds,2023-05-21,SMB
636,Customer 636,customer636@email.com,USA,London,2021-04-13,Consumer
637,Customer 637,customer637@email.com,Germany,Glasgow,2024-03-30,Corporate
638,Customer 638,customer638@email.com,UK,Leeds,2024-05-08,Consumer
639,Customer 639,customer639@email.com,USA,Manchester,2024-03-29,Consumer
640,Customer 640,customer640@email.com,USA,Manchester,2023-05-15,SMB
641,Customer 641,customer641@email.com,Germany,Manchester,2024-03-05,Corporate
642,Customer 642,customer642@email.com,UK,Leeds,2022-02-02,Consumer
643,Customer 643,customer643@email.com,Canada,Glasgow,2022-01-27,SMB
644,Customer 644,customer644@email.com,Australia,Birmingham,2021-04-16,SMB
645,Customer 645,customer645@email.com,Australia,London,2023-12-14,SMB
646,Customer 646,customer646@email.com,Canada,Birmingham,2024-07-24,Consumer
647,Customer 647,customer647@email.com,USA,Glasgow,2021-04-21,SMB
648,Customer 648,customer648@email.com,UK,Birmingham,2021-08-12,SMB
649,Customer 649,customer649@email.com,USA,Leeds,2021-03-16,SMB
650,Customer 650,customer650@email.com,France,Manchester,2022-05-21,Consumer
651,Customer 651,customer651@email.com,USA,Glasgow,2023-11-04,SMB
652,Customer 652,customer652@email.com,USA,Glasgow,2023-02-09,Consumer
653,Customer 653,customer653@email.com,Canada,Birmingham,2022-04-27,SMB
654,Customer 654,customer654@email.com,Canada,Leeds,2024-04-27,Consumer
655,Customer 655,customer655@email.com,Canada,Birmingham,2021-12-30,Consumer
656,Customer 656,customer656@email.com,Australia,Birmingham,2021-08-27,Corporate
657,Customer 657,customer657@email.com,France,Glasgow,2024-11-25,Corporate
658,Customer 658,customer658@email.com,Canada,Birmingham,2023-04-26,Corporate
659,Customer 659,customer659@email.com,UK,Manchester,2023-09-12,Consumer
660,Customer 660,customer660@email.com,Australia,Birmingham,2024-08-20,SMB
661,Customer 661,customer661@email.com,Germany,Manchester,2024-01-20,SMB
662,Customer 662,customer662@email.com,UK,Glasgow,2022-01-27,Consumer
663,Customer 663,customer663@email.com,UK,Leeds,2024-04-22,SMB
664,Customer 664,customer664@email.com,Canada,Manchester,2023-11-07,Consumer
665,Customer 665,customer665@email.com,Germany,Leeds,2023-08-23,SMB
666,Customer 666,customer666@email.com,Germany,Leeds,2021-01-12,Consumer
667,Customer 667,customer667@email.com,Australia,Manchester,2024-04-04,Corporate
668,Customer 668,customer668@email.com,Germany,Glasgow,2021-05-26,Corporate
669,Customer 669,customer669@email.com,France,London,2024-07-29,SMB
670,Customer 670,customer670@email.com,Canada,Leeds,2021-06-18,SMB
671,Customer 671,customer671@email.com,Germany,Leeds,2023-04-27,SMB
672,Customer 672,customer672@email.com,Australia,Glasgow,2021-06-19,SMB
673,Customer 673,customer673@email.com,France,Glasgow,2023-02-04,Corporate
674,Customer 674,customer674@email.com,USA,Birmingham,2024-10-01,Corporate
675,Customer 675,customer675@email.com,USA,Glasgow,2022-05-14,Consumer
676,Customer 676,customer676@email.com,France,Leeds,2025-01-23,SMB
677,Customer 677,customer677@email.com,Australia,Manchester,2024-08-13,Corporate
678,Customer 678,customer678@email.com,France,London,2024-03-11,Consumer
679,Customer 679,customer679@email.com,Canada,Birmingham,2023-06-16,Consumer
680,Customer 680,customer680@email.com,Canada,Manchester,2023-12-13,Consumer
681,Customer 681,customer681@email.com,USA,London,2021-04-28,Corporate
682,Customer 682,customer682@email.com,Germany,London,2021-12-31,Consumer
683,Customer 683,customer683@email.com,Australia,London,2021-05-16,SMB
684,Customer 684,customer684@email.com,USA,Manchester,2024-12-08,Consumer
685,Customer 685,customer685@email.com,Germany,Birmingham,2024-01-06,Consumer
686,Customer 686,customer686@email.com,Germany,Birmingham,2022-07-11,Corporate
687,Customer 687,customer687@email.com,Canada,London,2021-01-18,Consumer
688,Customer 688,customer688@email.com,UK,Manchester,2022-02-07,Corporate
689,Customer 689,customer689@email.com,UK,London,2021-07-24,Corporate
690,Customer 690,customer690@email.com,France,Glasgow,2022-05-14,SMB
691,Customer 691,customer691@email.com,Canada,Birmingham,2021-11-20,Consumer
692,Customer 692,customer692@email.com,Germany,Leeds,2022-08-18,SMB
693,Customer 693,customer693@email.com,Australia,London,2022-07-16,SMB
694,Customer 694,customer694@email.com,UK,Glasgow,2024-07-28,Consumer
695,Customer 695,customer695@email.com,Germany,Birmingham,2024-04-04,Consumer
696,Customer 696,customer696@email.com,UK,Manchester,2024-06-20,Corporate
697,Customer 697,customer697@email.com,UK,Birmingham,2022-04-24,Consumer
698,Customer 698,customer698@email.com,UK,Manchester,2021-06-13,Corporate
699,Customer 699,customer699@email.com,Australia,Manchester,2021-11-20,SMB
700,Customer 700,customer700@email.com,Canada,London,2022-07-05,SMB
701,Customer 701,customer701@email.com,Australia,London,2023-04-11,Corporate
702,Customer 702,customer702@email.com,USA,Birmingham,2022-10-02,Consumer
703,Customer 703,customer703@email.com,Germany,Glasgow,2022-09-26,Consumer
704,Customer 704,customer704@email.com,Canada,Birmingham,2023-01-29,Corporate
705,Customer 705,customer705@email.com,Canada,Leeds,2021-07-27,SMB
706,Customer 706,customer706@email.com,Canada,Manchester,2021-11-11,Corporate
707,Customer 707,customer707@email.com,Canada,Manchester,2021-10-31,Consumer
708,Customer 708,customer708@email.com,Australia,London,2023-06-20,Consumer
709,Customer 709,customer709@email.com,Canada,Glasgow,2021-08-27,Corporate
710,Customer 710,customer710@email.com,France,London,2023-03-15,Consumer
711,Customer 711,customer711@email.com,Germany,Leeds,2024-06-01,SMB
712,Customer 712,customer712@email.com,Canada,Birmingham,2024-01-17,Corporate
713,Customer 713,customer713@email.com,Germany,Birmingham,2024-12-23,SMB
714,Customer 714,customer714@email.com,France,Glasgow,2024-05-28,SMB
715,Customer 715,customer715@email.com,France,London,2021-10-02,Corporate
716,Customer 716,customer716@email.com,Germany,London,2023-08-12,Corporate
717,Customer 717,customer717@email.com,UK,Leeds,2023-12-26,Consumer
718,Customer 718,customer718@email.com,USA,Birmingham,2024-12-17,Consumer
719,Customer 719,customer719@email.com,UK,London,2021-09-12,Corporate
720,Customer 720,customer720@email.com,UK,Glasgow,2021-05-05,Corporate
721,Customer 721,customer721@email.com,Australia,Birmingham,2024-03-15,Consumer
722,Customer 722,customer722@email.com,UK,Leeds,2022-09-07,Consumer
723,Customer 723,customer723@email.com,Canada,Glasgow,2022-01-20,Consumer
724,Customer 724,customer724@email.com,Australia,Manchester,2022-03-23,Corporate
725,Customer 725,customer725@email.com,Australia,Leeds,2022-01-22,Corporate
726,Customer 726,customer726@email.com,France,Glasgow,2022-01-18,Consumer
727,Customer 727,customer727@email.com,UK,London,2024-07-24,SMB
728,Customer 728,customer728@email.com,France,Manchester,2024-11-06,SMB
729,Customer 729,customer729@email.com,Germany,Leeds,2021-05-04,Consumer
730,Customer 730,customer730@email.com,USA,London,2024-07-14,Corporate
731,Customer 731,customer731@email.com,Australia,Manchester,2024-02-09,Corporate
732,Customer 732,customer732@email.com,Germany,Birmingham,2024-11-05,SMB
733,Customer 733,customer733@email.com,Germany,London,2024-03-27,Consumer
734,Customer 734,customer734@email.com,Canada,Glasgow,2022-12-29,SMB
735,Customer 735,customer735@email.com,USA,Leeds,2023-06-15,SMB
736,Customer 736,customer736@email.com,Germany,Manchester,2024-02-16,Consumer
737,Customer 737,customer737@email.com,Germany,London,2021-11-24,SMB
738,Customer 738,customer738@email.com,USA,Birmingham,2022-11-25,Corporate
739,Customer 739,customer739@email.com,USA,Leeds,2023-12-28,SMB
740,Customer 740,customer740@email.com,Germany,Leeds,2024-12-28,Consumer
741,Customer 741,customer741@email.com,USA,London,2021-12-25,Corporate
742,Customer 742,customer742@email.com,Germany,Birmingham,2023-09-30,Corporate
743,Customer 743,customer743@email.com,Germany,Manchester,2023-03-08,SMB
744,Customer 744,customer744@email.com,Canada,London,2022-03-19,Corporate
745,Customer 745,customer745@email.com,UK,Manchester,2021-06-13,Consumer
746,Customer 746,customer746@email.com,Germany,Leeds,2023-08-31,SMB
747,Customer 747,customer747@email.com,France,Manchester,2021-12-27,Corporate
748,Customer 748,customer748@email.com,Australia,Birmingham,2022-08-08,Consumer
749,Customer 749,customer749@email.com,UK,Glasgow,2024-02-17,SMB
750,Customer 750,customer750@email.com,UK,Birmingham,2023-05-03,Consumer
751,Customer 751,customer751@email.com,UK,Manchester,2023-10-08,Corporate
752,Customer 752,customer752@email.com,Canada,London,2024-05-03,SMB
753,Customer 753,customer753@email.com,Germany,Leeds,2023-10-21,SMB
754,Customer 754,customer754@email.com,Canada,Glasgow,2021-08-29,Corporate
755,Customer 755,customer755@email.com,Germany,London,2022-10-28,Consumer
756,Customer 756,customer756@email.com,Canada,London,2022-07-19,Corporate
757,Customer 757,customer757@email.com,Canada,Birmingham,2024-03-11,SMB
758,Customer 758,customer758@email.com,Australia,Manchester,2023-04-12,SMB
759,Customer 759,customer759@email.com,France,Birmingham,2023-09-03,Corporate
760,Customer 760,customer760@email.com,Canada,Manchester,2021-01-31,Consumer
761,Customer 761,customer761@email.com,Australia,Birmingham,2021-08-11,Corporate
762,Customer 762,customer762@email.com,USA,London,2021-09-23,Consumer
763,Customer 763,customer763@email.com,France,Leeds,2024-07-29,Consumer
764,Customer 764,customer764@email.com,Canada,Manchester,2023-02-27,SMB
765,Customer 765,customer765@email.com,UK,Glasgow,2022-01-16,Consumer
766,Customer 766,customer766@email.com,USA,Glasgow,2022-07-10,SMB
767,Customer 767,customer767@email.com,USA,London,2021-03-03,Consumer
768,Customer 768,customer768@email.com,Australia,Birmingham,2022-12-14,Consumer
769,Customer 769,customer769@email.com,USA,Birmingham,2023-04-27,SMB
770,Customer 770,customer770@email.com,France,London,2022-06-05,Consumer
771,Customer 771,customer771@email.com,Canada,Glasgow,2023-12-31,Corporate
772,Customer 772,customer772@email.com,Canada,Glasgow,2022-08-25,Consumer
773,Customer 773,customer773@email.com,UK,Birmingham,2021-05-20,SMB
774,Customer 774,customer774@email.com,Australia,Manchester,2024-09-01,SMB
775,Customer 775,customer775@email.com,UK,Leeds,2024-09-25,Corporate
776,Customer 776,customer776@email.com,USA,Manchester,2022-08-13,Consumer
777,Customer 777,customer777@email.com,UK,Glasgow,2022-06-12,Corporate
778,Customer 778,customer778@email.com,France,Manchester,2022-06-25,Consumer
779,Customer 779,customer779@email.com,Canada,Leeds,2024-12-10,Corporate
780,Customer 780,customer780@email.com,USA,Manchester,2025-01-30,SMB
781,Customer 781,customer781@email.com,UK,Manchester,2022-01-10,SMB
782,Customer 782,customer782@email.com,Australia,Manchester,2021-10-18,Corporate
783,Customer 783,customer783@email.com,France,Manchester,2021-02-12,Consumer
784,Customer 784,customer784@email.com,France,London,2023-12-13,Consumer
785,Customer 785,customer785@email.com,UK,Glasgow,2024-06-09,SMB
786,Customer 786,customer786@email.com,Canada,Leeds,2024-05-20,Consumer
787,Customer 787,customer787@email.com,UK,Glasgow,2021-01-08,Corporate
788,Customer 788,customer788@email.com,USA,London,2022-04-28,Corporate
789,Customer 789,customer789@email.com,UK,London,2021-02-11,Consumer
790,Customer 790,customer790@email.com,France,London,2021-11-29,SMB
791,Customer 791,customer791@email.com,UK,London,2024-06-10,SMB
792,Customer 792,customer792@email.com,Canada,Manchester,2023-12-30,SMB
793,Customer 793,customer793@email.com,Australia,Glasgow,2023-11-06,SMB
794,Customer 794,customer794@email.com,Germany,Birmingham,2021-03-10,SMB
795,Customer 795,customer795@email.com,UK,Leeds,2021-02-22,Corporate
796,Customer 796,customer796@email.com,Canada,London,2022-11-16,Consumer
797,Customer 797,customer797@email.com,Canada,Glasgow,2023-09-21,Corporate
798,Customer 798,customer798@email.com,Australia,London,2024-11-03,SMB
799,Customer 799,customer799@email.com,France,London,2025-01-26,SMB
800,Customer 800,customer800@email.com,Canada,London,2022-06-11,Consumer
801,Customer 801,customer801@email.com,Canada,London,2021-03-04,Consumer
802,Customer 802,customer802@email.com,Canada,London,2021-09-18,Consumer
803,Customer 803,customer803@email.com,Canada,Leeds,2024-02-19,Corporate
804,Customer 804,customer804@email.com,USA,Glasgow,2023-05-08,Consumer
805,Customer 805,customer805@email.com,USA,London,2024-06-17,Corporate
806,Customer 806,customer806@email.com,France,London,2025-01-28,SMB
807,Customer 807,customer807@email.com,UK,London,2024-02-05,Corporate
808,Customer 808,customer808@email.com,Canada,London,2021-06-29,Consumer
809,Customer 809,customer809@email.com,Australia,Manchester,2023-11-06,Corporate
810,Customer 810,customer810@email.com,UK,Manchester,2021-12-21,Corporate
811,Customer 811,customer811@email.com,Australia,Birmingham,2023-07-23,Corporate
812,Customer 812,customer812@email.com,UK,London,2024-08-25,Consumer
813,Customer 813,customer813@email.com,France,Birmingham,2022-12-28,Corporate
814,Customer 814,customer814@email.com,Canada,Leeds,2022-08-12,Consumer
815,Customer 815,customer815@email.com,Canada,Birmingham,2022-08-28,Corporate
816,Customer 816,customer816@email.com,Germany,Glasgow,2021-06-30,Corporate
817,Customer 817,customer817@email.com,Australia,Manchester,2021-06-23,Corporate
818,Customer 818,customer818@email.com,UK,Manchester,2021-12-20,Consumer
819,Customer 819,customer819@email.com,UK,London,2021-12-20,Consumer
820,Customer 820,customer820@email.com,USA,London,2024-05-27,Consumer
821,Customer 821,customer821@email.com,Germany,Leeds,2024-08-31,SMB
822,Customer 822,customer822@email.com,USA,Leeds,2022-03-10,Consumer
823,Customer 823,customer823@email.com,USA,Glasgow,2023-06-24,Corporate
824,Customer 824,customer824@email.com,USA,London,2021-10-09,SMB
825,Customer 825,customer825@email.com,Australia,London,2021-09-16,Consumer
826,Customer 826,customer826@email.com,Australia,Leeds,2023-05-18,Consumer
827,Customer 827,customer827@email.com,France,Leeds,2022-07-13,SMB
828,Customer 828,customer828@email.com,France,Leeds,2021-01-05,SMB
829,Customer 829,customer829@email.com,USA,Manchester,2022-08-19,Consumer
830,Customer 830,customer830@email.com,Germany,Birmingham,2022-01-29,SMB
831,Customer 831,customer831@email.com,UK,Birmingham,2021-12-02,Corporate
832,Customer 832,customer832@email.com,Australia,London,2021-03-04,Corporate
833,Customer 833,customer833@email.com,Germany,Manchester,2021-02-13,Corporate
834,Customer 834,customer834@email.com,Canada,Leeds,2021-06-02,Consumer
835,Customer 835,customer835@email.com,Australia,London,2023-05-04,Corporate
836,Customer 836,customer836@email.com,Australia,Manchester,2024-03-25,SMB
837,Customer 837,customer837@email.com,France,Glasgow,2021-10-02,Corporate
838,Customer 838,customer838@email.com,UK,Manchester,2024-10-13,SMB
839,Customer 839,customer839@email.com,UK,London,2022-03-02,Corporate
840,Customer 840,customer840@email.com,Canada,Birmingham,2022-04-28,SMB
841,Customer 841,customer841@email.com,Canada,Leeds,2021-08-02,Corporate
842,Customer 842,customer842@email.com,Australia,Glasgow,2021-03-20,Corporate
843,Customer 843,customer843@email.com,USA,Manchester,2021-05-19,Corporate
844,Customer 844,customer844@email.com,France,London,2023-08-08,SMB
845,Customer 845,customer845@email.com,France,London,2021-04-08,SMB
846,Customer 846,customer846@email.com,Australia,Leeds,2022-10-26,Corporate
847,Customer 847,customer847@email.com,Germany,London,2021-07-17,SMB
848,Customer 848,customer848@email.com,USA,London,2023-02-24,SMB
849,Customer 849,customer849@email.com,Australia,Leeds,2021-06-05,Consumer
850,Customer 850,customer850@email.com,USA,Glasgow,2023-12-10,Corporate
851,Customer 851,customer851@email.com,USA,Birmingham,2022-04-24,SMB
852,Customer 852,customer852@email.com,USA,Birmingham,2021-08-16,SMB
853,Customer 853,customer853@email.com,Australia,Manchester,2025-01-20,SMB
854,Customer 854,customer854@email.com,France,Glasgow,2022-06-06,SMB
855,Customer 855,customer855@email.com,France,Manchester,2021-05-29,Consumer
856,Customer 856,customer856@email.com,USA,Birmingham,2023-12-18,SMB
857,Customer 857,customer857@email.com,Germany,Leeds,2021-06-11,SMB
858,Customer 858,customer858@email.com,UK,London,2023-05-13,Consumer
859,Customer 859,customer859@email.com,Australia,Birmingham,2024-02-05,Corporate
860,Customer 860,customer860@email.com,UK,Glasgow,2024-12-21,Corporate
861,Customer 861,customer861@email.com,Germany,Birmingham,2022-01-30,Consumer
862,Customer 862,customer862@email.com,Australia,Glasgow,2023-03-12,Corporate
863,Customer 863,customer863@email.com,USA,Glasgow,2021-07-05,Corporate
864,Customer 864,customer864@email.com,France,Glasgow,2022-07-12,Consumer
865,Customer 865,customer865@email.com,UK,Manchester,2022-03-22,SMB
866,Customer 866,customer866@email.com,Canada,Leeds,2023-04-10,Consumer
867,Customer 867,customer867@email.com,Canada,Birmingham,2025-01-11,Consumer
868,Customer 868,customer868@email.com,Germany,Leeds,2021-03-28,Consumer
869,Customer 869,customer869@email.com,USA,London,2024-06-26,Consumer
870,Customer 870,customer870@email.com,UK,Birmingham,2025-01-03,Consumer
871,Customer 871,customer871@email.com,USA,Leeds,2024-07-04,SMB
872,Customer 872,customer872@email.com,UK,Leeds,2024-07-24,Corporate
873,Customer 873,customer873@email.com,Germany,London,2022-03-14,Consumer
874,Customer 874,customer874@email.com,Germany,Glasgow,2022-05-31,SMB
875,Customer 875,customer875@email.com,Canada,Birmingham,2023-08-05,Consumer
876,Customer 876,customer876@email.com,USA,Birmingham,2024-05-10,SMB
877,Customer 877,customer877@email.com,Australia,London,2023-01-26,Corporate
878,Customer 878,customer878@email.com,Canada,Glasgow,2023-03-08,SMB
879,Customer 879,customer879@email.com,USA,Birmingham,2024-04-18,SMB
880,Customer 880,customer880@email.com,Canada,Birmingham,2022-11-17,Corporate
881,Customer 881,customer881@email.com,Australia,Birmingham,2021-11-21,Corporate
882,Customer 882,customer882@email.com,France,Glasgow,2022-09-15,SMB
883,Customer 883,customer883@email.com,France,London,2022-11-18,Consumer
884,Customer 884,customer884@email.com,France,Birmingham,2025-02-07,Consumer
885,Customer 885,customer885@email.com,France,Leeds,2022-02-04,Corporate
886,Customer 886,customer886@email.com,UK,Glasgow,2023-05-18,Consumer
887,Customer 887,customer887@email.com,France,Manchester,2021-08-05,Corporate
888,Customer 888,customer888@email.com,Australia,London,2023-03-20,SMB
889,Customer 889,customer889@email.com,Germany,Leeds,2023-08-19,SMB
890,Customer 890,customer890@email.com,Germany,Birmingham,2025-01-16,Consumer
891,Customer 891,customer891@email.com,UK,Manchester,2023-09-28,Corporate
892,Customer 892,customer892@email.com,France,London,2024-11-28,Consumer
893,Customer 893,customer893@email.com,France,Glasgow,2023-07-21,Consumer
894,Customer 894,customer894@email.com,France,Manchester,2021-08-28,SMB
895,Customer 895,customer895@email.com,Canada,Manchester,2024-04-24,Consumer
896,Customer 896,customer896@email.com,USA,Leeds,2021-02-17,SMB
897,Customer 897,customer897@email.com,Canada,London,2024-11-10,Corporate
898,Customer 898,customer898@email.com,USA,Leeds,2024-05-16,Consumer
899,Customer 899,customer899@email.com,France,Leeds,2024-03-26,SMB
900,Customer 900,customer900@email.com,France,Birmingham,2024-06-02,Consumer
901,Customer 901,customer901@email.com,Canada,Glasgow,2024-03-13,Corporate
902,Customer 902,customer902@email.com,Canada,Manchester,2024-12-13,Consumer
903,Customer 903,customer903@email.com,USA,London,2024-02-09,Consumer
904,Customer 904,customer904@email.com,Germany,Glasgow,2023-05-25,SMB
905,Customer 905,customer905@email.com,USA,Glasgow,2025-01-28,Corporate
906,Customer 906,customer906@email.com,Canada,London,2021-05-12,Corporate
907,Customer 907,customer907@email.com,Australia,Glasgow,2022-09-17,Corporate
908,Customer 908,customer908@email.com,Canada,Birmingham,2022-08-24,Consumer
909,Customer 909,customer909@email.com,Australia,Glasgow,2022-11-04,SMB
910,Customer 910,customer910@email.com,UK,Birmingham,2021-11-30,Consumer
911,Customer 911,customer911@email.com,Canada,Manchester,2024-01-04,Consumer
912,Customer 912,customer912@email.com,UK,Manchester,2024-12-06,Consumer
913,Customer 913,customer913@email.com,Germany,Leeds,2021-02-05,Corporate
914,Customer 914,customer914@email.com,USA,Birmingham,2023-02-17,SMB
915,Customer 915,customer915@email.com,Australia,Manchester,2021-08-11,Corporate
916,Customer 916,customer916@email.com,USA,Glasgow,2022-06-14,Consumer
917,Customer 917,customer917@email.com,UK,London,2021-08-29,Consumer
918,Customer 918,customer918@email.com,Australia,London,2021-05-14,SMB
919,Customer 919,customer919@email.com,USA,Birmingham,2022-01-26,Corporate
920,Customer 920,customer920@email.com,Canada,Leeds,2021-04-12,Consumer
921,Customer 921,customer921@email.com,France,Glasgow,2022-11-12,Consumer
922,Customer 922,customer922@email.com,UK,Birmingham,2022-05-13,SMB
923,Customer 923,customer923@email.com,USA,London,2022-05-26,Consumer
924,Customer 924,customer924@email.com,UK,Birmingham,2022-12-04,Corporate
925,Customer 925,customer925@email.com,UK,Glasgow,2023-09-21,Corporate
926,Customer 926,customer926@email.com,Australia,Manchester,2023-08-07,Consumer
927,Customer 927,customer927@email.com,Australia,Glasgow,2024-09-28,Consumer
928,Customer 928,customer928@email.com,France,Manchester,2023-04-21,Consumer
929,Customer 929,customer929@email.com,Canada,Manchester,2021-01-06,SMB
930,Customer 930,customer930@email.com,UK,Manchester,2023-08-16,SMB
931,Customer 931,customer931@email.com,USA,Birmingham,2021-07-13,Corporate
932,Customer 932,customer932@email.com,Germany,London,2023-01-12,Corporate
933,Customer 933,customer933@email.com,UK,Birmingham,2024-03-06,Consumer
934,Customer 934,customer934@email.com,UK,London,2023-07-01,Consumer
935,Customer 935,customer935@email.com,France,Glasgow,2022-04-18,Consumer
936,Customer 936,customer936@email.com,Canada,Leeds,2021-08-04,SMB
937,Customer 937,customer937@email.com,Germany,Glasgow,2024-10-04,SMB
938,Customer 938,customer938@email.com,Australia,Birmingham,2023-05-26,Consumer
939,Customer 939,customer939@email.com,Australia,Birmingham,2024-04-21,Consumer
940,Customer 940,customer940@email.com,USA,London,2024-04-06,Corporate
941,Customer 941,customer941@email.com,Germany,Birmingham,2021-02-07,SMB
942,Customer 942,customer942@email.com,Australia,Manchester,2022-04-16,Consumer
943,Customer 943,customer943@email.com,USA,Birmingham,2022-03-28,SMB
944,Customer 944,customer944@email.com,Canada,London,2024-03-11,Consumer
945,Customer 945,customer945@email.com,USA,London,2023-10-10,Consumer
946,Customer 946,customer946@email.com,Australia,Manchester,2021-04-13,Corporate
947,Customer 947,customer947@email.com,France,London,2021-02-11,Corporate
948,Customer 948,customer948@email.com,France,Leeds,2023-08-05,Corporate
949,Customer 949,customer949@email.com,France,Glasgow,2024-03-16,Consumer
950,Customer 950,customer950@email.com,Australia,Birmingham,2021-03-07,Corporate
951,Customer 951,customer951@email.com,France,Leeds,2023-08-01,Consumer
952,Customer 952,customer952@email.com,Germany,Birmingham,2021-07-12,SMB
953,Customer 953,customer953@email.com,Canada,Leeds,2024-08-14,SMB
954,Customer 954,customer954@email.com,USA,Birmingham,2023-11-28,Consumer
955,Customer 955,customer955@email.com,USA,Manchester,2022-05-17,Corporate
956,Customer 956,customer956@email.com,Australia,London,2024-12-22,Corporate
957,Customer 957,customer957@email.com,France,London,2022-10-26,SMB
958,Customer 958,customer958@email.com,France,Manchester,2021-12-18,Consumer
959,Customer 959,customer959@email.com,UK,Leeds,2021-11-22,Consumer
960,Customer 960,customer960@email.com,Canada,Glasgow,2023-11-28,Consumer
961,Customer 961,customer961@email.com,Germany,Leeds,2024-01-26,SMB
962,Customer 962,customer962@email.com,USA,London,2021-04-18,SMB
963,Customer 963,customer963@email.com,UK,Glasgow,2022-09-23,Corporate
964,Customer 964,customer964@email.com,UK,Birmingham,2021-05-31,Consumer
965,Customer 965,customer965@email.com,Australia,Glasgow,2024-01-03,Consumer
966,Customer 966,customer966@email.com,USA,Leeds,2023-12-17,Consumer
967,Customer 967,customer967@email.com,Australia,Manchester,2023-05-28,Consumer
968,Customer 968,customer968@email.com,Germany,Birmingham,2021-12-01,SMB
969,Customer 969,customer969@email.com,UK,Leeds,2024-06-29,Corporate
970,Customer 970,customer970@email.com,UK,Birmingham,2023-03-15,SMB
971,Customer 971,customer971@email.com,Canada,Glasgow,2023-02-06,Corporate
972,Customer 972,customer972@email.com,Germany,London,2024-07-01,Consumer
973,Customer 973,customer973@email.com,UK,Leeds,2024-11-09,Consumer
974,Customer 974,customer974@email.com,Germany,Manchester,2025-01-19,Consumer
975,Customer 975,customer975@email.com,USA,Glasgow,2021-09-16,Consumer
976,Customer 976,customer976@email.com,France,Leeds,2023-02-21,Consumer
977,Customer 977,customer977@email.com,UK,Manchester,2025-01-28,SMB
978,Customer 978,customer978@email.com,Canada,Leeds,2021-02-03,Corporate
979,Customer 979,customer979@email.com,USA,Glasgow,2021-11-22,SMB
980,Customer 980,customer980@email.com,Germany,Leeds,2023-04-17,Consumer
981,Customer 981,customer981@email.com,Australia,Birmingham,2024-06-15,Corporate
982,Customer 982,customer982@email.com,USA,Glasgow,2022-11-22,Corporate
983,Customer 983,customer983@email.com,UK,Leeds,2023-01-09,Consumer
984,Customer 984,customer984@email.com,Germany,London,2025-01-29,Corporate
985,Customer 985,customer985@email.com,France,Leeds,2023-01-14,SMB
986,Customer 986,customer986@email.com,USA,Birmingham,2024-08-20,SMB
987,Customer 987,customer987@email.com,UK,Manchester,2023-04-27,SMB
988,Customer 988,customer988@email.com,Canada,Manchester,2021-04-27,SMB
989,Customer 989,customer989@email.com,Australia,Manchester,2024-05-15,Corporate
990,Customer 990,customer990@email.com,Germany,London,2022-10-12,SMB
991,Customer 991,customer991@email.com,USA,Birmingham,2022-02-07,Corporate
992,Customer 992,customer992@email.com,USA,Glasgow,2023-09-24,Consumer
993,Customer 993,customer993@email.com,France,Manchester,2021-08-21,SMB
994,Customer 994,customer994@email.com,France,Birmingham,2023-07-18,Consumer
995,Customer 995,customer995@email.com,Canada,Leeds,2024-07-31,SMB
996,Customer 996,customer996@email.com,Australia,London,2022-04-25,Consumer
997,Customer 997,customer997@email.com,Canada,Birmingham,2023-09-03,Consumer
998,Customer 998,customer998@email.com,UK,Birmingham,2021-01-09,Consumer
999,Customer 999,customer999@email.com,UK,Glasgow,2022-12-16,Consumer
1000,Customer 1000,customer1000@email.com,Canada,Birmingham,2022-01-14,Consumer
1001,Customer 1001,customer1001@email.com,Australia,Glasgow,2022-01-16,Corporate
1002,Customer 1002,customer1002@email.com,Canada,London,2023-04-24,Corporate
1003,Customer 1003,customer1003@email.com,Australia,London,2021-12-26,SMB
1004,Customer 1004,customer1004@email.com,Australia,Leeds,2021-06-25,Corporate
1005,Customer 1005,customer1005@email.com,Germany,Glasgow,2022-04-30,Consumer
1006,Customer 1006,customer1006@email.com,Australia,Glasgow,2024-11-29,Corporate
1007,Customer 1007,customer1007@email.com,France,Manchester,2021-02-02,Corporate
1008,Customer 1008,customer1008@email.com,Australia,Manchester,2025-01-28,Consumer
1009,Customer 1009,customer1009@email.com,Australia,Leeds,2022-11-27,Corporate
1010,Customer 1010,customer1010@email.com,Australia,London,2021-06-06,Consumer
1011,Customer 1011,customer1011@email.com,UK,Manchester,2022-07-19,Corporate
1012,Customer 1012,customer1012@email.com,France,Birmingham,2021-07-21,Consumer
1013,Customer 1013,customer1013@email.com,France,London,2024-04-13,SMB
1014,Customer 1014,customer1014@email.com,Canada,Birmingham,2024-06-21,Corporate
1015,Customer 1015,customer1015@email.com,Germany,Glasgow,2024-07-16,SMB
1016,Customer 1016,customer1016@email.com,Australia,London,2023-07-12,Consumer
1017,Customer 1017,customer1017@email.com,USA,Leeds,2025-01-09,Consumer
1018,Customer 1018,customer1018@email.com,Germany,Glasgow,2021-03-15,SMB
1019,Customer 1019,customer1019@email.com,Germany,Glasgow,2021-04-06,Consumer
1020,Customer 1020,customer1020@email.com,France,Birmingham,2021-06-22,Consumer
1021,Customer 1021,customer1021@email.com,Germany,Glasgow,2024-11-30,Consumer
1022,Customer 1022,customer1022@email.com,Australia,Manchester,2021-06-04,Consumer
1023,Customer 1023,customer1023@email.com,Australia,London,2024-04-21,Consumer
1024,Customer 1024,customer1024@email.com,UK,Manchester,2024-09-08,Consumer
1025,Customer 1025,customer1025@email.com,Australia,Birmingham,2021-10-16,Consumer
1026,Customer 1026,customer1026@email.com,Australia,Birmingham,2021-09-15,Consumer
1027,Customer 1027,customer1027@email.com,France,London,2021-06-23,SMB
1028,Customer 1028,customer1028@email.com,Australia,Glasgow,2021-11-26,Corporate
1029,Customer 1029,customer1029@email.com,UK,Leeds,2024-06-08,Consumer
1030,Customer 1030,customer1030@email.com,USA,Birmingham,2023-01-29,SMB
1031,Customer 1031,customer1031@email.com,France,London,2023-10-17,Consumer
1032,Customer 1032,customer1032@email.com,USA,Leeds,2021-06-10,Corporate
1033,Customer 1033,customer1033@email.com,France,Glasgow,2021-07-05,Consumer
1034,Customer 1034,customer1034@email.com,Canada,Birmingham,2021-05-23,SMB
1035,Customer 1035,customer1035@email.com,Germany,London,2024-07-29,SMB
1036,Customer 1036,customer1036@email.com,Canada,London,2023-06-26,Corporate
1037,Customer 1037,customer1037@email.com,Australia,London,2022-10-02,Consumer
1038,Customer 1038,customer1038@email.com,USA,Birmingham,2021-01-27,SMB
1039,Customer 1039,customer1039@email.com,Australia,Leeds,2024-06-23,Corporate
1040,Customer 1040,customer1040@email.com,Germany,London,2021-07-21,Corporate
1041,Customer 1041,customer1041@email.com,France,Glasgow,2023-11-11,Consumer
1042,Customer 1042,customer1042@email.com,Germany,London,2022-11-01,SMB
1043,Customer 1043,customer1043@email.com,UK,Leeds,2024-01-23,Consumer
1044,Customer 1044,customer1044@email.com,Germany,Birmingham,2023-10-29,Consumer
1045,Customer 1045,customer1045@email.com,UK,London,2022-04-17,Consumer
1046,Customer 1046,customer1046@email.com,Germany,London,2024-09-24,SMB
1047,Customer 1047,customer1047@email.com,UK,Glasgow,2021-09-16,Corporate
1048,Customer 1048,customer1048@email.com,USA,Glasgow,2021-02-24,Consumer
1049,Customer 1049,customer1049@email.com,Australia,London,2023-06-30,Consumer
1050,Customer 1050,customer1050@email.com,Australia,London,2023-10-27,SMB
1051,Customer 1051,customer1051@email.com,Canada,Glasgow,2024-11-01,Consumer
1052,Customer 1052,customer1052@email.com,Australia,Leeds,2022-07-08,Corporate
1053,Customer 1053,customer1053@email.com,France,Manchester,2023-12-10,Consumer
1054,Customer 1054,customer1054@email.com,Germany,Manchester,2021-04-22,Corporate
1055,Customer 1055,customer1055@email.com,Canada,London,2021-05-26,Consumer
1056,Customer 1056,customer1056@email.com,France,Glasgow,2021-08-18,Consumer
1057,Customer 1057,customer1057@email.com,France,Birmingham,2022-05-12,Consumer
1058,Customer 1058,customer1058@email.com,UK,Birmingham,2024-08-22,Corporate
1059,Customer 1059,customer1059@email.com,Australia,Manchester,2022-04-06,Consumer
1060,Customer 1060,customer1060@email.com,USA,Leeds,2023-03-18,Consumer
1061,Customer 1061,customer1061@email.com,USA,Manchester,2021-08-14,Consumer
1062,Customer 1062,customer1062@email.com,Canada,London,2021-02-28,Corporate
1063,Customer 1063,customer1063@email.com,USA,Leeds,2024-01-05,Consumer
1064,Customer 1064,customer1064@email.com,Germany,Birmingham,2022-03-04,SMB
1065,Customer 1065,customer1065@email.com,USA,Glasgow,2022-12-29,Corporate
1066,Customer 1066,customer1066@email.com,Canada,Glasgow,2024-03-01,SMB
1067,Customer 1067,customer1067@email.com,USA,London,2023-07-21,Consumer
1068,Customer 1068,customer1068@email.com,Germany,Manchester,2022-05-13,Corporate
1069,Customer 1069,customer1069@email.com,UK,London,2023-03-27,Corporate
1070,Customer 1070,customer1070@email.com,Canada,Glasgow,2023-06-29,Consumer
1071,Customer 1071,customer1071@email.com,UK,Birmingham,2024-08-21,SMB
1072,Customer 1072,customer1072@email.com,UK,Glasgow,2021-03-08,Corporate
1073,Customer 1073,customer1073@email.com,UK,Leeds,2021-08-18,Corporate
1074,Customer 1074,customer1074@email.com,France,Glasgow,2023-09-10,Corporate
1075,Customer 1075,customer1075@email.com,Australia,Glasgow,2021-11-29,Corporate
1076,Customer 1076,customer1076@email.com,France,Leeds,2021-10-04,Corporate
1077,Customer 1077,customer1077@email.com,Australia,Manchester,2022-12-22,Consumer
1078,Customer 1078,customer1078@email.com,UK,Glasgow,2021-05-24,Corporate
1079,Customer 1079,customer1079@email.com,Canada,London,2024-06-28,SMB
1080,Customer 1080,customer1080@email.com,Australia,Glasgow,2022-11-22,Corporate
1081,Customer 1081,customer1081@email.com,Germany,London,2024-01-09,Consumer
1082,Customer 1082,customer1082@email.com,Germany,Leeds,2021-02-26,Consumer
1083,Customer 1083,customer1083@email.com,USA,Glasgow,2024-10-21,SMB
1084,Customer 1084,customer1084@email.com,Australia,Leeds,2021-11-04,Corporate
1085,Customer 1085,customer1085@email.com,Canada,Leeds,2021-06-23,SMB
1086,Customer 1086,customer1086@email.com,France,Manchester,2025-01-25,SMB
1087,Customer 1087,customer1087@email.com,UK,Glasgow,2023-01-20,SMB
1088,Customer 1088,customer1088@email.com,USA,London,2023-10-01,SMB
1089,Customer 1089,customer1089@email.com,Germany,London,2022-11-09,Corporate
1090,Customer 1090,customer1090@email.com,France,Glasgow,2022-07-14,Consumer
1091,Customer 1091,customer1091@email.com,France,Manchester,2024-10-29,Consumer
1092,Customer 1092,customer1092@email.com,UK,Manchester,2021-12-15,Corporate
1093,Customer 1093,customer1093@email.com,Australia,Manchester,2023-12-27,SMB
1094,Customer 1094,customer1094@email.com,Germany,London,2021-11-26,Corporate
1095,Customer 1095,customer1095@email.com,Canada,Leeds,2021-07-13,SMB
1096,Customer 1096,customer1096@email.com,France,Manchester,2024-03-24,SMB
1097,Customer 1097,customer1097@email.com,UK,London,2024-03-29,Corporate
1098,Customer 1098,customer1098@email.com,Canada,London,2021-09-23,Corporate
1099,Customer 1099,customer1099@email.com,Australia,Leeds,2021-06-17,SMB
1100,Customer 1100,customer1100@email.com,Germany,Glasgow,2021-05-25,SMB
1101,Customer 1101,customer1101@email.com,Australia,Glasgow,2021-07-05,SMB
1102,Customer 1102,customer1102@email.com,France,Manchester,2023-06-05,SMB
1103,Customer 1103,customer1103@email.com,Canada,Manchester,2023-05-15,Corporate
1104,Customer 1104,customer1104@email.com,Canada,Leeds,2023-02-13,Consumer
1105,Customer 1105,customer1105@email.com,Canada,Manchester,2024-12-17,Consumer
1106,Customer 1106,customer1106@email.com,France,Leeds,2023-10-04,SMB
1107,Customer 1107,customer1107@email.com,France,London,2023-02-25,Consumer
1108,Customer 1108,customer1108@email.com,Australia,Manchester,2022-04-02,Consumer
1109,Customer 1109,customer1109@email.com,USA,London,2021-12-11,Consumer
1110,Customer 1110,customer1110@email.com,Australia,Birmingham,2023-01-05,Consumer
1111,Customer 1111,customer1111@email.com,Germany,Leeds,2022-07-08,Consumer
1112,Customer 1112,customer1112@email.com,UK,Birmingham,2023-10-18,Consumer
1113,Customer 1113,customer1113@email.com,Canada,Manchester,2023-02-27,SMB
1114,Customer 1114,customer1114@email.com,USA,London,2023-07-25,SMB
1115,Customer 1115,customer1115@email.com,UK,Manchester,2022-12-06,SMB
1116,Customer 1116,customer1116@email.com,USA,Birmingham,2024-02-02,Corporate
1117,Customer 1117,customer1117@email.com,Australia,Manchester,2021-09-04,Consumer
1118,Customer 1118,customer1118@email.com,France,Glasgow,2023-03-23,Consumer
1119,Customer 1119,customer1119@email.com,Canada,Birmingham,2023-11-13,Corporate
1120,Customer 1120,customer1120@email.com,Australia,Manchester,2023-08-11,Consumer
1121,Customer 1121,customer1121@email.com,UK,London,2023-03-26,SMB
1122,Customer 1122,customer1122@email.com,UK,Manchester,2021-05-24,SMB
1123,Customer 1123,customer1123@email.com,UK,London,2022-12-31,Corporate
1124,Customer 1124,customer1124@email.com,UK,Glasgow,2023-05-13,SMB
1125,Customer 1125,customer1125@email.com,UK,Manchester,2024-05-01,Corporate
1126,Customer 1126,customer1126@email.com,USA,Glasgow,2022-04-10,SMB
1127,Customer 1127,customer1127@email.com,Australia,Birmingham,2022-01-10,Consumer
1128,Customer 1128,customer1128@email.com,Canada,London,2022-11-08,SMB
1129,Customer 1129,customer1129@email.com,France,Birmingham,2022-11-23,Corporate
1130,Customer 1130,customer1130@email.com,France,London,2022-09-21,Consumer
1131,Customer 1131,customer1131@email.com,Australia,Glasgow,2024-07-13,Corporate
1132,Customer 1132,customer1132@email.com,Australia,Leeds,2024-11-02,Consumer
1133,Customer 1133,customer1133@email.com,France,Manchester,2022-07-10,Consumer
1134,Customer 1134,customer1134@email.com,France,Glasgow,2023-05-13,SMB
1135,Customer 1135,customer1135@email.com,USA,London,2021-03-15,SMB
1136,Customer 1136,customer1136@email.com,Germany,London,2022-03-14,Consumer
1137,Customer 1137,customer1137@email.com,Canada,London,2023-05-31,SMB
1138,Customer 1138,customer1138@email.com,UK,London,2021-08-14,SMB
1139,Customer 1139,customer1139@email.com,Germany,Manchester,2021-11-04,Corporate
1140,Customer 1140,customer1140@email.com,Australia,Birmingham,2023-08-24,SMB
1141,Customer 1141,customer1141@email.com,France,Leeds,2021-12-14,Consumer
1142,Customer 1142,customer1142@email.com,Germany,Manchester,2022-04-21,SMB
1143,Customer 1143,customer1143@email.com,Canada,London,2024-08-31,Consumer
1144,Customer 1144,customer1144@email.com,Australia,Manchester,2022-06-09,Consumer
1145,Customer 1145,customer1145@email.com,UK,Glasgow,2024-12-19,Corporate
1146,Customer 1146,customer1146@email.com,UK,London,2022-06-08,Consumer
1147,Customer 1147,customer1147@email.com,Canada,Leeds,2022-07-16,Consumer
1148,Customer 1148,customer1148@email.com,Canada,London,2024-06-26,Corporate
1149,Customer 1149,customer1149@email.com,France,Leeds,2022-07-23,Consumer
1150,Customer 1150,customer1150@email.com,UK,Leeds,2024-04-20,Corporate
1151,Customer 1151,customer1151@email.com,Australia,Birmingham,2021-04-16,Consumer
1152,Customer 1152,customer1152@email.com,Germany,Birmingham,2021-07-10,SMB
1153,Customer 1153,customer1153@email.com,Australia,Manchester,2024-03-06,Corporate
1154,Customer 1154,customer1154@email.com,USA,Manchester,2022-12-01,Corporate
1155,Customer 1155,customer1155@email.com,USA,Leeds,2024-02-18,Consumer
1156,Customer 1156,customer1156@email.com,Canada,London,2023-04-11,Corporate
1157,Customer 1157,customer1157@email.com,France,Glasgow,2021-03-13,Consumer
1158,Customer 1158,customer1158@email.com,USA,Glasgow,2023-01-25,Corporate
1159,Customer 1159,customer1159@email.com,UK,London,2024-02-29,Corporate
1160,Customer 1160,customer1160@email.com,Australia,London,2022-04-02,SMB
1161,Customer 1161,customer1161@email.com,Australia,Birmingham,2023-06-24,Consumer
1162,Customer 1162,customer1162@email.com,Canada,Glasgow,2022-04-24,SMB
1163,Customer 1163,customer1163@email.com,Germany,Leeds,2021-02-21,Corporate
1164,Customer 1164,customer1164@email.com,Canada,Manchester,2023-10-01,Consumer
1165,Customer 1165,customer1165@email.com,Germany,Birmingham,2022-07-28,SMB
1166,Customer 1166,customer1166@email.com,Canada,Glasgow,2024-02-17,Corporate
1167,Customer 1167,customer1167@email.com,Canada,London,2024-07-11,SMB
1168,Customer 1168,customer1168@email.com,Canada,Glasgow,2024-06-16,Corporate
1169,Customer 1169,customer1169@email.com,Germany,Leeds,2024-10-06,Corporate
1170,Customer 1170,customer1170@email.com,Germany,Birmingham,2023-06-12,Consumer
1171,Customer 1171,customer1171@email.com,Canada,London,2021-09-12,Consumer
1172,Customer 1172,customer1172@email.com,USA,Leeds,2022-11-16,Consumer
1173,Customer 1173,customer1173@email.com,France,Manchester,2024-08-25,Corporate
1174,Customer 1174,customer1174@email.com,France,Birmingham,2021-02-26,SMB
1175,Customer 1175,customer1175@email.com,France,Leeds,2023-08-08,Consumer
1176,Customer 1176,customer1176@email.com,Germany,Leeds,2024-11-27,Consumer
1177,Customer 1177,customer1177@email.com,Germany,London,2023-12-27,Consumer
1178,Customer 1178,customer1178@email.com,USA,Manchester,2023-12-06,Consumer
1179,Customer 1179,customer1179@email.com,France,Leeds,2022-08-29,Corporate
1180,Customer 1180,customer1180@email.com,France,Birmingham,2022-01-04,SMB
1181,Customer 1181,customer1181@email.com,Canada,Leeds,2021-08-20,Corporate
1182,Customer 1182,customer1182@email.com,Germany,Glasgow,2024-11-26,Corporate
1183,Customer 1183,customer1183@email.com,France,Birmingham,2023-06-27,Corporate
1184,Customer 1184,customer1184@email.com,Australia,Birmingham,2023-11-13,Consumer
1185,Customer 1185,customer1185@email.com,USA,Leeds,2022-07-28,SMB
1186,Customer 1186,customer1186@email.com,Australia,London,2024-07-14,Corporate
1187,Customer 1187,customer1187@email.com,Australia,Birmingham,2023-04-21,Corporate
1188,Customer 1188,customer1188@email.com,USA,Glasgow,2021-04-28,Corporate
1189,Customer 1189,customer1189@email.com,Australia,London,2023-12-15,Consumer
1190,Customer 1190,customer1190@email.com,France,London,2024-03-22,Consumer
1191,Customer 1191,customer1191@email.com,Germany,London,2024-06-16,Corporate
1192,Customer 1192,customer1192@email.com,USA,Birmingham,2024-07-12,Consumer
1193,Customer 1193,customer1193@email.com,Canada,London,2021-09-25,SMB
1194,Customer 1194,customer1194@email.com,Australia,Leeds,2021-04-23,Consumer
1195,Customer 1195,customer1195@email.com,USA,London,2021-06-15,Corporate
1196,Customer 1196,customer1196@email.com,UK,Glasgow,2022-10-30,SMB
1197,Customer 1197,customer1197@email.com,UK,Manchester,2023-10-29,Consumer
1198,Customer 1198,customer1198@email.com,Germany,Glasgow,2022-12-15,Corporate
1199,Customer 1199,customer1199@email.com,France,Birmingham,2024-05-25,SMB
1200,Customer 1200,customer1200@email.com,Germany,London,2022-03-07,SMB
1201,Customer 1201,customer1201@email.com,Germany,London,2024-08-08,SMB
1202,Customer 1202,customer1202@email.com,Germany,Leeds,2023-06-12,Consumer
1203,Customer 1203,customer1203@email.com,Germany,London,2023-12-10,SMB
1204,Customer 1204,customer1204@email.com,Canada,Glasgow,2021-04-17,Consumer
1205,Customer 1205,customer1205@email.com,Canada,Birmingham,2023-10-30,Corporate
1206,Customer 1206,customer1206@email.com,USA,Manchester,2023-01-15,Consumer
1207,Customer 1207,customer1207@email.com,UK,London,2022-12-01,Consumer
1208,Customer 1208,customer1208@email.com,Germany,Manchester,2025-01-19,Corporate
1209,Customer 1209,customer1209@email.com,USA,London,2021-11-19,Consumer
1210,Customer 1210,customer1210@email.com,UK,Birmingham,2021-11-05,Consumer
1211,Customer 1211,customer1211@email.com,Australia,Glasgow,2023-04-30,Corporate
1212,Customer 1212,customer1212@email.com,France,Birmingham,2022-09-14,SMB
1213,Customer 1213,customer1213@email.com,Canada,Manchester,2023-09-22,Corporate
1214,Customer 1214,customer1214@email.com,Australia,London,2021-05-25,SMB
1215,Customer 1215,customer1215@email.com,UK,Manchester,2023-01-10,Consumer
1216,Customer 1216,customer1216@email.com,Australia,Glasgow,2023-04-01,Corporate
1217,Customer 1217,customer1217@email.com,France,Birmingham,2022-02-16,SMB
1218,Customer 1218,customer1218@email.com,UK,Manchester,2021-04-24,Consumer
1219,Customer 1219,customer1219@email.com,Australia,Manchester,2022-07-29,Consumer
1220,Customer 1220,customer1220@email.com,Canada,Glasgow,2022-02-03,Consumer
1221,Customer 1221,customer1221@email.com,Canada,London,2024-07-22,SMB
1222,Customer 1222,customer1222@email.com,USA,Manchester,2021-05-04,SMB
1223,Customer 1223,customer1223@email.com,Australia,Glasgow,2021-03-27,SMB
1224,Customer 1224,customer1224@email.com,Germany,London,2021-02-16,Consumer
1225,Customer 1225,customer1225@email.com,Australia,London,2023-08-02,SMB
1226,Customer 1226,customer1226@email.com,UK,Birmingham,2024-05-09,Corporate
1227,Customer 1227,customer1227@email.com,UK,Glasgow,2024-07-23,SMB
1228,Customer 1228,customer1228@email.com,Australia,London,2024-02-28,SMB
1229,Customer 1229,customer1229@email.com,France,Birmingham,2025-01-11,Consumer
1230,Customer 1230,customer1230@email.com,Canada,Leeds,2023-03-15,Corporate
1231,Customer 1231,customer1231@email.com,UK,Glasgow,2022-01-24,Corporate
1232,Customer 1232,customer1232@email.com,Canada,Leeds,2022-07-30,Corporate
1233,Customer 1233,customer1233@email.com,UK,London,2024-07-10,SMB
1234,Customer 1234,customer1234@email.com,USA,Glasgow,2022-09-24,Consumer
1235,Customer 1235,customer1235@email.com,Germany,Birmingham,2024-07-25,SMB
1236,Customer 1236,customer1236@email.com,UK,London,2022-12-15,Consumer
1237,Customer 1237,customer1237@email.com,Canada,Glasgow,2023-12-06,Corporate
1238,Customer 1238,customer1238@email.com,USA,Glasgow,2024-04-06,SMB
1239,Customer 1239,customer1239@email.com,UK,Leeds,2025-01-08,Consumer
1240,Customer 1240,customer1240@email.com,France,London,2022-09-14,SMB
1241,Customer 1241,customer1241@email.com,Germany,Birmingham,2021-02-15,Consumer
1242,Customer 1242,customer1242@email.com,UK,Birmingham,2022-12-25,Corporate
1243,Customer 1243,customer1243@email.com,USA,London,2022-06-24,SMB
1244,Customer 1244,customer1244@email.com,France,London,2021-03-28,Corporate
1245,Customer 1245,customer1245@email.com,Australia,Manchester,2023-03-14,SMB
1246,Customer 1246,customer1246@email.com,USA,Leeds,2024-11-09,SMB
1247,Customer 1247,customer1247@email.com,USA,London,2021-09-22,Consumer
1248,Customer 1248,customer1248@email.com,France,London,2023-11-12,Consumer
1249,Customer 1249,customer1249@email.com,USA,Manchester,2022-12-04,Consumer
1250,Customer 1250,customer1250@email.com,France,Manchester,2025-01-13,Corporate
1251,Customer 1251,customer1251@email.com,UK,Glasgow,2021-08-20,Corporate
1252,Customer 1252,customer1252@email.com,France,Birmingham,2021-07-05,SMB
1253,Customer 1253,customer1253@email.com,France,Leeds,2021-11-22,Consumer
1254,Customer 1254,customer1254@email.com,Germany,Glasgow,2024-04-21,Corporate
1255,Customer 1255,customer1255@email.com,France,London,2022-02-01,SMB
1256,Customer 1256,customer1256@email.com,France,Manchester,2024-11-27,Corporate
1257,Customer 1257,customer1257@email.com,Australia,Birmingham,2025-01-26,SMB
1258,Customer 1258,customer1258@email.com,UK,Glasgow,2024-12-11,Consumer
1259,Customer 1259,customer1259@email.com,Germany,Birmingham,2024-05-10,SMB
1260,Customer 1260,customer1260@email.com,Australia,Manchester,2023-12-25,SMB
1261,Customer 1261,customer1261@email.com,Canada,Glasgow,2023-08-14,Consumer
1262,Customer 1262,customer1262@email.com,UK,Glasgow,2022-07-09,Consumer
1263,Customer 1263,customer1263@email.com,UK,Birmingham,2023-01-03,SMB
1264,Customer 1264,customer1264@email.com,Canada,Manchester,2023-11-07,Corporate
1265,Customer 1265,customer1265@email.com,France,London,2023-03-08,Consumer
1266,Customer 1266,customer1266@email.com,Australia,Glasgow,2024-04-21,SMB
1267,Customer 1267,customer1267@email.com,USA,London,2022-01-26,Consumer
1268,Customer 1268,customer1268@email.com,Germany,Manchester,2021-02-13,Consumer
1269,Customer 1269,customer1269@email.com,USA,Glasgow,2023-06-20,Corporate
1270,Customer 1270,customer1270@email.com,Canada,Glasgow,2022-04-27,Consumer
1271,Customer 1271,customer1271@email.com,UK,London,2024-07-10,SMB
1272,Customer 1272,customer1272@email.com,UK,Leeds,2024-04-12,SMB
1273,Customer 1273,customer1273@email.com,Germany,London,2025-01-04,Consumer
1274,Customer 1274,customer1274@email.com,UK,London,2022-07-20,Consumer
1275,Customer 1275,customer1275@email.com,UK,Leeds,2021-08-08,Corporate
1276,Customer 1276,customer1276@email.com,Germany,Manchester,2024-11-18,Corporate
1277,Customer 1277,customer1277@email.com,Australia,Manchester,2023-02-11,Corporate
1278,Customer 1278,customer1278@email.com,Australia,Glasgow,2024-05-03,SMB
1279,Customer 1279,customer1279@email.com,Germany,Birmingham,2022-02-13,Corporate
1280,Customer 1280,customer1280@email.com,Canada,Birmingham,2022-04-16,SMB
1281,Customer 1281,customer1281@email.com,UK,Glasgow,2024-10-02,Corporate
1282,Customer 1282,customer1282@email.com,UK,Birmingham,2025-01-25,SMB
1283,Customer 1283,customer1283@email.com,Canada,London,2023-12-21,Consumer
1284,Customer 1284,customer1284@email.com,Australia,London,2021-06-15,SMB
1285,Customer 1285,customer1285@email.com,France,Leeds,2022-11-03,Consumer
1286,Customer 1286,customer1286@email.com,France,Leeds,2024-03-20,SMB
1287,Customer 1287,customer1287@email.com,France,Glasgow,2021-04-21,SMB
1288,Customer 1288,customer1288@email.com,Australia,Glasgow,2022-07-03,Consumer
1289,Customer 1289,customer1289@email.com,Australia,Glasgow,2023-10-24,SMB
1290,Customer 1290,customer1290@email.com,Canada,London,2023-11-03,SMB
1291,Customer 1291,customer1291@email.com,UK,Birmingham,2024-03-31,Corporate
1292,Customer 1292,customer1292@email.com,Canada,Glasgow,2021-12-10,Consumer
1293,Customer 1293,customer1293@email.com,Canada,Glasgow,2025-01-12,Consumer
1294,Customer 1294,customer1294@email.com,Australia,London,2021-11-28,Corporate
1295,Customer 1295,customer1295@email.com,France,London,2021-09-21,Corporate
1296,Customer 1296,customer1296@email.com,USA,London,2021-03-24,Consumer
1297,Customer 1297,customer1297@email.com,UK,Birmingham,2023-02-16,Consumer
1298,Customer 1298,customer1298@email.com,Australia,Glasgow,2023-07-13,Consumer
1299,Customer 1299,customer1299@email.com,France,Manchester,2021-11-30,Corporate
1300,Customer 1300,customer1300@email.com,USA,Manchester,2024-11-04,Corporate
1301,Customer 1301,customer1301@email.com,USA,Glasgow,2024-05-27,SMB
1302,Customer 1302,customer1302@email.com,Australia,Glasgow,2022-10-20,Corporate
1303,Customer 1303,customer1303@email.com,Germany,Glasgow,2022-03-30,SMB
1304,Customer 1304,customer1304@email.com,UK,Glasgow,2022-11-04,SMB
1305,Customer 1305,customer1305@email.com,USA,Birmingham,2023-01-11,Corporate
1306,Customer 1306,customer1306@email.com,Australia,Manchester,2024-01-18,Corporate
1307,Customer 1307,customer1307@email.com,Australia,Leeds,2021-11-29,Corporate
1308,Customer 1308,customer1308@email.com,France,Manchester,2021-11-06,Corporate
1309,Customer 1309,customer1309@email.com,Germany,Manchester,2022-12-28,Consumer
1310,Customer 1310,customer1310@email.com,UK,London,2024-12-14,Corporate
1311,Customer 1311,customer1311@email.com,Canada,Glasgow,2021-12-20,SMB
1312,Customer 1312,customer1312@email.com,France,Glasgow,2023-04-04,SMB
1313,Customer 1313,customer1313@email.com,USA,Glasgow,2024-01-29,Consumer
1314,Customer 1314,customer1314@email.com,USA,London,2021-05-25,Consumer
1315,Customer 1315,customer1315@email.com,France,Birmingham,2023-10-31,Corporate
1316,Customer 1316,customer1316@email.com,Australia,Birmingham,2023-12-04,Consumer
1317,Customer 1317,customer1317@email.com,USA,Leeds,2024-11-10,Corporate
1318,Customer 1318,customer1318@email.com,Germany,Birmingham,2023-06-29,Corporate
1319,Customer 1319,customer1319@email.com,UK,Birmingham,2023-01-31,Consumer
1320,Customer 1320,customer1320@email.com,Germany,Glasgow,2022-05-10,Consumer
1321,Customer 1321,customer1321@email.com,USA,Manchester,2024-04-07,SMB
1322,Customer 1322,customer1322@email.com,Canada,Birmingham,2022-10-04,Consumer
1323,Customer 1323,customer1323@email.com,UK,Birmingham,2022-06-15,Consumer
1324,Customer 1324,customer1324@email.com,UK,London,2024-09-21,Consumer
1325,Customer 1325,customer1325@email.com,France,Leeds,2022-05-28,SMB
1326,Customer 1326,customer1326@email.com,France,London,2021-05-10,Corporate
1327,Customer 1327,customer1327@email.com,Canada,Glasgow,2023-10-05,SMB
1328,Customer 1328,customer1328@email.com,Australia,Manchester,2024-06-27,Consumer
1329,Customer 1329,customer1329@email.com,UK,Leeds,2023-01-04,Consumer
1330,Customer 1330,customer1330@email.com,Canada,London,2023-08-05,Consumer
1331,Customer 1331,customer1331@email.com,France,Birmingham,2024-03-07,Corporate
1332,Customer 1332,customer1332@email.com,France,Birmingham,2024-07-22,SMB
1333,Customer 1333,customer1333@email.com,UK,Leeds,2023-09-29,SMB
1334,Customer 1334,customer1334@email.com,Germany,Birmingham,2022-04-09,Corporate
1335,Customer 1335,customer1335@email.com,USA,London,2021-05-21,SMB
1336,Customer 1336,customer1336@email.com,France,London,2024-07-03,Corporate
1337,Customer 1337,customer1337@email.com,Australia,Birmingham,2023-06-01,Corporate
1338,Customer 1338,customer1338@email.com,Australia,Birmingham,2022-04-01,SMB
1339,Customer 1339,customer1339@email.com,France,Glasgow,2022-03-10,SMB
1340,Customer 1340,customer1340@email.com,Germany,Manchester,2021-06-22,Corporate
1341,Customer 1341,customer1341@email.com,Germany,Leeds,2022-04-18,SMB
1342,Customer 1342,customer1342@email.com,Canada,London,2024-12-17,Corporate
1343,Customer 1343,customer1343@email.com,Australia,Leeds,2023-10-17,SMB
1344,Customer 1344,customer1344@email.com,Canada,Glasgow,2023-07-06,SMB
1345,Customer 1345,customer1345@email.com,Australia,London,2022-03-15,SMB
1346,Customer 1346,customer1346@email.com,USA,Glasgow,2023-10-13,SMB
1347,Customer 1347,customer1347@email.com,USA,Glasgow,2023-12-17,SMB
1348,Customer 1348,customer1348@email.com,UK,Birmingham,2022-05-13,Consumer
1349,Customer 1349,customer1349@email.com,Canada,Leeds,2021-06-18,Consumer
1350,Customer 1350,customer1350@email.com,France,Leeds,2023-09-16,SMB
1351,Customer 1351,customer1351@email.com,Canada,Birmingham,2022-07-15,SMB
1352,Customer 1352,customer1352@email.com,France,Leeds,2022-03-04,SMB
1353,Customer 1353,customer1353@email.com,Germany,Birmingham,2022-02-23,Corporate
1354,Customer 1354,customer1354@email.com,Canada,London,2024-10-02,Consumer
1355,Customer 1355,customer1355@email.com,Germany,Glasgow,2022-03-31,Corporate
1356,Customer 1356,customer1356@email.com,USA,Glasgow,2022-12-15,Consumer
1357,Customer 1357,customer1357@email.com,USA,Leeds,2021-07-21,Consumer
1358,Customer 1358,customer1358@email.com,UK,Manchester,2021-06-28,SMB
1359,Customer 1359,customer1359@email.com,Canada,Glasgow,2021-02-26,SMB
1360,Customer 1360,customer1360@email.com,Germany,Birmingham,2023-08-04,Corporate
1361,Customer 1361,customer1361@email.com,France,Manchester,2022-05-16,Corporate
1362,Customer 1362,customer1362@email.com,USA,Manchester,2023-01-09,SMB
1363,Customer 1363,customer1363@email.com,USA,Glasgow,2021-04-22,SMB
1364,Customer 1364,customer1364@email.com,France,Glasgow,2024-03-17,Consumer
1365,Customer 1365,customer1365@email.com,Germany,Glasgow,2022-12-16,Consumer
1366,Customer 1366,customer1366@email.com,Germany,Birmingham,2024-11-02,SMB
1367,Customer 1367,customer1367@email.com,Canada,Manchester,2023-05-27,Consumer
1368,Customer 1368,customer1368@email.com,Canada,Leeds,2024-10-03,Corporate
1369,Customer 1369,customer1369@email.com,Australia,Birmingham,2024-10-13,Consumer
1370,Customer 1370,customer1370@email.com,Australia,London,2023-12-16,SMB
1371,Customer 1371,customer1371@email.com,UK,Glasgow,2023-03-24,Consumer
1372,Customer 1372,customer1372@email.com,USA,Manchester,2024-09-01,SMB
1373,Customer 1373,customer1373@email.com,Canada,Birmingham,2023-08-22,Consumer
1374,Customer 1374,customer1374@email.com,Germany,London,2024-04-23,Corporate
1375,Customer 1375,customer1375@email.com,France,Birmingham,2023-12-14,Corporate
1376,Customer 1376,customer1376@email.com,Germany,Birmingham,2021-02-06,SMB
1377,Customer 1377,customer1377@email.com,USA,Leeds,2023-10-10,SMB
1378,Customer 1378,customer1378@email.com,Australia,Leeds,2024-07-17,SMB
1379,Customer 1379,customer1379@email.com,Germany,Birmingham,2023-05-13,Consumer
1380,Customer 1380,customer1380@email.com,UK,London,2023-01-02,Consumer
1381,Customer 1381,customer1381@email.com,USA,Manchester,2024-06-05,Consumer
1382,Customer 1382,customer1382@email.com,Australia,Manchester,2024-12-22,Corporate
1383,Customer 1383,customer1383@email.com,France,Glasgow,2023-03-21,SMB
1384,Customer 1384,customer1384@email.com,Australia,Glasgow,2023-10-22,Consumer
1385,Customer 1385,customer1385@email.com,UK,Manchester,2021-01-23,Corporate
1386,Customer 1386,customer1386@email.com,USA,Birmingham,2025-01-11,SMB
1387,Customer 1387,customer1387@email.com,France,Birmingham,2023-03-07,Corporate
1388,Customer 1388,customer1388@email.com,UK,Leeds,2022-05-11,SMB
1389,Customer 1389,customer1389@email.com,Australia,Leeds,2023-06-19,Consumer
1390,Customer 1390,customer1390@email.com,UK,Glasgow,2022-03-01,Corporate
1391,Customer 1391,customer1391@email.com,USA,Manchester,2022-12-01,Corporate
1392,Customer 1392,customer1392@email.com,Canada,Birmingham,2021-01-18,Corporate
1393,Customer 1393,customer1393@email.com,UK,Manchester,2025-01-08,SMB
1394,Customer 1394,customer1394@email.com,UK,London,2022-09-19,SMB
1395,Customer 1395,customer1395@email.com,Australia,Manchester,2023-11-29,Corporate
1396,Customer 1396,customer1396@email.com,Australia,London,2024-05-18,SMB
1397,Customer 1397,customer1397@email.com,France,Leeds,2021-07-30,Corporate
1398,Customer 1398,customer1398@email.com,Australia,Leeds,2022-07-19,Consumer
1399,Customer 1399,customer1399@email.com,Germany,Glasgow,2023-08-30,Corporate
1400,Customer 1400,customer1400@email.com,USA,Manchester,2024-07-28,Corporate
1401,Customer 1401,customer1401@email.com,USA,Manchester,2021-05-13,SMB
1402,Customer 1402,customer1402@email.com,Canada,London,2022-03-25,SMB
1403,Customer 1403,customer1403@email.com,Canada,Leeds,2021-09-21,SMB
1404,Customer 1404,customer1404@email.com,USA,London,2021-04-21,Consumer
1405,Customer 1405,customer1405@email.com,Canada,Leeds,2023-04-30,Consumer
1406,Customer 1406,customer1406@email.com,France,London,2024-06-15,Consumer
1407,Customer 1407,customer1407@email.com,Australia,Leeds,2025-01-20,SMB
1408,Customer 1408,customer1408@email.com,USA,London,2023-06-20,Corporate
1409,Customer 1409,customer1409@email.com,Canada,Leeds,2023-01-29,Corporate
1410,Customer 1410,customer1410@email.com,USA,London,2023-05-11,Corporate
1411,Customer 1411,customer1411@email.com,Germany,Manchester,2023-06-16,SMB
1412,Customer 1412,customer1412@email.com,UK,Glasgow,2023-05-12,SMB
1413,Customer 1413,customer1413@email.com,Australia,London,2024-04-11,Consumer
1414,Customer 1414,customer1414@email.com,USA,Glasgow,2021-07-12,SMB
1415,Customer 1415,customer1415@email.com,UK,Manchester,2022-05-30,Corporate
1416,Customer 1416,customer1416@email.com,Canada,Manchester,2023-03-01,Consumer
1417,Customer 1417,customer1417@email.com,UK,Leeds,2023-08-26,Consumer
1418,Customer 1418,customer1418@email.com,Australia,Glasgow,2024-12-03,SMB
1419,Customer 1419,customer1419@email.com,USA,Birmingham,2021-03-25,Consumer
1420,Customer 1420,customer1420@email.com,Germany,Leeds,2023-03-09,Consumer
1421,Customer 1421,customer1421@email.com,Canada,Glasgow,2021-03-21,SMB
1422,Customer 1422,customer1422@email.com,USA,London,2024-05-17,Consumer
1423,Customer 1423,customer1423@email.com,Australia,London,2022-06-06,Corporate
1424,Customer 1424,customer1424@email.com,Canada,Manchester,2024-05-07,SMB
1425,Customer 1425,customer1425@email.com,France,Birmingham,2021-08-22,Corporate
1426,Customer 1426,customer1426@email.com,UK,London,2021-09-01,Corporate
1427,Customer 1427,customer1427@email.com,Australia,Glasgow,2024-11-17,Corporate
1428,Customer 1428,customer1428@email.com,France,Glasgow,2025-01-09,Corporate
1429,Customer 1429,customer1429@email.com,USA,London,2023-04-29,Consumer
1430,Customer 1430,customer1430@email.com,Germany,Glasgow,2022-01-28,Consumer
1431,Customer 1431,customer1431@email.com,Canada,Glasgow,2021-01-09,SMB
1432,Customer 1432,customer1432@email.com,UK,Manchester,2022-09-05,SMB
1433,Customer 1433,customer1433@email.com,Canada,Birmingham,2023-03-18,Corporate
1434,Customer 1434,customer1434@email.com,USA,Manchester,2022-12-16,Corporate
1435,Customer 1435,customer1435@email.com,Canada,Birmingham,2024-03-22,SMB
1436,Customer 1436,customer1436@email.com,UK,Glasgow,2021-04-20,SMB
1437,Customer 1437,customer1437@email.com,USA,Birmingham,2023-04-14,SMB
1438,Customer 1438,customer1438@email.com,Canada,Glasgow,2021-09-23,SMB
1439,Customer 1439,customer1439@email.com,Germany,Glasgow,2024-10-28,Corporate
1440,Customer 1440,customer1440@email.com,Australia,Manchester,2024-03-21,SMB
1441,Customer 1441,customer1441@email.com,USA,Manchester,2023-09-03,Consumer
1442,Customer 1442,customer1442@email.com,Australia,Leeds,2023-08-13,Corporate
1443,Customer 1443,customer1443@email.com,USA,London,2024-12-09,Consumer
1444,Customer 1444,customer1444@email.com,Germany,Leeds,2023-06-26,SMB
1445,Customer 1445,customer1445@email.com,Australia,Leeds,2024-09-11,Consumer
1446,Customer 1446,customer1446@email.com,France,Birmingham,2022-11-03,SMB
1447,Customer 1447,customer1447@email.com,UK,Glasgow,2021-06-25,Consumer
1448,Customer 1448,customer1448@email.com,France,Glasgow,2022-06-09,Corporate
1449,Customer 1449,customer1449@email.com,Canada,Glasgow,2024-08-31,Consumer
1450,Customer 1450,customer1450@email.com,Germany,London,2023-12-27,Corporate
1451,Customer 1451,customer1451@email.com,France,Birmingham,2023-08-10,Consumer
1452,Customer 1452,customer1452@email.com,USA,Birmingham,2024-04-22,Consumer
1453,Customer 1453,customer1453@email.com,Canada,Glasgow,2023-11-25,Corporate
1454,Customer 1454,customer1454@email.com,Canada,Leeds,2022-05-20,Corporate
1455,Customer 1455,customer1455@email.com,France,London,2023-04-29,SMB
1456,Customer 1456,customer1456@email.com,France,Leeds,2023-08-21,Corporate
1457,Customer 1457,customer1457@email.com,Germany,Manchester,2024-01-05,Corporate
1458,Customer 1458,customer1458@email.com,UK,Birmingham,2022-04-17,SMB
1459,Customer 1459,customer1459@email.com,France,Birmingham,2022-06-07,Corporate
1460,Customer 1460,customer1460@email.com,France,Leeds,2023-05-30,Corporate
1461,Customer 1461,customer1461@email.com,Australia,London,2024-07-30,Consumer
1462,Customer 1462,customer1462@email.com,USA,Birmingham,2021-10-01,SMB
1463,Customer 1463,customer1463@email.com,Australia,Leeds,2021-02-23,SMB
1464,Customer 1464,customer1464@email.com,Australia,London,2023-12-15,Consumer
1465,Customer 1465,customer1465@email.com,Canada,Leeds,2023-06-07,SMB
1466,Customer 1466,customer1466@email.com,UK,London,2023-01-15,Consumer
1467,Customer 1467,customer1467@email.com,USA,Glasgow,2021-10-04,Corporate
1468,Customer 1468,customer1468@email.com,Germany,London,2025-01-06,SMB
1469,Customer 1469,customer1469@email.com,Germany,Manchester,2023-06-02,Corporate
1470,Customer 1470,customer1470@email.com,France,Glasgow,2024-12-12,SMB
1471,Customer 1471,customer1471@email.com,France,Leeds,2022-09-24,Corporate
1472,Customer 1472,customer1472@email.com,Germany,Glasgow,2024-06-02,SMB
1473,Customer 1473,customer1473@email.com,France,Glasgow,2022-07-24,SMB
1474,Customer 1474,customer1474@email.com,UK,Leeds,2024-07-02,Corporate
1475,Customer 1475,customer1475@email.com,Australia,Leeds,2021-06-25,Consumer
1476,Customer 1476,customer1476@email.com,France,Manchester,2022-07-20,SMB
1477,Customer 1477,customer1477@email.com,Canada,Leeds,2024-03-15,Consumer
1478,Customer 1478,customer1478@email.com,France,Birmingham,2023-02-10,Consumer
1479,Customer 1479,customer1479@email.com,USA,Birmingham,2024-11-09,Consumer
1480,Customer 1480,customer1480@email.com,UK,Manchester,2021-09-19,Consumer
1481,Customer 1481,customer1481@email.com,USA,London,2022-06-15,Consumer
1482,Customer 1482,customer1482@email.com,USA,London,2024-10-26,Consumer
1483,Customer 1483,customer1483@email.com,Canada,Birmingham,2023-06-10,SMB
1484,Customer 1484,customer1484@email.com,UK,Leeds,2024-05-05,Consumer
1485,Customer 1485,customer1485@email.com,UK,Manchester,2023-08-06,SMB
1486,Customer 1486,customer1486@email.com,UK,London,2022-08-08,SMB
1487,Customer 1487,customer1487@email.com,UK,London,2023-03-26,SMB
1488,Customer 1488,customer1488@email.com,UK,Glasgow,2024-07-31,Corporate
1489,Customer 1489,customer1489@email.com,Canada,Birmingham,2021-10-29,Consumer
1490,Customer 1490,customer1490@email.com,France,Leeds,2024-03-01,Corporate
1491,Customer 1491,customer1491@email.com,USA,Manchester,2024-02-18,Consumer
1492,Customer 1492,customer1492@email.com,UK,London,2024-03-05,Corporate
1493,Customer 1493,customer1493@email.com,France,Glasgow,2022-09-20,SMB
1494,Customer 1494,customer1494@email.com,France,Birmingham,2022-07-27,Corporate
1495,Customer 1495,customer1495@email.com,USA,Birmingham,2022-06-13,SMB
1496,Customer 1496,customer1496@email.com,Canada,Manchester,2021-02-03,Corporate
1497,Customer 1497,customer1497@email.com,Germany,London,2022-06-16,Consumer
1498,Customer 1498,customer1498@email.com,Germany,Manchester,2024-05-16,Consumer
1499,Customer 1499,customer1499@email.com,France,Manchester,2024-08-15,Corporate
1500,Customer 1500,customer1500@email.com,Australia,Glasgow,2024-01-23,Corporate
1501,Customer 1501,customer1501@email.com,Australia,Birmingham,2024-12-08,Consumer
1502,Customer 1502,customer1502@email.com,USA,Leeds,2022-01-06,Corporate
1503,Customer 1503,customer1503@email.com,Germany,Birmingham,2022-02-13,Corporate
1504,Customer 1504,customer1504@email.com,France,Birmingham,2024-11-07,Consumer
1505,Customer 1505,customer1505@email.com,Canada,Glasgow,2025-01-04,SMB
1506,Customer 1506,customer1506@email.com,Germany,Leeds,2025-01-10,Consumer
1507,Customer 1507,customer1507@email.com,France,London,2022-09-09,Consumer
1508,Customer 1508,customer1508@email.com,France,Leeds,2021-03-12,Corporate
1509,Customer 1509,customer1509@email.com,UK,London,2021-03-25,Consumer
1510,Customer 1510,customer1510@email.com,Canada,Leeds,2021-07-28,Consumer
1511,Customer 1511,customer1511@email.com,UK,Manchester,2021-09-16,Corporate
1512,Customer 1512,customer1512@email.com,USA,Leeds,2024-06-16,Corporate
1513,Customer 1513,customer1513@email.com,UK,Glasgow,2024-08-18,SMB
1514,Customer 1514,customer1514@email.com,UK,London,2024-06-09,Consumer
1515,Customer 1515,customer1515@email.com,Germany,Birmingham,2023-07-21,SMB
1516,Customer 1516,customer1516@email.com,Australia,Glasgow,2021-10-09,SMB
1517,Customer 1517,customer1517@email.com,France,London,2022-01-29,SMB
1518,Customer 1518,customer1518@email.com,Canada,London,2022-02-22,SMB
1519,Customer 1519,customer1519@email.com,UK,Birmingham,2024-05-14,Consumer
1520,Customer 1520,customer1520@email.com,Canada,Manchester,2024-07-11,Consumer
1521,Customer 1521,customer1521@email.com,Australia,Glasgow,2024-08-27,Consumer
1522,Customer 1522,customer1522@email.com,Australia,Birmingham,2023-05-09,SMB
1523,Customer 1523,customer1523@email.com,UK,Birmingham,2022-09-18,Corporate
1524,Customer 1524,customer1524@email.com,USA,Manchester,2024-01-08,Consumer
1525,Customer 1525,customer1525@email.com,UK,Glasgow,2024-09-27,SMB
1526,Customer 1526,customer1526@email.com,Germany,Birmingham,2022-07-16,SMB
1527,Customer 1527,customer1527@email.com,France,Manchester,2023-04-12,SMB
1528,Customer 1528,customer1528@email.com,USA,Glasgow,2024-01-24,SMB
1529,Customer 1529,customer1529@email.com,UK,Leeds,2023-07-30,SMB
1530,Customer 1530,customer1530@email.com,Canada,London,2024-10-06,SMB
1531,Customer 1531,customer1531@email.com,USA,Manchester,2021-03-03,Consumer
1532,Customer 1532,customer1532@email.com,USA,London,2024-03-11,Corporate
1533,Customer 1533,customer1533@email.com,UK,Leeds,2023-01-04,Consumer
1534,Customer 1534,customer1534@email.com,USA,Birmingham,2024-02-09,Consumer
1535,Customer 1535,customer1535@email.com,Canada,Birmingham,2023-02-21,SMB
1536,Customer 1536,customer1536@email.com,Australia,Glasgow,2024-03-26,Consumer
1537,Customer 1537,customer1537@email.com,USA,Manchester,2022-06-23,Corporate
1538,Customer 1538,customer1538@email.com,Australia,Manchester,2022-08-20,Corporate
1539,Customer 1539,customer1539@email.com,Canada,Glasgow,2021-01-09,SMB
1540,Customer 1540,customer1540@email.com,UK,London,2021-10-03,Corporate
1541,Customer 1541,customer1541@email.com,France,Birmingham,2021-08-15,SMB
1542,Customer 1542,customer1542@email.com,USA,Birmingham,2021-07-05,Corporate
1543,Customer 1543,customer1543@email.com,France,Manchester,2022-08-14,Corporate
1544,Customer 1544,customer1544@email.com,Canada,Manchester,2024-05-24,Consumer
1545,Customer 1545,customer1545@email.com,USA,Glasgow,2022-03-09,Corporate
1546,Customer 1546,customer1546@email.com,Australia,Leeds,2022-07-23,SMB
1547,Customer 1547,customer1547@email.com,Germany,London,2022-10-18,Corporate
1548,Customer 1548,customer1548@email.com,France,Leeds,2021-12-22,Corporate
1549,Customer 1549,customer1549@email.com,USA,Leeds,2023-04-23,Consumer
1550,Customer 1550,customer1550@email.com,France,Manchester,2022-01-27,SMB
1551,Customer 1551,customer1551@email.com,USA,Manchester,2022-08-02,SMB
1552,Customer 1552,customer1552@email.com,UK,Manchester,2024-07-22,SMB
1553,Customer 1553,customer1553@email.com,Australia,Leeds,2025-01-14,Consumer
1554,Customer 1554,customer1554@email.com,France,London,2022-02-24,Corporate
1555,Customer 1555,customer1555@email.com,Germany,Manchester,2021-06-13,SMB
1556,Customer 1556,customer1556@email.com,Germany,Birmingham,2023-02-18,Corporate
1557,Customer 1557,customer1557@email.com,Canada,London,2022-09-30,Corporate
1558,Customer 1558,customer1558@email.com,USA,Birmingham,2024-04-21,Corporate
1559,Customer 1559,customer1559@email.com,France,London,2024-08-26,Consumer
1560,Customer 1560,customer1560@email.com,Canada,Manchester,2021-01-17,Corporate
1561,Customer 1561,customer1561@email.com,France,Glasgow,2022-03-22,Consumer
1562,Customer 1562,customer1562@email.com,USA,Manchester,2021-06-19,Consumer
1563,Customer 1563,customer1563@email.com,Germany,Leeds,2024-07-27,Consumer
1564,Customer 1564,customer1564@email.com,UK,Leeds,2021-12-06,SMB
1565,Customer 1565,customer1565@email.com,Germany,London,2022-12-27,Consumer
1566,Customer 1566,customer1566@email.com,Canada,Leeds,2023-11-01,SMB
1567,Customer 1567,customer1567@email.com,Australia,Manchester,2021-05-13,Consumer
1568,Customer 1568,customer1568@email.com,UK,Birmingham,2023-06-20,Consumer
1569,Customer 1569,customer1569@email.com,Canada,Manchester,2022-10-02,Consumer
1570,Customer 1570,customer1570@email.com,USA,London,2024-03-17,Consumer
1571,Customer 1571,customer1571@email.com,UK,Leeds,2023-04-03,Corporate
1572,Customer 1572,customer1572@email.com,Canada,Birmingham,2023-08-12,Corporate
1573,Customer 1573,customer1573@email.com,USA,Glasgow,2021-03-20,Consumer
1574,Customer 1574,customer1574@email.com,Germany,Birmingham,2021-12-12,Corporate
1575,Customer 1575,customer1575@email.com,Australia,Birmingham,2022-09-01,SMB
1576,Customer 1576,customer1576@email.com,USA,Manchester,2024-06-26,Corporate
1577,Customer 1577,customer1577@email.com,France,Glasgow,2022-10-01,Corporate
1578,Customer 1578,customer1578@email.com,USA,London,2023-11-14,Corporate
1579,Customer 1579,customer1579@email.com,USA,London,2025-02-03,Consumer
1580,Customer 1580,customer1580@email.com,Australia,Birmingham,2024-05-09,SMB
1581,Customer 1581,customer1581@email.com,France,Birmingham,2021-05-11,Consumer
1582,Customer 1582,customer1582@email.com,Canada,Leeds,2021-12-22,SMB
1583,Customer 1583,customer1583@email.com,Canada,Glasgow,2023-08-02,Consumer
1584,Customer 1584,customer1584@email.com,USA,Birmingham,2021-05-30,Corporate
1585,Customer 1585,customer1585@email.com,France,Leeds,2024-08-20,SMB
1586,Customer 1586,customer1586@email.com,France,Glasgow,2021-02-19,Corporate
1587,Customer 1587,customer1587@email.com,Australia,London,2022-04-09,SMB
1588,Customer 1588,customer1588@email.com,Germany,Leeds,2024-06-17,SMB
1589,Customer 1589,customer1589@email.com,Canada,Glasgow,2022-03-31,Consumer
1590,Customer 1590,customer1590@email.com,Australia,Leeds,2024-07-30,Consumer
1591,Customer 1591,customer1591@email.com,UK,Birmingham,2021-12-01,Corporate
1592,Customer 1592,customer1592@email.com,Canada,Manchester,2024-10-07,Corporate
1593,Customer 1593,customer1593@email.com,Australia,London,2022-10-30,SMB
1594,Customer 1594,customer1594@email.com,Canada,Birmingham,2021-11-23,SMB
1595,Customer 1595,customer1595@email.com,Germany,Birmingham,2023-10-13,Consumer
1596,Customer 1596,customer1596@email.com,UK,Glasgow,2021-12-02,Consumer
1597,Customer 1597,customer1597@email.com,Germany,Leeds,2022-10-28,Consumer
1598,Customer 1598,customer1598@email.com,UK,London,2023-09-22,Consumer
1599,Customer 1599,customer1599@email.com,USA,Birmingham,2021-03-22,Consumer
1600,Customer 1600,customer1600@email.com,Australia,Glasgow,2021-03-28,SMB
1601,Customer 1601,customer1601@email.com,UK,London,2021-09-15,SMB
1602,Customer 1602,customer1602@email.com,Germany,Leeds,2023-09-18,Corporate
1603,Customer 1603,customer1603@email.com,Canada,Birmingham,2021-07-04,SMB
1604,Customer 1604,customer1604@email.com,UK,Birmingham,2022-11-29,Consumer
1605,Customer 1605,customer1605@email.com,Australia,Birmingham,2021-05-03,SMB
1606,Customer 1606,customer1606@email.com,UK,London,2024-01-25,SMB
1607,Customer 1607,customer1607@email.com,France,London,2022-08-28,SMB
1608,Customer 1608,customer1608@email.com,Canada,London,2022-05-30,Corporate
1609,Customer 1609,customer1609@email.com,Australia,London,2023-06-23,Corporate
1610,Customer 1610,customer1610@email.com,Australia,Glasgow,2025-01-06,SMB
1611,Customer 1611,customer1611@email.com,USA,Manchester,2024-10-26,SMB
1612,Customer 1612,customer1612@email.com,Germany,Glasgow,2021-11-01,Consumer
1613,Customer 1613,customer1613@email.com,USA,Birmingham,2024-10-12,Corporate
1614,Customer 1614,customer1614@email.com,Australia,Glasgow,2024-03-17,Consumer
1615,Customer 1615,customer1615@email.com,Canada,Leeds,2024-08-01,Consumer
1616,Customer 1616,customer1616@email.com,UK,London,2022-10-19,SMB
1617,Customer 1617,customer1617@email.com,UK,Leeds,2021-09-19,SMB
1618,Customer 1618,customer1618@email.com,Canada,Leeds,2022-05-06,SMB
1619,Customer 1619,customer1619@email.com,Australia,Birmingham,2023-01-08,Consumer
1620,Customer 1620,customer1620@email.com,UK,London,2023-11-21,Consumer
1621,Customer 1621,customer1621@email.com,UK,Leeds,2022-12-03,Consumer
1622,Customer 1622,customer1622@email.com,UK,Birmingham,2023-06-06,SMB
1623,Customer 1623,customer1623@email.com,Germany,London,2024-07-15,SMB
1624,Customer 1624,customer1624@email.com,Germany,Manchester,2021-01-12,SMB
1625,Customer 1625,customer1625@email.com,France,Birmingham,2024-04-29,Consumer
1626,Customer 1626,customer1626@email.com,USA,Glasgow,2024-11-24,Consumer
1627,Customer 1627,customer1627@email.com,Canada,London,2021-04-01,Corporate
1628,Customer 1628,customer1628@email.com,Canada,Leeds,2022-08-23,SMB
1629,Customer 1629,customer1629@email.com,Canada,Leeds,2021-10-28,Consumer
1630,Customer 1630,customer1630@email.com,France,Glasgow,2024-02-09,Corporate
1631,Customer 1631,customer1631@email.com,Germany,Glasgow,2021-03-21,Consumer
1632,Customer 1632,customer1632@email.com,Australia,Leeds,2023-04-16,Consumer
1633,Customer 1633,customer1633@email.com,Australia,London,2022-10-14,SMB
1634,Customer 1634,customer1634@email.com,France,Birmingham,2022-03-09,Corporate
1635,Customer 1635,customer1635@email.com,Australia,Glasgow,2022-02-21,Consumer
1636,Customer 1636,customer1636@email.com,Canada,Glasgow,2024-05-22,Corporate
1637,Customer 1637,customer1637@email.com,USA,Glasgow,2025-01-10,Corporate
1638,Customer 1638,customer1638@email.com,UK,Manchester,2021-01-18,SMB
1639,Customer 1639,customer1639@email.com,Germany,London,2023-12-14,Corporate
1640,Customer 1640,customer1640@email.com,Germany,London,2023-01-16,SMB
1641,Customer 1641,customer1641@email.com,France,London,2021-08-28,SMB
1642,Customer 1642,customer1642@email.com,Germany,London,2023-04-26,SMB
1643,Customer 1643,customer1643@email.com,Canada,London,2022-02-22,Corporate
1644,Customer 1644,customer1644@email.com,Australia,Leeds,2023-05-06,Consumer
1645,Customer 1645,customer1645@email.com,Canada,Glasgow,2025-01-07,SMB
1646,Customer 1646,customer1646@email.com,France,Leeds,2022-08-22,Consumer
1647,Customer 1647,customer1647@email.com,Canada,Manchester,2024-02-21,Corporate
1648,Customer 1648,customer1648@email.com,Australia,Birmingham,2022-02-24,Consumer
1649,Customer 1649,customer1649@email.com,USA,Glasgow,2021-08-04,Consumer
1650,Customer 1650,customer1650@email.com,France,Manchester,2024-12-14,SMB
1651,Customer 1651,customer1651@email.com,USA,Leeds,2022-12-10,SMB
1652,Customer 1652,customer1652@email.com,UK,Birmingham,2022-07-05,SMB
1653,Customer 1653,customer1653@email.com,USA,Manchester,2023-08-24,Corporate
1654,Customer 1654,customer1654@email.com,UK,Birmingham,2024-06-05,Consumer
1655,Customer 1655,customer1655@email.com,UK,Manchester,2024-06-14,Corporate
1656,Customer 1656,customer1656@email.com,USA,Leeds,2024-09-15,Corporate
1657,Customer 1657,customer1657@email.com,France,Birmingham,2023-04-13,Corporate
1658,Customer 1658,customer1658@email.com,Australia,Manchester,2025-02-01,Corporate
1659,Customer 1659,customer1659@email.com,Canada,Leeds,2022-11-11,SMB
1660,Customer 1660,customer1660@email.com,Canada,Glasgow,2022-05-02,Consumer
1661,Customer 1661,customer1661@email.com,Australia,Leeds,2022-09-15,SMB
1662,Customer 1662,customer1662@email.com,UK,Leeds,2024-12-09,SMB
1663,Customer 1663,customer1663@email.com,UK,Glasgow,2021-08-07,Corporate
1664,Customer 1664,customer1664@email.com,France,Leeds,2022-12-22,SMB
1665,Customer 1665,customer1665@email.com,Germany,Glasgow,2022-01-16,Consumer
1666,Customer 1666,customer1666@email.com,USA,Glasgow,2021-03-28,Corporate
1667,Customer 1667,customer1667@email.com,UK,Glasgow,2025-01-24,SMB
1668,Customer 1668,customer1668@email.com,Canada,Manchester,2023-03-26,Corporate
1669,Customer 1669,customer1669@email.com,France,Birmingham,2022-02-15,Consumer
1670,Customer 1670,customer1670@email.com,USA,Manchester,2022-11-22,Corporate
1671,Customer 1671,customer1671@email.com,France,Glasgow,2023-10-10,SMB
1672,Customer 1672,customer1672@email.com,USA,Birmingham,2022-06-09,SMB
1673,Customer 1673,customer1673@email.com,USA,Birmingham,2022-03-23,Consumer
1674,Customer 1674,customer1674@email.com,Australia,Glasgow,2021-10-27,Consumer
1675,Customer 1675,customer1675@email.com,UK,Birmingham,2022-02-12,Corporate
1676,Customer 1676,customer1676@email.com,France,Birmingham,2022-01-10,SMB
1677,Customer 1677,customer1677@email.com,France,Manchester,2021-08-21,Consumer
1678,Customer 1678,customer1678@email.com,Australia,Birmingham,2022-09-30,Consumer
1679,Customer 1679,customer1679@email.com,Canada,Glasgow,2022-10-12,SMB
1680,Customer 1680,customer1680@email.com,Canada,London,2023-08-19,Consumer
1681,Customer 1681,customer1681@email.com,UK,London,2023-12-09,Consumer
1682,Customer 1682,customer1682@email.com,UK,London,2021-07-05,SMB
1683,Customer 1683,customer1683@email.com,Germany,Glasgow,2024-05-13,Consumer
1684,Customer 1684,customer1684@email.com,Australia,London,2021-03-19,SMB
1685,Customer 1685,customer1685@email.com,Canada,Manchester,2024-11-10,SMB
1686,Customer 1686,customer1686@email.com,USA,Glasgow,2021-07-13,Corporate
1687,Customer 1687,customer1687@email.com,France,Glasgow,2024-02-01,SMB
1688,Customer 1688,customer1688@email.com,UK,Glasgow,2024-10-31,Consumer
1689,Customer 1689,customer1689@email.com,France,Birmingham,2021-10-14,Corporate
1690,Customer 1690,customer1690@email.com,France,Birmingham,2021-09-07,Corporate
1691,Customer 1691,customer1691@email.com,Germany,Birmingham,2024-05-09,Consumer
1692,Customer 1692,customer1692@email.com,Canada,Leeds,2022-06-20,Corporate
1693,Customer 1693,customer1693@email.com,UK,Manchester,2025-01-24,Consumer
1694,Customer 1694,customer1694@email.com,France,Glasgow,2021-10-27,Corporate
1695,Customer 1695,customer1695@email.com,UK,Glasgow,2024-01-12,Consumer
1696,Customer 1696,customer1696@email.com,USA,Birmingham,2023-03-20,SMB
1697,Customer 1697,customer1697@email.com,Germany,Glasgow,2022-04-03,SMB
1698,Customer 1698,customer1698@email.com,USA,Glasgow,2022-11-22,Corporate
1699,Customer 1699,customer1699@email.com,UK,London,2024-08-14,Corporate
1700,Customer 1700,customer1700@email.com,UK,Glasgow,2024-10-19,SMB
1701,Customer 1701,customer1701@email.com,Canada,Leeds,2022-12-19,Consumer
1702,Customer 1702,customer1702@email.com,France,Birmingham,2021-02-09,Corporate
1703,Customer 1703,customer1703@email.com,France,Manchester,2024-09-25,SMB
1704,Customer 1704,customer1704@email.com,USA,Manchester,2021-04-18,Corporate
1705,Customer 1705,customer1705@email.com,Germany,London,2024-09-01,SMB
1706,Customer 1706,customer1706@email.com,Australia,Manchester,2024-02-12,SMB
1707,Customer 1707,customer1707@email.com,France,Manchester,2024-04-05,SMB
1708,Customer 1708,customer1708@email.com,Canada,Birmingham,2021-09-18,Consumer
1709,Customer 1709,customer1709@email.com,USA,Birmingham,2024-06-01,Corporate
1710,Customer 1710,customer1710@email.com,USA,Leeds,2024-07-09,Consumer
1711,Customer 1711,customer1711@email.com,Australia,London,2024-06-28,Consumer
1712,Customer 1712,customer1712@email.com,Canada,Manchester,2022-06-10,SMB
1713,Customer 1713,customer1713@email.com,Germany,Leeds,2022-12-11,Consumer
1714,Customer 1714,customer1714@email.com,Canada,London,2021-05-06,Corporate
1715,Customer 1715,customer1715@email.com,Germany,Manchester,2024-05-14,Corporate
1716,Customer 1716,customer1716@email.com,Canada,Manchester,2024-03-09,SMB
1717,Customer 1717,customer1717@email.com,Canada,Birmingham,2023-12-22,SMB
1718,Customer 1718,customer1718@email.com,UK,Glasgow,2024-07-30,Corporate
1719,Customer 1719,customer1719@email.com,USA,London,2021-02-23,Corporate
1720,Customer 1720,customer1720@email.com,Canada,Manchester,2021-12-12,SMB
1721,Customer 1721,customer1721@email.com,Australia,London,2021-05-16,Consumer
1722,Customer 1722,customer1722@email.com,Canada,Leeds,2021-11-26,Corporate
1723,Customer 1723,customer1723@email.com,France,Leeds,2024-03-13,SMB
1724,Customer 1724,customer1724@email.com,USA,Glasgow,2024-12-30,SMB
1725,Customer 1725,customer1725@email.com,France,Manchester,2024-07-29,Corporate
1726,Customer 1726,customer1726@email.com,USA,Birmingham,2021-05-16,SMB
1727,Customer 1727,customer1727@email.com,France,Manchester,2023-03-24,Corporate
1728,Customer 1728,customer1728@email.com,Canada,London,2023-05-02,SMB
1729,Customer 1729,customer1729@email.com,Canada,Leeds,2024-11-25,SMB
1730,Customer 1730,customer1730@email.com,UK,London,2023-05-21,Consumer
1731,Customer 1731,customer1731@email.com,Australia,Glasgow,2023-06-11,SMB
1732,Customer 1732,customer1732@email.com,France,Leeds,2025-01-12,Corporate
1733,Customer 1733,customer1733@email.com,Germany,Birmingham,2022-09-27,Corporate
1734,Customer 1734,customer1734@email.com,UK,Leeds,2022-10-31,Consumer
1735,Customer 1735,customer1735@email.com,France,Manchester,2024-07-17,Corporate
1736,Customer 1736,customer1736@email.com,France,Manchester,2023-11-07,SMB
1737,Customer 1737,customer1737@email.com,UK,Leeds,2021-09-26,Consumer
1738,Customer 1738,customer1738@email.com,Canada,Glasgow,2023-05-11,Corporate
1739,Customer 1739,customer1739@email.com,France,Manchester,2022-04-27,SMB
1740,Customer 1740,customer1740@email.com,Canada,Manchester,2024-05-27,Consumer
1741,Customer 1741,customer1741@email.com,UK,Birmingham,2024-09-04,SMB
1742,Customer 1742,customer1742@email.com,Canada,Leeds,2024-06-15,Corporate
1743,Customer 1743,customer1743@email.com,USA,Manchester,2021-10-12,Corporate
1744,Customer 1744,customer1744@email.com,Germany,Glasgow,2023-11-27,Corporate
1745,Customer 1745,customer1745@email.com,France,London,2021-04-13,Corporate
1746,Customer 1746,customer1746@email.com,Australia,Leeds,2024-12-24,Consumer
1747,Customer 1747,customer1747@email.com,Germany,Birmingham,2023-03-03,Corporate
1748,Customer 1748,customer1748@email.com,Canada,Manchester,2021-08-27,Consumer
1749,Customer 1749,customer1749@email.com,France,Glasgow,2023-01-11,Consumer
1750,Customer 1750,customer1750@email.com,Canada,Leeds,2022-10-07,SMB
1751,Customer 1751,customer1751@email.com,USA,Glasgow,2024-02-23,Corporate
1752,Customer 1752,customer1752@email.com,UK,Glasgow,2023-06-01,SMB
1753,Customer 1753,customer1753@email.com,France,Birmingham,2022-08-30,SMB
1754,Customer 1754,customer1754@email.com,USA,Leeds,2021-07-07,SMB
1755,Customer 1755,customer1755@email.com,USA,Manchester,2023-06-07,SMB
1756,Customer 1756,customer1756@email.com,France,Birmingham,2024-07-03,SMB
1757,Customer 1757,customer1757@email.com,Canada,Manchester,2023-09-14,Corporate
1758,Customer 1758,customer1758@email.com,Australia,London,2023-07-13,SMB
1759,Customer 1759,customer1759@email.com,USA,Glasgow,2023-03-05,Consumer
1760,Customer 1760,customer1760@email.com,Germany,London,2022-06-14,Consumer
1761,Customer 1761,customer1761@email.com,USA,Glasgow,2022-11-07,Corporate
1762,Customer 1762,customer1762@email.com,Australia,Birmingham,2022-01-27,Consumer
1763,Customer 1763,customer1763@email.com,Canada,Manchester,2025-01-31,SMB
1764,Customer 1764,customer1764@email.com,Canada,Manchester,2024-06-30,Consumer
1765,Customer 1765,customer1765@email.com,Germany,Birmingham,2022-11-03,SMB
1766,Customer 1766,customer1766@email.com,USA,Leeds,2023-05-11,Corporate
1767,Customer 1767,customer1767@email.com,Canada,London,2024-04-14,Consumer
1768,Customer 1768,customer1768@email.com,Australia,London,2022-04-11,Consumer
1769,Customer 1769,customer1769@email.com,France,Manchester,2023-04-19,Consumer
1770,Customer 1770,customer1770@email.com,UK,Manchester,2023-09-15,Corporate
1771,Customer 1771,customer1771@email.com,UK,Manchester,2024-08-05,Corporate
1772,Customer 1772,customer1772@email.com,UK,Birmingham,2023-12-10,Consumer
1773,Customer 1773,customer1773@email.com,USA,Leeds,2021-01-04,Corporate
1774,Customer 1774,customer1774@email.com,Germany,London,2023-05-02,SMB
1775,Customer 1775,customer1775@email.com,Canada,Glasgow,2024-05-31,Corporate
1776,Customer 1776,customer1776@email.com,France,Birmingham,2024-07-09,Consumer
1777,Customer 1777,customer1777@email.com,Australia,London,2022-06-19,SMB
1778,Customer 1778,customer1778@email.com,France,Leeds,2023-06-22,Consumer
1779,Customer 1779,customer1779@email.com,Australia,Birmingham,2024-10-31,Consumer
1780,Customer 1780,customer1780@email.com,USA,London,2023-12-21,Consumer
1781,Customer 1781,customer1781@email.com,UK,Birmingham,2024-10-11,Corporate
1782,Customer 1782,customer1782@email.com,USA,London,2022-10-08,Consumer
1783,Customer 1783,customer1783@email.com,Germany,London,2021-01-24,SMB
1784,Customer 1784,customer1784@email.com,Germany,Leeds,2024-08-09,SMB
1785,Customer 1785,customer1785@email.com,Australia,Glasgow,2022-07-11,SMB
1786,Customer 1786,customer1786@email.com,Canada,Leeds,2022-11-22,Consumer
1787,Customer 1787,customer1787@email.com,Canada,London,2021-12-22,SMB
1788,Customer 1788,customer1788@email.com,Australia,Birmingham,2023-05-20,SMB
1789,Customer 1789,customer1789@email.com,Germany,Leeds,2023-07-30,SMB
1790,Customer 1790,customer1790@email.com,Germany,Glasgow,2022-07-29,SMB
1791,Customer 1791,customer1791@email.com,Germany,London,2021-01-29,Corporate
1792,Customer 1792,customer1792@email.com,USA,Leeds,2021-12-23,Consumer
1793,Customer 1793,customer1793@email.com,Germany,Leeds,2021-12-31,Consumer
1794,Customer 1794,customer1794@email.com,France,Leeds,2022-08-31,SMB
1795,Customer 1795,customer1795@email.com,UK,Leeds,2022-02-13,Consumer
1796,Customer 1796,customer1796@email.com,Germany,Birmingham,2024-07-13,SMB
1797,Customer 1797,customer1797@email.com,Australia,Glasgow,2024-08-07,SMB
1798,Customer 1798,customer1798@email.com,UK,Glasgow,2022-07-21,SMB
1799,Customer 1799,customer1799@email.com,USA,London,2024-03-22,Consumer
1800,Customer 1800,customer1800@email.com,Australia,Manchester,2021-08-07,Corporate
1801,Customer 1801,customer1801@email.com,UK,Birmingham,2021-06-22,Consumer
1802,Customer 1802,customer1802@email.com,Australia,London,2022-08-31,Consumer
1803,Customer 1803,customer1803@email.com,USA,London,2023-11-02,Corporate
1804,Customer 1804,customer1804@email.com,France,Leeds,2024-10-17,Consumer
1805,Customer 1805,customer1805@email.com,USA,Manchester,2023-05-08,Corporate
1806,Customer 1806,customer1806@email.com,USA,Manchester,2022-10-19,SMB
1807,Customer 1807,customer1807@email.com,Australia,Birmingham,2023-08-27,Corporate
1808,Customer 1808,customer1808@email.com,Canada,Manchester,2024-01-11,SMB
1809,Customer 1809,customer1809@email.com,Germany,London,2024-09-25,Corporate
1810,Customer 1810,customer1810@email.com,Germany,Manchester,2022-03-17,SMB
1811,Customer 1811,customer1811@email.com,France,Manchester,2022-09-09,Consumer
1812,Customer 1812,customer1812@email.com,France,Glasgow,2021-08-14,Corporate
1813,Customer 1813,customer1813@email.com,Germany,London,2022-01-06,Consumer
1814,Customer 1814,customer1814@email.com,Canada,Manchester,2021-01-28,SMB
1815,Customer 1815,customer1815@email.com,Germany,Manchester,2023-10-05,Corporate
1816,Customer 1816,customer1816@email.com,Canada,Leeds,2023-09-22,Corporate
1817,Customer 1817,customer1817@email.com,France,Manchester,2021-01-16,Corporate
1818,Customer 1818,customer1818@email.com,UK,Manchester,2024-07-24,Consumer
1819,Customer 1819,customer1819@email.com,Australia,Glasgow,2021-11-29,SMB
1820,Customer 1820,customer1820@email.com,France,London,2022-04-28,Consumer
1821,Customer 1821,customer1821@email.com,France,Birmingham,2022-07-20,Corporate
1822,Customer 1822,customer1822@email.com,USA,London,2024-08-04,SMB
1823,Customer 1823,customer1823@email.com,USA,Leeds,2021-04-24,SMB
1824,Customer 1824,customer1824@email.com,USA,London,2021-02-07,Consumer
1825,Customer 1825,customer1825@email.com,Australia,Manchester,2022-03-30,Consumer
1826,Customer 1826,customer1826@email.com,USA,Leeds,2023-01-12,Corporate
1827,Customer 1827,customer1827@email.com,Canada,London,2021-06-15,Corporate
1828,Customer 1828,customer1828@email.com,Germany,Leeds,2022-11-25,Corporate
1829,Customer 1829,customer1829@email.com,UK,Birmingham,2021-07-24,Corporate
1830,Customer 1830,customer1830@email.com,France,London,2023-05-28,SMB
1831,Customer 1831,customer1831@email.com,Canada,Manchester,2021-09-02,Corporate
1832,Customer 1832,customer1832@email.com,UK,Leeds,2024-09-18,Corporate
1833,Customer 1833,customer1833@email.com,Canada,Glasgow,2023-08-01,Corporate
1834,Customer 1834,customer1834@email.com,Canada,Leeds,2024-11-20,Consumer
1835,Customer 1835,customer1835@email.com,France,Glasgow,2023-04-01,Consumer
1836,Customer 1836,customer1836@email.com,Germany,Manchester,2022-05-22,Consumer
1837,Customer 1837,customer1837@email.com,USA,Birmingham,2023-07-13,Corporate
1838,Customer 1838,customer1838@email.com,Australia,Glasgow,2024-02-19,SMB
1839,Customer 1839,customer1839@email.com,Germany,Birmingham,2024-07-06,Corporate
1840,Customer 1840,customer1840@email.com,Australia,Leeds,2022-02-14,Consumer
1841,Customer 1841,customer1841@email.com,France,Manchester,2021-11-06,Consumer
1842,Customer 1842,customer1842@email.com,France,Glasgow,2021-03-09,Corporate
1843,Customer 1843,customer1843@email.com,France,Leeds,2021-04-24,SMB
1844,Customer 1844,customer1844@email.com,UK,London,2021-08-08,SMB
1845,Customer 1845,customer1845@email.com,Australia,Leeds,2021-08-08,SMB
1846,Customer 1846,customer1846@email.com,Germany,Birmingham,2025-02-05,Consumer
1847,Customer 1847,customer1847@email.com,Germany,Manchester,2022-12-31,Consumer
1848,Customer 1848,customer1848@email.com,Canada,Manchester,2023-01-19,SMB
1849,Customer 1849,customer1849@email.com,Canada,Leeds,2023-08-01,Corporate
1850,Customer 1850,customer1850@email.com,Canada,London,2022-01-21,SMB
1851,Customer 1851,customer1851@email.com,France,Birmingham,2024-08-14,Corporate
1852,Customer 1852,customer1852@email.com,Germany,Leeds,2023-07-19,Consumer
1853,Customer 1853,customer1853@email.com,Australia,Leeds,2024-06-30,Consumer
1854,Customer 1854,customer1854@email.com,France,Manchester,2022-02-09,Consumer
1855,Customer 1855,customer1855@email.com,UK,Birmingham,2022-05-07,SMB
1856,Customer 1856,customer1856@email.com,Canada,London,2021-12-23,SMB
1857,Customer 1857,customer1857@email.com,France,Manchester,2024-12-22,Consumer
1858,Customer 1858,customer1858@email.com,France,Leeds,2021-08-03,Consumer
1859,Customer 1859,customer1859@email.com,UK,Manchester,2024-11-04,Consumer
1860,Customer 1860,customer1860@email.com,USA,Manchester,2023-01-22,SMB
1861,Customer 1861,customer1861@email.com,Germany,Glasgow,2023-04-07,SMB
1862,Customer 1862,customer1862@email.com,Australia,Manchester,2024-05-22,Consumer
1863,Customer 1863,customer1863@email.com,USA,Manchester,2024-01-27,SMB
1864,Customer 1864,customer1864@email.com,Canada,Birmingham,2022-06-12,SMB
1865,Customer 1865,customer1865@email.com,France,Manchester,2023-07-05,SMB
1866,Customer 1866,customer1866@email.com,UK,London,2022-10-28,SMB
1867,Customer 1867,customer1867@email.com,UK,Leeds,2022-12-11,Consumer
1868,Customer 1868,customer1868@email.com,Germany,Birmingham,2022-06-19,Consumer
1869,Customer 1869,customer1869@email.com,USA,Manchester,2022-07-08,SMB
1870,Customer 1870,customer1870@email.com,Germany,London,2021-11-24,Consumer
1871,Customer 1871,customer1871@email.com,France,Leeds,2023-06-21,Consumer
1872,Customer 1872,customer1872@email.com,Germany,Birmingham,2024-04-03,Consumer
1873,Customer 1873,customer1873@email.com,Australia,London,2024-02-14,Corporate
1874,Customer 1874,customer1874@email.com,UK,Manchester,2021-05-30,Consumer
1875,Customer 1875,customer1875@email.com,UK,Glasgow,2023-11-22,Consumer
1876,Customer 1876,customer1876@email.com,Canada,Glasgow,2022-10-19,SMB
1877,Customer 1877,customer1877@email.com,Canada,Birmingham,2023-03-17,SMB
1878,Customer 1878,customer1878@email.com,France,London,2021-10-20,Corporate
1879,Customer 1879,customer1879@email.com,Australia,Leeds,2023-07-08,Corporate
1880,Customer 1880,customer1880@email.com,USA,London,2022-11-20,Consumer
1881,Customer 1881,customer1881@email.com,Germany,Glasgow,2023-08-15,Consumer
1882,Customer 1882,customer1882@email.com,France,Birmingham,2024-04-15,SMB
1883,Customer 1883,customer1883@email.com,Canada,Manchester,2023-12-21,Consumer
1884,Customer 1884,customer1884@email.com,Germany,London,2022-02-20,Consumer
1885,Customer 1885,customer1885@email.com,Canada,Glasgow,2024-11-07,Consumer
1886,Customer 1886,customer1886@email.com,Germany,Leeds,2022-08-21,Consumer
1887,Customer 1887,customer1887@email.com,USA,Birmingham,2021-01-07,Consumer
1888,Customer 1888,customer1888@email.com,France,Manchester,2023-07-07,Consumer
1889,Customer 1889,customer1889@email.com,Germany,London,2021-03-26,Consumer
1890,Customer 1890,customer1890@email.com,Australia,Leeds,2023-02-13,Consumer
1891,Customer 1891,customer1891@email.com,UK,Manchester,2023-08-15,SMB
1892,Customer 1892,customer1892@email.com,Australia,Glasgow,2024-11-22,Corporate
1893,Customer 1893,customer1893@email.com,Australia,Glasgow,2024-11-17,Consumer
1894,Customer 1894,customer1894@email.com,UK,Leeds,2023-12-07,SMB
1895,Customer 1895,customer1895@email.com,Australia,Glasgow,2024-09-26,Consumer
1896,Customer 1896,customer1896@email.com,Germany,Birmingham,2022-08-29,Consumer
1897,Customer 1897,customer1897@email.com,Germany,Leeds,2022-03-02,Corporate
1898,Customer 1898,customer1898@email.com,Germany,Glasgow,2022-03-02,SMB
1899,Customer 1899,customer1899@email.com,UK,London,2023-01-06,Consumer
1900,Customer 1900,customer1900@email.com,Australia,Glasgow,2023-03-02,Corporate
1901,Customer 1901,customer1901@email.com,UK,Birmingham,2022-05-30,Corporate
1902,Customer 1902,customer1902@email.com,Germany,Manchester,2024-02-27,Consumer
1903,Customer 1903,customer1903@email.com,Australia,Manchester,2024-06-26,Consumer
1904,Customer 1904,customer1904@email.com,Australia,Glasgow,2023-01-11,SMB
1905,Customer 1905,customer1905@email.com,Canada,Manchester,2021-05-11,SMB
1906,Customer 1906,customer1906@email.com,Canada,Glasgow,2021-11-19,Consumer
1907,Customer 1907,customer1907@email.com,USA,Birmingham,2023-04-03,Consumer
1908,Customer 1908,customer1908@email.com,France,Manchester,2022-06-27,Corporate
1909,Customer 1909,customer1909@email.com,Canada,London,2021-03-07,SMB
1910,Customer 1910,customer1910@email.com,UK,Glasgow,2022-12-19,Consumer
1911,Customer 1911,customer1911@email.com,Canada,Manchester,2024-01-30,Consumer
1912,Customer 1912,customer1912@email.com,USA,Birmingham,2021-01-31,SMB
1913,Customer 1913,customer1913@email.com,Australia,Birmingham,2023-06-04,Consumer
1914,Customer 1914,customer1914@email.com,USA,London,2021-07-10,Corporate
1915,Customer 1915,customer1915@email.com,Australia,Birmingham,2022-02-19,Corporate
1916,Customer 1916,customer1916@email.com,Australia,Birmingham,2023-01-17,Consumer
1917,Customer 1917,customer1917@email.com,France,Manchester,2023-12-06,SMB
1918,Customer 1918,customer1918@email.com,Canada,Glasgow,2024-01-18,Corporate
1919,Customer 1919,customer1919@email.com,UK,Leeds,2022-01-10,SMB
1920,Customer 1920,customer1920@email.com,UK,Birmingham,2024-06-23,SMB
1921,Customer 1921,customer1921@email.com,Germany,Birmingham,2022-07-12,SMB
1922,Customer 1922,customer1922@email.com,Australia,Leeds,2024-07-04,Corporate
1923,Customer 1923,customer1923@email.com,UK,Birmingham,2024-10-07,Corporate
1924,Customer 1924,customer1924@email.com,France,Manchester,2024-02-03,Consumer
1925,Customer 1925,customer1925@email.com,Australia,Manchester,2024-09-22,SMB
1926,Customer 1926,customer1926@email.com,France,Leeds,2024-08-17,Corporate
1927,Customer 1927,customer1927@email.com,UK,Birmingham,2024-01-06,Corporate
1928,Customer 1928,customer1928@email.com,UK,Birmingham,2024-06-07,Consumer
1929,Customer 1929,customer1929@email.com,Germany,Glasgow,2022-08-01,Corporate
1930,Customer 1930,customer1930@email.com,UK,Birmingham,2021-02-01,Corporate
1931,Customer 1931,customer1931@email.com,Australia,Manchester,2021-02-27,Corporate
1932,Customer 1932,customer1932@email.com,Australia,London,2024-02-02,Consumer
1933,Customer 1933,customer1933@email.com,Australia,London,2021-11-08,Consumer
1934,Customer 1934,customer1934@email.com,Germany,London,2023-12-27,SMB
1935,Customer 1935,customer1935@email.com,Germany,London,2022-11-21,Corporate
1936,Customer 1936,customer1936@email.com,UK,Birmingham,2024-10-29,Consumer
1937,Customer 1937,customer1937@email.com,USA,Birmingham,2021-08-23,Consumer
1938,Customer 1938,customer1938@email.com,USA,Glasgow,2022-10-05,Consumer
1939,Customer 1939,customer1939@email.com,Germany,Birmingham,2024-02-10,SMB
1940,Customer 1940,customer1940@email.com,UK,London,2024-11-13,SMB
1941,Customer 1941,customer1941@email.com,USA,Leeds,2024-12-02,SMB
1942,Customer 1942,customer1942@email.com,UK,Leeds,2023-12-14,SMB
1943,Customer 1943,customer1943@email.com,UK,Manchester,2023-03-13,SMB
1944,Customer 1944,customer1944@email.com,UK,Manchester,2021-08-27,Corporate
1945,Customer 1945,customer1945@email.com,Canada,Birmingham,2024-08-11,Corporate
1946,Customer 1946,customer1946@email.com,Australia,Leeds,2021-04-22,Consumer
1947,Customer 1947,customer1947@email.com,UK,London,2024-01-17,SMB
1948,Customer 1948,customer1948@email.com,Canada,London,2022-04-21,SMB
1949,Customer 1949,customer1949@email.com,Germany,London,2021-10-31,Consumer
1950,Customer 1950,customer1950@email.com,USA,Birmingham,2024-08-21,Corporate
1951,Customer 1951,customer1951@email.com,Australia,Birmingham,2021-10-17,SMB
1952,Customer 1952,customer1952@email.com,USA,Glasgow,2021-07-27,SMB
1953,Customer 1953,customer1953@email.com,Australia,London,2023-05-18,SMB
1954,Customer 1954,customer1954@email.com,USA,London,2022-08-05,Corporate
1955,Customer 1955,customer1955@email.com,Australia,Birmingham,2022-01-05,Corporate
1956,Customer 1956,customer1956@email.com,USA,Birmingham,2021-08-08,SMB
1957,Customer 1957,customer1957@email.com,USA,Glasgow,2024-06-08,SMB
1958,Customer 1958,customer1958@email.com,USA,Glasgow,2023-03-13,Consumer
1959,Customer 1959,customer1959@email.com,USA,Manchester,2023-03-30,Consumer
1960,Customer 1960,customer1960@email.com,Germany,Leeds,2021-12-15,Corporate
1961,Customer 1961,customer1961@email.com,UK,London,2021-09-12,Consumer
1962,Customer 1962,customer1962@email.com,France,London,2022-03-28,SMB
1963,Customer 1963,customer1963@email.com,Canada,Glasgow,2021-05-22,Corporate
1964,Customer 1964,customer1964@email.com,France,Glasgow,2023-12-29,Consumer
1965,Customer 1965,customer1965@email.com,France,Manchester,2021-03-30,Corporate
1966,Customer 1966,customer1966@email.com,Australia,Leeds,2023-05-21,SMB
1967,Customer 1967,customer1967@email.com,UK,Manchester,2024-03-05,Consumer
1968,Customer 1968,customer1968@email.com,Australia,Leeds,2022-06-07,Consumer
1969,Customer 1969,customer1969@email.com,UK,London,2022-10-22,Consumer
1970,Customer 1970,customer1970@email.com,UK,Manchester,2023-08-09,SMB
1971,Customer 1971,customer1971@email.com,USA,Glasgow,2023-06-29,Corporate
1972,Customer 1972,customer1972@email.com,Germany,Manchester,2022-03-18,Consumer
1973,Customer 1973,customer1973@email.com,USA,Manchester,2021-02-07,Corporate
1974,Customer 1974,customer1974@email.com,Germany,London,2024-05-16,Corporate
1975,Customer 1975,customer1975@email.com,Australia,Glasgow,2021-07-29,Corporate
1976,Customer 1976,customer1976@email.com,Germany,Glasgow,2022-05-28,SMB
1977,Customer 1977,customer1977@email.com,Australia,Birmingham,2024-10-15,SMB
1978,Customer 1978,customer1978@email.com,France,Birmingham,2023-10-22,Consumer
1979,Customer 1979,customer1979@email.com,France,Birmingham,2023-09-08,Consumer
1980,Customer 1980,customer1980@email.com,Germany,London,2022-01-16,Corporate
1981,Customer 1981,customer1981@email.com,Germany,Manchester,2023-04-08,Corporate
1982,Customer 1982,customer1982@email.com,Australia,Glasgow,2023-05-09,Corporate
1983,Customer 1983,customer1983@email.com,USA,Glasgow,2022-01-29,SMB
1984,Customer 1984,customer1984@email.com,Australia,Manchester,2023-12-10,SMB
1985,Customer 1985,customer1985@email.com,USA,Glasgow,2022-01-31,Consumer
1986,Customer 1986,customer1986@email.com,France,Manchester,2021-02-01,Corporate
1987,Customer 1987,customer1987@email.com,UK,London,2022-06-29,Corporate
1988,Customer 1988,customer1988@email.com,Germany,London,2022-12-13,SMB
1989,Customer 1989,customer1989@email.com,USA,London,2024-06-11,Consumer
1990,Customer 1990,customer1990@email.com,Australia,Manchester,2023-11-16,Corporate
1991,Customer 1991,customer1991@email.com,France,Manchester,2024-12-28,Corporate
1992,Customer 1992,customer1992@email.com,USA,Leeds,2023-12-21,Consumer
1993,Customer 1993,customer1993@email.com,Australia,Glasgow,2022-07-07,Corporate
1994,Customer 1994,customer1994@email.com,Germany,Glasgow,2025-01-04,SMB
1995,Customer 1995,customer1995@email.com,Germany,Leeds,2024-02-28,Consumer
1996,Customer 1996,customer1996@email.com,Canada,Leeds,2024-10-09,Corporate
1997,Customer 1997,customer1997@email.com,UK,London,2021-07-17,Corporate
1998,Customer 1998,customer1998@email.com,Canada,Leeds,2023-03-10,SMB
1999,Customer 1999,customer1999@email.com,France,Manchester,2022-11-25,SMB
2000,Customer 2000,customer2000@email.com,USA,Birmingham,2024-10-26,SMB
2001,Customer 2001,customer2001@email.com,France,Manchester,2021-05-27,Corporate
2002,Customer 2002,customer2002@email.com,Australia,Leeds,2022-05-13,Corporate
2003,Customer 2003,customer2003@email.com,Germany,Glasgow,2021-02-17,Corporate
2004,Customer 2004,customer2004@email.com,Canada,Manchester,2023-02-09,Consumer
2005,Customer 2005,customer2005@email.com,Canada,Glasgow,2022-10-13,SMB
2006,Customer 2006,customer2006@email.com,Canada,Manchester,2024-04-10,Consumer
2007,Customer 2007,customer2007@email.com,France,Glasgow,2022-09-05,SMB
2008,Customer 2008,customer2008@email.com,Germany,Manchester,2022-11-30,Corporate
2009,Customer 2009,customer2009@email.com,USA,Glasgow,2024-08-31,Consumer
2010,Customer 2010,customer2010@email.com,Australia,Birmingham,2022-01-11,Consumer
2011,Customer 2011,customer2011@email.com,USA,London,2023-03-17,SMB
2012,Customer 2012,customer2012@email.com,France,Manchester,2023-07-10,Consumer
2013,Customer 2013,customer2013@email.com,Australia,Birmingham,2023-05-25,Consumer
2014,Customer 2014,customer2014@email.com,Canada,London,2023-03-21,Corporate
2015,Customer 2015,customer2015@email.com,UK,Manchester,2024-12-14,SMB
2016,Customer 2016,customer2016@email.com,France,Birmingham,2023-06-24,Consumer
2017,Customer 2017,customer2017@email.com,France,Birmingham,2024-11-20,Corporate
2018,Customer 2018,customer2018@email.com,Germany,Birmingham,2024-04-25,Consumer
2019,Customer 2019,customer2019@email.com,USA,Leeds,2023-10-03,Corporate
2020,Customer 2020,customer2020@email.com,France,Glasgow,2021-02-02,Consumer
2021,Customer 2021,customer2021@email.com,France,London,2021-03-10,Corporate
2022,Customer 2022,customer2022@email.com,Canada,Glasgow,2022-08-15,Corporate
2023,Customer 2023,customer2023@email.com,Canada,Glasgow,2024-04-29,SMB
2024,Customer 2024,customer2024@email.com,Australia,Glasgow,2021-04-11,Corporate
2025,Customer 2025,customer2025@email.com,UK,Birmingham,2024-08-01,Consumer
2026,Customer 2026,customer2026@email.com,Germany,Glasgow,2023-07-03,Corporate
2027,Customer 2027,customer2027@email.com,UK,Leeds,2023-01-03,Corporate
2028,Customer 2028,customer2028@email.com,Australia,Manchester,2022-01-25,Consumer
2029,Customer 2029,customer2029@email.com,Canada,Birmingham,2021-06-09,Consumer
2030,Customer 2030,customer2030@email.com,USA,London,2023-06-11,Corporate
2031,Customer 2031,customer2031@email.com,Canada,Manchester,2023-12-07,Consumer
2032,Customer 2032,customer2032@email.com,Germany,Manchester,2024-03-28,Corporate
2033,Customer 2033,customer2033@email.com,Canada,Manchester,2025-01-09,Corporate
2034,Customer 2034,customer2034@email.com,Germany,Glasgow,2022-11-27,Corporate
2035,Customer 2035,customer2035@email.com,Germany,Glasgow,2023-01-28,Consumer
2036,Customer 2036,customer2036@email.com,Germany,Birmingham,2022-06-07,SMB
2037,Customer 2037,customer2037@email.com,Australia,Glasgow,2023-01-02,SMB
2038,Customer 2038,customer2038@email.com,Germany,Glasgow,2021-06-04,Corporate
2039,Customer 2039,customer2039@email.com,Germany,Glasgow,2021-12-05,Corporate
2040,Customer 2040,customer2040@email.com,USA,Birmingham,2024-10-20,Consumer
2041,Customer 2041,customer2041@email.com,UK,Birmingham,2023-03-06,SMB
2042,Customer 2042,customer2042@email.com,France,Leeds,2024-03-17,SMB
2043,Customer 2043,customer2043@email.com,UK,Leeds,2023-06-18,SMB
2044,Customer 2044,customer2044@email.com,Germany,Leeds,2024-03-13,Consumer
2045,Customer 2045,customer2045@email.com,USA,Leeds,2021-04-13,Consumer
2046,Customer 2046,customer2046@email.com,Canada,Manchester,2023-03-23,Consumer
2047,Customer 2047,customer2047@email.com,USA,Manchester,2021-04-03,Corporate
2048,Customer 2048,customer2048@email.com,Germany,Leeds,2023-09-02,Consumer
2049,Customer 2049,customer2049@email.com,USA,Leeds,2024-08-02,Corporate
2050,Customer 2050,customer2050@email.com,USA,London,2024-12-18,Corporate
2051,Customer 2051,customer2051@email.com,Germany,Manchester,2021-04-29,Corporate
2052,Customer 2052,customer2052@email.com,Australia,London,2021-01-29,Corporate
2053,Customer 2053,customer2053@email.com,USA,London,2023-10-10,Consumer
2054,Customer 2054,customer2054@email.com,France,Glasgow,2023-11-20,Consumer
2055,Customer 2055,customer2055@email.com,France,Birmingham,2023-05-22,SMB
2056,Customer 2056,customer2056@email.com,USA,Manchester,2024-10-21,SMB
2057,Customer 2057,customer2057@email.com,Australia,Leeds,2023-03-11,Corporate
2058,Customer 2058,customer2058@email.com,Canada,Leeds,2024-03-07,SMB
2059,Customer 2059,customer2059@email.com,Germany,Birmingham,2022-04-20,SMB
2060,Customer 2060,customer2060@email.com,France,Manchester,2022-07-17,SMB
2061,Customer 2061,customer2061@email.com,Canada,Leeds,2024-11-16,Corporate
2062,Customer 2062,customer2062@email.com,USA,Leeds,2022-03-11,SMB
2063,Customer 2063,customer2063@email.com,Canada,Glasgow,2023-03-15,Consumer
2064,Customer 2064,customer2064@email.com,UK,London,2024-06-11,Corporate
2065,Customer 2065,customer2065@email.com,France,Leeds,2021-02-24,Consumer
2066,Customer 2066,customer2066@email.com,USA,Manchester,2023-07-20,Corporate
2067,Customer 2067,customer2067@email.com,Germany,Birmingham,2024-08-08,Consumer
2068,Customer 2068,customer2068@email.com,Australia,Glasgow,2023-01-22,SMB
2069,Customer 2069,customer2069@email.com,USA,Manchester,2021-11-08,Corporate
2070,Customer 2070,customer2070@email.com,Germany,Glasgow,2024-01-18,Consumer
2071,Customer 2071,customer2071@email.com,Australia,London,2024-05-20,Corporate
2072,Customer 2072,customer2072@email.com,Australia,Leeds,2023-08-15,Consumer
2073,Customer 2073,customer2073@email.com,USA,Manchester,2021-11-14,SMB
2074,Customer 2074,customer2074@email.com,Canada,Birmingham,2023-01-27,Corporate
2075,Customer 2075,customer2075@email.com,Canada,London,2022-04-10,Corporate
2076,Customer 2076,customer2076@email.com,Australia,London,2024-01-16,Consumer
2077,Customer 2077,customer2077@email.com,Canada,Glasgow,2024-12-03,Consumer
2078,Customer 2078,customer2078@email.com,UK,London,2024-06-17,SMB
2079,Customer 2079,customer2079@email.com,Australia,Manchester,2022-12-01,Consumer
2080,Customer 2080,customer2080@email.com,Australia,Glasgow,2023-12-17,Consumer
2081,Customer 2081,customer2081@email.com,Germany,London,2024-02-11,Consumer
2082,Customer 2082,customer2082@email.com,Canada,Birmingham,2023-01-05,SMB
2083,Customer 2083,customer2083@email.com,Australia,Manchester,2023-12-30,SMB
2084,Customer 2084,customer2084@email.com,UK,Birmingham,2023-01-09,Corporate
2085,Customer 2085,customer2085@email.com,Germany,Birmingham,2023-02-07,SMB
2086,Customer 2086,customer2086@email.com,USA,Glasgow,2024-04-22,Consumer
2087,Customer 2087,customer2087@email.com,Australia,Leeds,2023-01-14,Corporate
2088,Customer 2088,customer2088@email.com,UK,Glasgow,2021-10-03,SMB
2089,Customer 2089,customer2089@email.com,France,Manchester,2021-08-21,SMB
2090,Customer 2090,customer2090@email.com,UK,Manchester,2021-02-23,Consumer
2091,Customer 2091,customer2091@email.com,UK,Glasgow,2021-09-14,Consumer
2092,Customer 2092,customer2092@email.com,Germany,Leeds,2021-03-31,SMB
2093,Customer 2093,customer2093@email.com,USA,Glasgow,2024-12-29,Corporate
2094,Customer 2094,customer2094@email.com,France,Manchester,2022-02-12,Consumer
2095,Customer 2095,customer2095@email.com,Canada,Leeds,2024-07-16,SMB
2096,Customer 2096,customer2096@email.com,Canada,Manchester,2022-01-01,SMB
2097,Customer 2097,customer2097@email.com,UK,Leeds,2021-12-17,Consumer
2098,Customer 2098,customer2098@email.com,Germany,Leeds,2024-08-15,Corporate
2099,Customer 2099,customer2099@email.com,Germany,Glasgow,2024-03-28,Corporate
2100,Customer 2100,customer2100@email.com,Canada,Glasgow,2022-05-02,Corporate
2101,Customer 2101,customer2101@email.com,France,Glasgow,2023-04-22,Consumer
2102,Customer 2102,customer2102@email.com,USA,Leeds,2023-09-11,Consumer
2103,Customer 2103,customer2103@email.com,France,Leeds,2024-10-10,Consumer
2104,Customer 2104,customer2104@email.com,Australia,Manchester,2022-09-13,Corporate
2105,Customer 2105,customer2105@email.com,Australia,Birmingham,2023-07-19,Corporate
2106,Customer 2106,customer2106@email.com,USA,Glasgow,2022-02-05,Consumer
2107,Customer 2107,customer2107@email.com,Canada,Manchester,2024-11-29,Consumer
2108,Customer 2108,customer2108@email.com,USA,Manchester,2024-01-25,Consumer
2109,Customer 2109,customer2109@email.com,Germany,London,2022-07-24,Corporate
2110,Customer 2110,customer2110@email.com,Australia,Glasgow,2023-09-02,SMB
2111,Customer 2111,customer2111@email.com,UK,Manchester,2022-01-27,SMB
2112,Customer 2112,customer2112@email.com,UK,London,2021-12-18,Corporate
2113,Customer 2113,customer2113@email.com,Canada,Glasgow,2023-03-17,Consumer
2114,Customer 2114,customer2114@email.com,Germany,Leeds,2022-07-30,Consumer
2115,Customer 2115,customer2115@email.com,France,London,2023-02-16,Consumer
2116,Customer 2116,customer2116@email.com,Germany,Leeds,2022-09-25,Consumer
2117,Customer 2117,customer2117@email.com,UK,Birmingham,2024-08-04,Corporate
2118,Customer 2118,customer2118@email.com,UK,Birmingham,2022-06-07,SMB
2119,Customer 2119,customer2119@email.com,Australia,Birmingham,2022-12-27,SMB
2120,Customer 2120,customer2120@email.com,Germany,Birmingham,2021-06-11,Corporate
2121,Customer 2121,customer2121@email.com,Germany,Manchester,2022-10-21,Consumer
2122,Customer 2122,customer2122@email.com,UK,Birmingham,2024-04-20,SMB
2123,Customer 2123,customer2123@email.com,France,Manchester,2023-04-30,Corporate
2124,Customer 2124,customer2124@email.com,Canada,Manchester,2021-03-23,Consumer
2125,Customer 2125,customer2125@email.com,Canada,Glasgow,2022-06-08,SMB
2126,Customer 2126,customer2126@email.com,Germany,Manchester,2021-01-04,Corporate
2127,Customer 2127,customer2127@email.com,Canada,Manchester,2022-05-10,SMB
2128,Customer 2128,customer2128@email.com,UK,Birmingham,2023-12-11,SMB
2129,Customer 2129,customer2129@email.com,UK,Manchester,2024-07-08,Corporate
2130,Customer 2130,customer2130@email.com,Germany,Leeds,2024-03-03,Corporate
2131,Customer 2131,customer2131@email.com,Germany,Birmingham,2024-10-17,SMB
2132,Customer 2132,customer2132@email.com,Australia,London,2022-07-22,SMB
2133,Customer 2133,customer2133@email.com,Germany,Birmingham,2024-05-25,Corporate
2134,Customer 2134,customer2134@email.com,France,Manchester,2023-05-28,Consumer
2135,Customer 2135,customer2135@email.com,Canada,Leeds,2023-12-28,Consumer
2136,Customer 2136,customer2136@email.com,Germany,Birmingham,2023-10-09,Consumer
2137,Customer 2137,customer2137@email.com,USA,Leeds,2023-10-12,Consumer
2138,Customer 2138,customer2138@email.com,Australia,London,2023-05-14,Corporate
2139,Customer 2139,customer2139@email.com,USA,London,2024-03-12,Consumer
2140,Customer 2140,customer2140@email.com,UK,Glasgow,2024-10-01,SMB
2141,Customer 2141,customer2141@email.com,Canada,Glasgow,2023-02-18,Consumer
2142,Customer 2142,customer2142@email.com,Germany,Birmingham,2024-05-02,Corporate
2143,Customer 2143,customer2143@email.com,USA,Glasgow,2023-10-02,Consumer
2144,Customer 2144,customer2144@email.com,Canada,Leeds,2024-06-23,Consumer
2145,Customer 2145,customer2145@email.com,UK,Glasgow,2021-11-10,Corporate
2146,Customer 2146,customer2146@email.com,France,Leeds,2022-12-31,Consumer
2147,Customer 2147,customer2147@email.com,Australia,Glasgow,2022-01-19,Corporate
2148,Customer 2148,customer2148@email.com,Canada,Glasgow,2021-10-04,Consumer
2149,Customer 2149,customer2149@email.com,Canada,Glasgow,2024-01-01,Corporate
2150,Customer 2150,customer2150@email.com,France,Manchester,2024-02-27,Consumer
2151,Customer 2151,customer2151@email.com,Canada,Manchester,2024-10-13,SMB
2152,Customer 2152,customer2152@email.com,UK,Glasgow,2022-11-29,SMB
2153,Customer 2153,customer2153@email.com,UK,Leeds,2024-05-28,Corporate
2154,Customer 2154,customer2154@email.com,France,Birmingham,2023-10-27,Corporate
2155,Customer 2155,customer2155@email.com,Australia,London,2023-01-21,Corporate
2156,Customer 2156,customer2156@email.com,Germany,Manchester,2023-09-10,SMB
2157,Customer 2157,customer2157@email.com,USA,Glasgow,2022-09-16,Corporate
2158,Customer 2158,customer2158@email.com,Germany,London,2021-08-16,Consumer
2159,Customer 2159,customer2159@email.com,Canada,Manchester,2021-01-17,Corporate
2160,Customer 2160,customer2160@email.com,USA,Birmingham,2021-01-12,Corporate
2161,Customer 2161,customer2161@email.com,France,Leeds,2022-11-23,Consumer
2162,Customer 2162,customer2162@email.com,France,Glasgow,2021-03-11,Consumer
2163,Customer 2163,customer2163@email.com,Australia,Birmingham,2021-04-18,SMB
2164,Customer 2164,customer2164@email.com,USA,Manchester,2021-07-20,Consumer
2165,Customer 2165,customer2165@email.com,UK,Glasgow,2023-12-12,Consumer
2166,Customer 2166,customer2166@email.com,USA,London,2022-09-21,Corporate
2167,Customer 2167,customer2167@email.com,Canada,Leeds,2024-07-06,SMB
2168,Customer 2168,customer2168@email.com,UK,Manchester,2024-07-11,Consumer
2169,Customer 2169,customer2169@email.com,France,Leeds,2023-06-25,SMB
2170,Customer 2170,customer2170@email.com,USA,Glasgow,2021-10-30,Consumer
2171,Customer 2171,customer2171@email.com,Germany,Birmingham,2023-07-26,SMB
2172,Customer 2172,customer2172@email.com,Australia,Leeds,2022-07-30,Consumer
2173,Customer 2173,customer2173@email.com,Germany,London,2022-07-09,Corporate
2174,Customer 2174,customer2174@email.com,Australia,Manchester,2021-05-05,SMB
2175,Customer 2175,customer2175@email.com,Canada,London,2024-07-17,SMB
2176,Customer 2176,customer2176@email.com,Germany,Leeds,2023-05-09,Consumer
2177,Customer 2177,customer2177@email.com,USA,Birmingham,2023-01-15,SMB
2178,Customer 2178,customer2178@email.com,USA,Birmingham,2022-04-25,Consumer
2179,Customer 2179,customer2179@email.com,Germany,London,2021-05-12,SMB
2180,Customer 2180,customer2180@email.com,USA,Glasgow,2023-10-23,SMB
2181,Customer 2181,customer2181@email.com,Canada,Glasgow,2021-04-25,Corporate
2182,Customer 2182,customer2182@email.com,UK,Birmingham,2022-04-26,Corporate
2183,Customer 2183,customer2183@email.com,Canada,London,2023-09-08,SMB
2184,Customer 2184,customer2184@email.com,Australia,London,2023-10-22,Corporate
2185,Customer 2185,customer2185@email.com,Canada,London,2021-11-27,SMB
2186,Customer 2186,customer2186@email.com,Australia,Leeds,2023-07-31,Consumer
2187,Customer 2187,customer2187@email.com,USA,Glasgow,2023-08-13,SMB
2188,Customer 2188,customer2188@email.com,UK,Glasgow,2023-02-07,SMB
2189,Customer 2189,customer2189@email.com,USA,Leeds,2022-01-26,Corporate
2190,Customer 2190,customer2190@email.com,France,Manchester,2023-04-14,Corporate
2191,Customer 2191,customer2191@email.com,USA,Leeds,2021-05-23,Consumer
2192,Customer 2192,customer2192@email.com,Australia,London,2021-11-24,Consumer
2193,Customer 2193,customer2193@email.com,USA,Leeds,2022-09-20,Consumer
2194,Customer 2194,customer2194@email.com,USA,London,2022-01-12,SMB
2195,Customer 2195,customer2195@email.com,UK,Birmingham,2021-03-31,Consumer
2196,Customer 2196,customer2196@email.com,USA,London,2023-03-19,Consumer
2197,Customer 2197,customer2197@email.com,UK,Glasgow,2023-10-18,Corporate
2198,Customer 2198,customer2198@email.com,Germany,Leeds,2023-12-02,Corporate
2199,Customer 2199,customer2199@email.com,France,London,2023-11-25,Consumer
2200,Customer 2200,customer2200@email.com,UK,Manchester,2023-10-09,Consumer
2201,Customer 2201,customer2201@email.com,Australia,Birmingham,2022-07-07,SMB
2202,Customer 2202,customer2202@email.com,Germany,Manchester,2021-05-04,SMB
2203,Customer 2203,customer2203@email.com,UK,Manchester,2021-02-26,Corporate
2204,Customer 2204,customer2204@email.com,UK,Manchester,2023-03-17,Consumer
2205,Customer 2205,customer2205@email.com,France,Birmingham,2025-01-19,Consumer
2206,Customer 2206,customer2206@email.com,Australia,Birmingham,2021-08-23,Consumer
2207,Customer 2207,customer2207@email.com,Canada,Birmingham,2022-08-31,Consumer
2208,Customer 2208,customer2208@email.com,Canada,Birmingham,2022-01-27,Consumer
2209,Customer 2209,customer2209@email.com,UK,Manchester,2023-08-28,SMB
2210,Customer 2210,customer2210@email.com,USA,Glasgow,2024-09-28,SMB
2211,Customer 2211,customer2211@email.com,Australia,Glasgow,2024-04-14,Consumer
2212,Customer 2212,customer2212@email.com,Germany,Birmingham,2021-02-21,SMB
2213,Customer 2213,customer2213@email.com,USA,Leeds,2022-05-04,SMB
2214,Customer 2214,customer2214@email.com,USA,London,2021-01-05,Consumer
2215,Customer 2215,customer2215@email.com,Australia,Leeds,2022-09-24,SMB
2216,Customer 2216,customer2216@email.com,UK,Leeds,2024-05-17,Consumer
2217,Customer 2217,customer2217@email.com,UK,Leeds,2021-08-05,SMB
2218,Customer 2218,customer2218@email.com,UK,Glasgow,2022-06-20,Consumer
2219,Customer 2219,customer2219@email.com,UK,London,2024-09-27,Consumer
2220,Customer 2220,customer2220@email.com,Canada,Leeds,2024-11-25,SMB
2221,Customer 2221,customer2221@email.com,UK,Birmingham,2025-01-25,SMB
2222,Customer 2222,customer2222@email.com,Canada,Glasgow,2023-01-08,Corporate
2223,Customer 2223,customer2223@email.com,Canada,Birmingham,2022-12-31,Consumer
2224,Customer 2224,customer2224@email.com,UK,Birmingham,2024-05-19,Consumer
2225,Customer 2225,customer2225@email.com,France,Leeds,2023-11-16,Consumer
2226,Customer 2226,customer2226@email.com,Germany,Birmingham,2024-06-29,Consumer
2227,Customer 2227,customer2227@email.com,USA,London,2021-01-03,SMB
2228,Customer 2228,customer2228@email.com,Canada,Birmingham,2023-10-23,SMB
2229,Customer 2229,customer2229@email.com,Australia,Leeds,2023-10-23,Corporate
2230,Customer 2230,customer2230@email.com,Australia,Birmingham,2021-05-30,Consumer
2231,Customer 2231,customer2231@email.com,Germany,Glasgow,2021-01-04,Corporate
2232,Customer 2232,customer2232@email.com,Australia,Glasgow,2022-04-13,Corporate
2233,Customer 2233,customer2233@email.com,France,Glasgow,2021-03-11,Corporate
2234,Customer 2234,customer2234@email.com,Australia,Manchester,2021-07-20,Corporate
2235,Customer 2235,customer2235@email.com,USA,Glasgow,2021-11-04,Corporate
2236,Customer 2236,customer2236@email.com,USA,Glasgow,2024-06-29,SMB
2237,Customer 2237,customer2237@email.com,Canada,Manchester,2024-08-03,SMB
2238,Customer 2238,customer2238@email.com,UK,Glasgow,2023-07-11,Corporate
2239,Customer 2239,customer2239@email.com,France,Leeds,2021-10-19,SMB
2240,Customer 2240,customer2240@email.com,Canada,Glasgow,2024-03-23,SMB
2241,Customer 2241,customer2241@email.com,France,Glasgow,2023-07-13,Corporate
2242,Customer 2242,customer2242@email.com,UK,Manchester,2024-03-02,SMB
2243,Customer 2243,customer2243@email.com,Australia,Leeds,2023-06-02,SMB
2244,Customer 2244,customer2244@email.com,Australia,Birmingham,2022-08-09,Consumer
2245,Customer 2245,customer2245@email.com,UK,London,2024-07-21,Corporate
2246,Customer 2246,customer2246@email.com,Canada,Leeds,2022-05-24,Consumer
2247,Customer 2247,customer2247@email.com,UK,Birmingham,2024-10-08,Consumer
2248,Customer 2248,customer2248@email.com,Germany,Leeds,2021-01-05,Corporate
2249,Customer 2249,customer2249@email.com,USA,Birmingham,2021-10-20,Consumer
2250,Customer 2250,customer2250@email.com,Canada,Birmingham,2021-12-26,Consumer
2251,Customer 2251,customer2251@email.com,France,Leeds,2021-08-02,SMB
2252,Customer 2252,customer2252@email.com,Germany,Manchester,2024-11-30,Consumer
2253,Customer 2253,customer2253@email.com,Canada,Leeds,2024-12-30,Corporate
2254,Customer 2254,customer2254@email.com,UK,Leeds,2023-11-05,SMB
2255,Customer 2255,customer2255@email.com,UK,Birmingham,2024-07-20,SMB
2256,Customer 2256,customer2256@email.com,UK,London,2022-07-17,SMB
2257,Customer 2257,customer2257@email.com,UK,Birmingham,2023-02-04,Corporate
2258,Customer 2258,customer2258@email.com,France,Glasgow,2021-02-14,Corporate
2259,Customer 2259,customer2259@email.com,Germany,Leeds,2022-12-04,Corporate
2260,Customer 2260,customer2260@email.com,Australia,Leeds,2022-09-26,Consumer
2261,Customer 2261,customer2261@email.com,USA,Manchester,2024-12-06,Consumer
2262,Customer 2262,customer2262@email.com,France,Birmingham,2024-04-25,SMB
2263,Customer 2263,customer2263@email.com,France,Manchester,2022-10-23,SMB
2264,Customer 2264,customer2264@email.com,Australia,Leeds,2024-04-08,Corporate
2265,Customer 2265,customer2265@email.com,Australia,Birmingham,2022-12-22,Corporate
2266,Customer 2266,customer2266@email.com,USA,Birmingham,2022-08-17,Consumer
2267,Customer 2267,customer2267@email.com,USA,Glasgow,2024-11-25,Consumer
2268,Customer 2268,customer2268@email.com,Australia,Glasgow,2021-09-03,Corporate
2269,Customer 2269,customer2269@email.com,UK,London,2023-05-07,Corporate
2270,Customer 2270,customer2270@email.com,France,Glasgow,2022-07-06,Consumer
2271,Customer 2271,customer2271@email.com,Canada,Birmingham,2021-02-12,SMB
2272,Customer 2272,customer2272@email.com,USA,Glasgow,2023-04-21,SMB
2273,Customer 2273,customer2273@email.com,USA,London,2021-06-28,Consumer
2274,Customer 2274,customer2274@email.com,Australia,Leeds,2025-01-20,Consumer
2275,Customer 2275,customer2275@email.com,Germany,Glasgow,2022-06-19,SMB
2276,Customer 2276,customer2276@email.com,Canada,Birmingham,2022-08-30,Consumer
2277,Customer 2277,customer2277@email.com,Canada,Leeds,2022-11-03,SMB
2278,Customer 2278,customer2278@email.com,USA,Birmingham,2024-06-21,SMB
2279,Customer 2279,customer2279@email.com,UK,Leeds,2023-07-16,Consumer
2280,Customer 2280,customer2280@email.com,Germany,Birmingham,2021-01-17,Corporate
2281,Customer 2281,customer2281@email.com,Canada,Glasgow,2024-02-10,Corporate
2282,Customer 2282,customer2282@email.com,USA,Glasgow,2023-04-06,Corporate
2283,Customer 2283,customer2283@email.com,Canada,London,2022-07-01,Corporate
2284,Customer 2284,customer2284@email.com,Germany,Leeds,2023-11-20,Corporate
2285,Customer 2285,customer2285@email.com,Germany,London,2024-04-30,Corporate
2286,Customer 2286,customer2286@email.com,France,Manchester,2022-03-13,Corporate
2287,Customer 2287,customer2287@email.com,Australia,Glasgow,2021-06-28,Consumer
2288,Customer 2288,customer2288@email.com,Australia,Leeds,2022-09-08,Consumer
2289,Customer 2289,customer2289@email.com,USA,London,2022-11-08,Corporate
2290,Customer 2290,customer2290@email.com,Germany,London,2025-02-06,Consumer
2291,Customer 2291,customer2291@email.com,France,Manchester,2022-09-26,SMB
2292,Customer 2292,customer2292@email.com,France,London,2024-03-03,Corporate
2293,Customer 2293,customer2293@email.com,Canada,Birmingham,2023-03-13,SMB
2294,Customer 2294,customer2294@email.com,Canada,Glasgow,2021-11-08,Consumer
2295,Customer 2295,customer2295@email.com,France,London,2021-01-25,Corporate
2296,Customer 2296,customer2296@email.com,Canada,London,2022-01-06,SMB
2297,Customer 2297,customer2297@email.com,Germany,Manchester,2022-06-09,Consumer
2298,Customer 2298,customer2298@email.com,UK,Birmingham,2024-09-04,Corporate
2299,Customer 2299,customer2299@email.com,Germany,London,2021-08-18,Corporate
2300,Customer 2300,customer2300@email.com,France,Glasgow,2024-01-31,SMB
2301,Customer 2301,customer2301@email.com,France,Glasgow,2025-01-13,SMB
2302,Customer 2302,customer2302@email.com,Germany,London,2022-01-13,SMB
2303,Customer 2303,customer2303@email.com,Canada,Birmingham,2023-06-07,Consumer
2304,Customer 2304,customer2304@email.com,Canada,Glasgow,2024-05-11,SMB
2305,Customer 2305,customer2305@email.com,Australia,Glasgow,2024-07-14,SMB
2306,Customer 2306,customer2306@email.com,France,Birmingham,2022-04-07,SMB
2307,Customer 2307,customer2307@email.com,USA,Birmingham,2021-12-31,Corporate
2308,Customer 2308,customer2308@email.com,Australia,London,2021-04-14,SMB
2309,Customer 2309,customer2309@email.com,Canada,Leeds,2024-02-09,SMB
2310,Customer 2310,customer2310@email.com,Germany,Manchester,2022-03-04,Consumer
2311,Customer 2311,customer2311@email.com,Canada,Leeds,2022-04-14,Consumer
2312,Customer 2312,customer2312@email.com,Germany,Leeds,2023-10-12,SMB
2313,Customer 2313,customer2313@email.com,Australia,Glasgow,2023-05-20,Consumer
2314,Customer 2314,customer2314@email.com,France,Birmingham,2023-02-09,Consumer
2315,Customer 2315,customer2315@email.com,Canada,Glasgow,2022-11-11,Consumer
2316,Customer 2316,customer2316@email.com,Germany,Manchester,2023-03-16,Corporate
2317,Customer 2317,customer2317@email.com,France,London,2023-06-05,SMB
2318,Customer 2318,customer2318@email.com,USA,Manchester,2022-07-15,SMB
2319,Customer 2319,customer2319@email.com,Germany,Glasgow,2024-06-27,SMB
2320,Customer 2320,customer2320@email.com,Australia,Glasgow,2021-11-27,Consumer
2321,Customer 2321,customer2321@email.com,USA,Glasgow,2022-08-10,Consumer
2322,Customer 2322,customer2322@email.com,USA,Glasgow,2021-07-20,Consumer
2323,Customer 2323,customer2323@email.com,UK,Leeds,2022-03-30,Corporate
2324,Customer 2324,customer2324@email.com,Canada,London,2023-04-06,Consumer
2325,Customer 2325,customer2325@email.com,Germany,Leeds,2021-04-21,Corporate
2326,Customer 2326,customer2326@email.com,USA,Glasgow,2023-05-14,SMB
2327,Customer 2327,customer2327@email.com,UK,Birmingham,2023-06-27,Consumer
2328,Customer 2328,customer2328@email.com,Australia,Leeds,2024-05-17,Corporate
2329,Customer 2329,customer2329@email.com,France,Glasgow,2021-02-02,Corporate
2330,Customer 2330,customer2330@email.com,Germany,Glasgow,2022-07-09,Consumer
2331,Customer 2331,customer2331@email.com,USA,London,2021-04-17,Corporate
2332,Customer 2332,customer2332@email.com,Canada,Manchester,2024-07-12,Consumer
2333,Customer 2333,customer2333@email.com,UK,Leeds,2021-08-14,Corporate
2334,Customer 2334,customer2334@email.com,USA,Leeds,2022-05-02,SMB
2335,Customer 2335,customer2335@email.com,Canada,Leeds,2021-06-28,SMB
2336,Customer 2336,customer2336@email.com,USA,Glasgow,2024-05-30,SMB
2337,Customer 2337,customer2337@email.com,Germany,London,2024-10-25,Consumer
2338,Customer 2338,customer2338@email.com,Germany,Glasgow,2022-09-29,SMB
2339,Customer 2339,customer2339@email.com,Germany,Glasgow,2023-02-27,SMB
2340,Customer 2340,customer2340@email.com,Australia,Birmingham,2021-06-16,SMB
2341,Customer 2341,customer2341@email.com,Australia,London,2022-10-25,Consumer
2342,Customer 2342,customer2342@email.com,UK,Leeds,2021-10-27,Corporate
2343,Customer 2343,customer2343@email.com,Germany,Manchester,2024-11-05,Consumer
2344,Customer 2344,customer2344@email.com,Canada,Leeds,2021-02-04,Consumer
2345,Customer 2345,customer2345@email.com,USA,Glasgow,2022-02-11,SMB
2346,Customer 2346,customer2346@email.com,France,London,2021-11-10,Corporate
2347,Customer 2347,customer2347@email.com,Canada,London,2023-03-27,SMB
2348,Customer 2348,customer2348@email.com,Australia,London,2023-01-13,SMB
2349,Customer 2349,customer2349@email.com,Australia,Birmingham,2022-12-28,Consumer
2350,Customer 2350,customer2350@email.com,Canada,Leeds,2023-04-06,Consumer
2351,Customer 2351,customer2351@email.com,Australia,Birmingham,2024-01-30,Consumer
2352,Customer 2352,customer2352@email.com,Germany,Manchester,2022-07-23,SMB
2353,Customer 2353,customer2353@email.com,UK,Glasgow,2024-05-23,Corporate
2354,Customer 2354,customer2354@email.com,USA,Birmingham,2022-07-30,Corporate
2355,Customer 2355,customer2355@email.com,UK,Birmingham,2021-03-03,SMB
2356,Customer 2356,customer2356@email.com,USA,Glasgow,2022-01-04,Corporate
2357,Customer 2357,customer2357@email.com,USA,London,2024-10-23,SMB
2358,Customer 2358,customer2358@email.com,UK,Glasgow,2021-04-04,Corporate
2359,Customer 2359,customer2359@email.com,Canada,Leeds,2025-02-01,SMB
2360,Customer 2360,customer2360@email.com,USA,Glasgow,2023-09-11,Corporate
2361,Customer 2361,customer2361@email.com,UK,London,2023-11-16,Consumer
2362,Customer 2362,customer2362@email.com,USA,Glasgow,2024-12-29,Consumer
2363,Customer 2363,customer2363@email.com,France,Birmingham,2024-02-19,Consumer
2364,Customer 2364,customer2364@email.com,Canada,Manchester,2021-02-19,Consumer
2365,Customer 2365,customer2365@email.com,Germany,Birmingham,2023-06-02,SMB
2366,Customer 2366,customer2366@email.com,USA,Manchester,2023-02-03,Corporate
2367,Customer 2367,customer2367@email.com,France,Glasgow,2021-02-05,SMB
2368,Customer 2368,customer2368@email.com,Germany,Leeds,2024-12-04,Consumer
2369,Customer 2369,customer2369@email.com,Germany,Glasgow,2024-08-05,Corporate
2370,Customer 2370,customer2370@email.com,USA,London,2024-11-03,SMB
2371,Customer 2371,customer2371@email.com,UK,Glasgow,2021-04-10,Consumer
2372,Customer 2372,customer2372@email.com,USA,Manchester,2024-09-09,Corporate
2373,Customer 2373,customer2373@email.com,France,Birmingham,2021-11-25,Corporate
2374,Customer 2374,customer2374@email.com,Germany,Leeds,2022-12-07,Consumer
2375,Customer 2375,customer2375@email.com,USA,Glasgow,2021-08-09,Consumer
2376,Customer 2376,customer2376@email.com,UK,Glasgow,2022-07-21,Corporate
2377,Customer 2377,customer2377@email.com,USA,Birmingham,2023-09-23,Consumer
2378,Customer 2378,customer2378@email.com,Canada,Leeds,2023-10-19,SMB
2379,Customer 2379,customer2379@email.com,UK,Glasgow,2021-04-20,Consumer
2380,Customer 2380,customer2380@email.com,France,Glasgow,2021-05-29,Consumer
2381,Customer 2381,customer2381@email.com,Germany,Manchester,2022-02-10,Consumer
2382,Customer 2382,customer2382@email.com,USA,Manchester,2022-11-30,Corporate
2383,Customer 2383,customer2383@email.com,UK,London,2023-10-14,Corporate
2384,Customer 2384,customer2384@email.com,Canada,Birmingham,2024-12-04,Consumer
2385,Customer 2385,customer2385@email.com,UK,Leeds,2024-02-27,Corporate
2386,Customer 2386,customer2386@email.com,Australia,Glasgow,2021-04-18,Consumer
2387,Customer 2387,customer2387@email.com,Canada,Glasgow,2022-01-24,SMB
2388,Customer 2388,customer2388@email.com,France,London,2022-03-01,Corporate
2389,Customer 2389,customer2389@email.com,Germany,Glasgow,2022-03-23,Consumer
2390,Customer 2390,customer2390@email.com,France,Birmingham,2023-07-07,Corporate
2391,Customer 2391,customer2391@email.com,USA,London,2023-12-28,SMB
2392,Customer 2392,customer2392@email.com,UK,Birmingham,2023-12-26,SMB
2393,Customer 2393,customer2393@email.com,Australia,London,2022-10-18,Consumer
2394,Customer 2394,customer2394@email.com,Canada,Glasgow,2021-11-17,Corporate
2395,Customer 2395,customer2395@email.com,Canada,London,2022-12-20,SMB
2396,Customer 2396,customer2396@email.com,UK,Manchester,2022-12-29,Corporate
2397,Customer 2397,customer2397@email.com,Australia,Leeds,2022-08-03,Consumer
2398,Customer 2398,customer2398@email.com,UK,Glasgow,2022-03-23,SMB
2399,Customer 2399,customer2399@email.com,USA,Leeds,2021-07-29,SMB
2400,Customer 2400,customer2400@email.com,France,Glasgow,2023-04-29,Corporate
2401,Customer 2401,customer2401@email.com,Canada,Leeds,2022-01-05,SMB
2402,Customer 2402,customer2402@email.com,USA,Manchester,2025-01-21,Consumer
2403,Customer 2403,customer2403@email.com,France,Leeds,2022-07-31,Consumer
2404,Customer 2404,customer2404@email.com,USA,London,2022-11-20,SMB
2405,Customer 2405,customer2405@email.com,Australia,Leeds,2023-03-01,Consumer
2406,Customer 2406,customer2406@email.com,Canada,Glasgow,2023-09-19,SMB
2407,Customer 2407,customer2407@email.com,UK,Birmingham,2021-06-12,SMB
2408,Customer 2408,customer2408@email.com,UK,Leeds,2023-09-04,SMB
2409,Customer 2409,customer2409@email.com,France,Leeds,2024-09-17,SMB
2410,Customer 2410,customer2410@email.com,Germany,Leeds,2021-12-16,Corporate
2411,Customer 2411,customer2411@email.com,Australia,Glasgow,2022-11-01,SMB
2412,Customer 2412,customer2412@email.com,France,Leeds,2025-01-31,Consumer
2413,Customer 2413,customer2413@email.com,Germany,Glasgow,2022-03-02,Corporate
2414,Customer 2414,customer2414@email.com,USA,Glasgow,2021-11-23,Consumer
2415,Customer 2415,customer2415@email.com,Australia,Birmingham,2024-02-04,SMB
2416,Customer 2416,customer2416@email.com,USA,London,2021-09-12,Consumer
2417,Customer 2417,customer2417@email.com,Canada,Glasgow,2021-12-24,Corporate
2418,Customer 2418,customer2418@email.com,Australia,Manchester,2022-03-20,Consumer
2419,Customer 2419,customer2419@email.com,Germany,Leeds,2021-04-23,Corporate
2420,Customer 2420,customer2420@email.com,Canada,Manchester,2023-11-20,SMB
2421,Customer 2421,customer2421@email.com,UK,Leeds,2022-06-08,SMB
2422,Customer 2422,customer2422@email.com,Germany,Birmingham,2022-11-20,Consumer
2423,Customer 2423,customer2423@email.com,France,Glasgow,2023-09-18,Consumer
2424,Customer 2424,customer2424@email.com,UK,London,2021-02-15,SMB
2425,Customer 2425,customer2425@email.com,UK,Glasgow,2024-04-09,SMB
2426,Customer 2426,customer2426@email.com,France,Leeds,2024-02-28,Consumer
2427,Customer 2427,customer2427@email.com,Australia,London,2023-01-27,SMB
2428,Customer 2428,customer2428@email.com,UK,Glasgow,2024-10-08,Corporate
2429,Customer 2429,customer2429@email.com,Germany,London,2024-05-11,Corporate
2430,Customer 2430,customer2430@email.com,Canada,Leeds,2024-06-03,Consumer
2431,Customer 2431,customer2431@email.com,UK,Birmingham,2024-01-09,Consumer
2432,Customer 2432,customer2432@email.com,Germany,Birmingham,2024-08-26,SMB
2433,Customer 2433,customer2433@email.com,USA,Glasgow,2023-11-25,SMB
2434,Customer 2434,customer2434@email.com,Germany,Manchester,2022-07-18,Corporate
2435,Customer 2435,customer2435@email.com,Canada,Leeds,2021-06-10,Consumer
2436,Customer 2436,customer2436@email.com,Germany,Glasgow,2023-04-20,Consumer
2437,Customer 2437,customer2437@email.com,France,Glasgow,2024-12-29,Consumer
2438,Customer 2438,customer2438@email.com,Canada,Birmingham,2022-06-22,Consumer
2439,Customer 2439,customer2439@email.com,Australia,London,2021-08-13,Corporate
2440,Customer 2440,customer2440@email.com,USA,Leeds,2025-01-09,Corporate
2441,Customer 2441,customer2441@email.com,France,London,2024-09-02,Consumer
2442,Customer 2442,customer2442@email.com,Australia,Leeds,2024-12-08,Corporate
2443,Customer 2443,customer2443@email.com,Germany,Manchester,2021-04-05,Consumer
2444,Customer 2444,customer2444@email.com,Canada,Birmingham,2024-06-02,Corporate
2445,Customer 2445,customer2445@email.com,USA,Manchester,2023-08-07,SMB
2446,Customer 2446,customer2446@email.com,France,Glasgow,2022-07-07,Corporate
2447,Customer 2447,customer2447@email.com,Australia,Birmingham,2022-10-07,Consumer
2448,Customer 2448,customer2448@email.com,Australia,Glasgow,2021-03-07,SMB
2449,Customer 2449,customer2449@email.com,USA,Manchester,2024-11-21,Consumer
2450,Customer 2450,customer2450@email.com,Germany,Leeds,2024-05-18,SMB
2451,Customer 2451,customer2451@email.com,USA,Glasgow,2025-02-06,SMB
2452,Customer 2452,customer2452@email.com,Australia,London,2022-10-27,Corporate
2453,Customer 2453,customer2453@email.com,UK,Leeds,2022-11-15,Corporate
2454,Customer 2454,customer2454@email.com,France,Leeds,2023-06-29,SMB
2455,Customer 2455,customer2455@email.com,USA,Manchester,2023-04-17,SMB
2456,Customer 2456,customer2456@email.com,Australia,Manchester,2022-07-25,SMB
2457,Customer 2457,customer2457@email.com,Germany,Birmingham,2022-11-27,Consumer
2458,Customer 2458,customer2458@email.com,Australia,Birmingham,2021-06-29,Corporate
2459,Customer 2459,customer2459@email.com,Germany,London,2023-04-14,Consumer
2460,Customer 2460,customer2460@email.com,USA,Leeds,2025-01-22,Corporate
2461,Customer 2461,customer2461@email.com,Germany,London,2023-12-28,Consumer
2462,Customer 2462,customer2462@email.com,Canada,London,2024-09-14,Corporate
2463,Customer 2463,customer2463@email.com,Canada,Manchester,2021-07-21,SMB
2464,Customer 2464,customer2464@email.com,Canada,London,2025-02-07,SMB
2465,Customer 2465,customer2465@email.com,UK,London,2023-11-05,Corporate
2466,Customer 2466,customer2466@email.com,USA,Glasgow,2023-12-02,SMB
2467,Customer 2467,customer2467@email.com,Australia,Birmingham,2022-06-27,SMB
2468,Customer 2468,customer2468@email.com,Australia,Birmingham,2023-09-09,Consumer
2469,Customer 2469,customer2469@email.com,UK,Leeds,2023-02-13,Corporate
2470,Customer 2470,customer2470@email.com,Germany,Birmingham,2024-08-05,SMB
2471,Customer 2471,customer2471@email.com,UK,Leeds,2022-11-25,Corporate
2472,Customer 2472,customer2472@email.com,Germany,Glasgow,2024-06-21,Consumer
2473,Customer 2473,customer2473@email.com,Germany,Birmingham,2022-09-04,Corporate
2474,Customer 2474,customer2474@email.com,France,Glasgow,2024-04-12,Consumer
2475,Customer 2475,customer2475@email.com,Australia,Birmingham,2021-09-01,Consumer
2476,Customer 2476,customer2476@email.com,Canada,Birmingham,2021-03-01,Consumer
2477,Customer 2477,customer2477@email.com,Germany,Glasgow,2021-04-14,SMB
2478,Customer 2478,customer2478@email.com,France,London,2022-10-13,Consumer
2479,Customer 2479,customer2479@email.com,Australia,London,2024-08-19,Corporate
2480,Customer 2480,customer2480@email.com,Canada,London,2023-10-08,Corporate
2481,Customer 2481,customer2481@email.com,Germany,London,2021-03-18,SMB
2482,Customer 2482,customer2482@email.com,Germany,Birmingham,2023-11-08,SMB
2483,Customer 2483,customer2483@email.com,UK,Manchester,2024-04-22,Consumer
2484,Customer 2484,customer2484@email.com,UK,Glasgow,2024-07-28,Consumer
2485,Customer 2485,customer2485@email.com,Australia,Manchester,2024-08-04,Consumer
2486,Customer 2486,customer2486@email.com,Canada,Manchester,2022-11-29,SMB
2487,Customer 2487,customer2487@email.com,Germany,Leeds,2025-02-06,SMB
2488,Customer 2488,customer2488@email.com,Australia,London,2023-08-04,Corporate
2489,Customer 2489,customer2489@email.com,Australia,Birmingham,2021-09-24,Consumer
2490,Customer 2490,customer2490@email.com,USA,London,2023-02-20,Consumer
2491,Customer 2491,customer2491@email.com,UK,London,2022-09-01,Corporate
2492,Customer 2492,customer2492@email.com,Canada,Manchester,2023-08-04,Corporate
2493,Customer 2493,customer2493@email.com,Germany,Leeds,2024-10-12,Corporate
2494,Customer 2494,customer2494@email.com,Australia,London,2023-10-22,Corporate
2495,Customer 2495,customer2495@email.com,Germany,Glasgow,2023-11-17,Consumer
2496,Customer 2496,customer2496@email.com,USA,Glasgow,2022-07-02,SMB
2497,Customer 2497,customer2497@email.com,Canada,London,2021-06-09,Consumer
2498,Customer 2498,customer2498@email.com,Australia,Manchester,2023-07-26,Corporate
2499,Customer 2499,customer2499@email.com,Germany,Manchester,2022-02-03,SMB
2500,Customer 2500,customer2500@email.com,UK,Birmingham,2022-06-27,Consumer
2501,Customer 2501,customer2501@email.com,USA,Leeds,2021-05-07,Corporate
2502,Customer 2502,customer2502@email.com,Canada,Manchester,2023-10-06,SMB
2503,Customer 2503,customer2503@email.com,USA,Birmingham,2023-08-06,SMB
2504,Customer 2504,customer2504@email.com,UK,Glasgow,2021-07-29,SMB
2505,Customer 2505,customer2505@email.com,Canada,Glasgow,2021-05-30,Consumer
2506,Customer 2506,customer2506@email.com,USA,Glasgow,2021-01-31,Corporate
2507,Customer 2507,customer2507@email.com,France,London,2022-09-04,Consumer
2508,Customer 2508,customer2508@email.com,UK,Leeds,2021-10-29,Consumer
2509,Customer 2509,customer2509@email.com,UK,Birmingham,2023-08-21,Consumer
2510,Customer 2510,customer2510@email.com,UK,Leeds,2023-05-15,SMB
2511,Customer 2511,customer2511@email.com,France,London,2023-02-04,Corporate
2512,Customer 2512,customer2512@email.com,France,Birmingham,2022-11-14,Consumer
2513,Customer 2513,customer2513@email.com,Germany,Birmingham,2021-09-14,Corporate
2514,Customer 2514,customer2514@email.com,Australia,Manchester,2023-07-29,SMB
2515,Customer 2515,customer2515@email.com,USA,Leeds,2023-12-17,Consumer
2516,Customer 2516,customer2516@email.com,Germany,Leeds,2021-01-09,Corporate
2517,Customer 2517,customer2517@email.com,USA,Manchester,2023-10-26,SMB
2518,Customer 2518,customer2518@email.com,Australia,Glasgow,2023-04-27,Consumer
2519,Customer 2519,customer2519@email.com,France,London,2024-02-12,Consumer
2520,Customer 2520,customer2520@email.com,Australia,Leeds,2023-02-16,Corporate
2521,Customer 2521,customer2521@email.com,France,Manchester,2022-11-16,Corporate
2522,Customer 2522,customer2522@email.com,Australia,Birmingham,2023-01-02,Consumer
2523,Customer 2523,customer2523@email.com,Germany,Manchester,2024-05-13,Consumer
2524,Customer 2524,customer2524@email.com,Canada,Glasgow,2021-01-24,SMB
2525,Customer 2525,customer2525@email.com,Germany,London,2022-05-08,SMB
2526,Customer 2526,customer2526@email.com,USA,Glasgow,2023-08-28,Consumer
2527,Customer 2527,customer2527@email.com,Germany,Birmingham,2024-11-30,Corporate
2528,Customer 2528,customer2528@email.com,UK,Birmingham,2021-04-13,Corporate
2529,Customer 2529,customer2529@email.com,USA,Birmingham,2023-12-20,Consumer
2530,Customer 2530,customer2530@email.com,Australia,Birmingham,2024-01-15,SMB
2531,Customer 2531,customer2531@email.com,USA,Manchester,2023-02-06,Consumer
2532,Customer 2532,customer2532@email.com,Canada,Birmingham,2023-10-20,Corporate
2533,Customer 2533,customer2533@email.com,France,Birmingham,2022-01-07,Consumer
2534,Customer 2534,customer2534@email.com,Australia,Manchester,2022-11-10,Consumer
2535,Customer 2535,customer2535@email.com,USA,Birmingham,2022-08-19,SMB
2536,Customer 2536,customer2536@email.com,Australia,Glasgow,2021-07-21,Corporate
2537,Customer 2537,customer2537@email.com,Australia,Glasgow,2021-03-30,Corporate
2538,Customer 2538,customer2538@email.com,Australia,Leeds,2022-03-13,Consumer
2539,Customer 2539,customer2539@email.com,France,Glasgow,2021-04-30,Corporate
2540,Customer 2540,customer2540@email.com,Germany,London,2021-06-05,Corporate
2541,Customer 2541,customer2541@email.com,Australia,London,2022-02-03,Corporate
2542,Customer 2542,customer2542@email.com,UK,London,2021-07-07,Corporate
2543,Customer 2543,customer2543@email.com,Canada,Manchester,2023-12-12,SMB
2544,Customer 2544,customer2544@email.com,France,Glasgow,2022-10-14,SMB
2545,Customer 2545,customer2545@email.com,USA,London,2022-08-10,SMB
2546,Customer 2546,customer2546@email.com,France,Leeds,2021-08-18,SMB
2547,Customer 2547,customer2547@email.com,USA,Manchester,2024-02-28,SMB
2548,Customer 2548,customer2548@email.com,France,Leeds,2021-02-24,Corporate
2549,Customer 2549,customer2549@email.com,USA,Glasgow,2021-09-28,Consumer
2550,Customer 2550,customer2550@email.com,Australia,Birmingham,2024-01-29,Consumer
2551,Customer 2551,customer2551@email.com,Germany,Leeds,2023-12-29,SMB
2552,Customer 2552,customer2552@email.com,USA,Birmingham,2024-08-15,Corporate
2553,Customer 2553,customer2553@email.com,USA,Manchester,2023-08-28,SMB
2554,Customer 2554,customer2554@email.com,UK,Leeds,2024-10-09,Consumer
2555,Customer 2555,customer2555@email.com,USA,Leeds,2024-03-21,Corporate
2556,Customer 2556,customer2556@email.com,UK,Manchester,2021-11-26,Corporate
2557,Customer 2557,customer2557@email.com,Canada,Manchester,2021-04-26,Corporate
2558,Customer 2558,customer2558@email.com,Australia,London,2021-11-19,Consumer
2559,Customer 2559,customer2559@email.com,UK,Glasgow,2022-07-17,Consumer
2560,Customer 2560,customer2560@email.com,Germany,Leeds,2021-08-17,SMB
2561,Customer 2561,customer2561@email.com,Australia,Leeds,2021-12-26,SMB
2562,Customer 2562,customer2562@email.com,UK,Manchester,2023-10-26,Consumer
2563,Customer 2563,customer2563@email.com,Australia,Manchester,2021-01-28,SMB
2564,Customer 2564,customer2564@email.com,Australia,Glasgow,2024-10-19,Consumer
2565,Customer 2565,customer2565@email.com,Australia,Manchester,2025-01-25,Corporate
2566,Customer 2566,customer2566@email.com,Canada,Birmingham,2024-06-08,SMB
2567,Customer 2567,customer2567@email.com,Germany,Birmingham,2024-11-19,Consumer
2568,Customer 2568,customer2568@email.com,France,Birmingham,2023-05-19,Consumer
2569,Customer 2569,customer2569@email.com,France,Birmingham,2024-07-18,Consumer
2570,Customer 2570,customer2570@email.com,UK,Glasgow,2024-08-20,SMB
2571,Customer 2571,customer2571@email.com,Australia,Leeds,2024-11-07,SMB
2572,Customer 2572,customer2572@email.com,UK,Birmingham,2021-01-28,Corporate
2573,Customer 2573,customer2573@email.com,Canada,Manchester,2023-01-14,SMB
2574,Customer 2574,customer2574@email.com,Canada,Birmingham,2024-05-07,SMB
2575,Customer 2575,customer2575@email.com,USA,Glasgow,2024-01-11,SMB
2576,Customer 2576,customer2576@email.com,Canada,Manchester,2024-01-17,Corporate
2577,Customer 2577,customer2577@email.com,USA,Birmingham,2024-11-14,Corporate
2578,Customer 2578,customer2578@email.com,Germany,Leeds,2022-08-03,Corporate
2579,Customer 2579,customer2579@email.com,UK,Manchester,2022-03-27,SMB
2580,Customer 2580,customer2580@email.com,Germany,Manchester,2022-03-09,Consumer
2581,Customer 2581,customer2581@email.com,Canada,Leeds,2022-01-09,SMB
2582,Customer 2582,customer2582@email.com,Germany,Manchester,2022-03-11,Corporate
2583,Customer 2583,customer2583@email.com,Germany,Birmingham,2024-04-25,SMB
2584,Customer 2584,customer2584@email.com,Germany,Manchester,2024-11-14,SMB
2585,Customer 2585,customer2585@email.com,Canada,Birmingham,2021-08-06,Consumer
2586,Customer 2586,customer2586@email.com,Australia,Leeds,2024-02-06,Consumer
2587,Customer 2587,customer2587@email.com,Germany,London,2023-08-06,SMB
2588,Customer 2588,customer2588@email.com,USA,Leeds,2021-12-15,Corporate
2589,Customer 2589,customer2589@email.com,Canada,Birmingham,2023-02-27,SMB
2590,Customer 2590,customer2590@email.com,Germany,Glasgow,2021-01-26,SMB
2591,Customer 2591,customer2591@email.com,Australia,Leeds,2023-12-08,SMB
2592,Customer 2592,customer2592@email.com,Canada,Glasgow,2023-05-09,Corporate
2593,Customer 2593,customer2593@email.com,France,Glasgow,2022-01-05,Corporate
2594,Customer 2594,customer2594@email.com,Australia,Birmingham,2023-11-04,Corporate
2595,Customer 2595,customer2595@email.com,USA,Birmingham,2024-04-25,Corporate
2596,Customer 2596,customer2596@email.com,Germany,London,2023-06-03,Corporate
2597,Customer 2597,customer2597@email.com,France,Manchester,2021-10-06,SMB
2598,Customer 2598,customer2598@email.com,France,Leeds,2021-12-07,Corporate
2599,Customer 2599,customer2599@email.com,Canada,Birmingham,2024-09-13,SMB
2600,Customer 2600,customer2600@email.com,France,Leeds,2022-08-30,SMB
2601,Customer 2601,customer2601@email.com,USA,Glasgow,2023-11-15,SMB
2602,Customer 2602,customer2602@email.com,USA,Manchester,2022-06-13,Consumer
2603,Customer 2603,customer2603@email.com,UK,London,2022-03-02,Corporate
2604,Customer 2604,customer2604@email.com,USA,Leeds,2021-01-29,Corporate
2605,Customer 2605,customer2605@email.com,Australia,Manchester,2023-08-14,SMB
2606,Customer 2606,customer2606@email.com,France,London,2021-11-19,Consumer
2607,Customer 2607,customer2607@email.com,USA,Leeds,2021-11-09,Corporate
2608,Customer 2608,customer2608@email.com,Canada,Manchester,2022-08-07,SMB
2609,Customer 2609,customer2609@email.com,UK,Birmingham,2024-07-17,Consumer
2610,Customer 2610,customer2610@email.com,France,Leeds,2023-02-01,SMB
2611,Customer 2611,customer2611@email.com,UK,Manchester,2021-10-22,Consumer
2612,Customer 2612,customer2612@email.com,France,London,2022-10-18,SMB
2613,Customer 2613,customer2613@email.com,Canada,Manchester,2023-02-25,Corporate
2614,Customer 2614,customer2614@email.com,UK,Birmingham,2021-08-11,SMB
2615,Customer 2615,customer2615@email.com,Germany,Leeds,2021-03-16,SMB
2616,Customer 2616,customer2616@email.com,Australia,Leeds,2021-04-12,Consumer
2617,Customer 2617,customer2617@email.com,Australia,Leeds,2023-06-04,Consumer
2618,Customer 2618,customer2618@email.com,France,Birmingham,2021-06-22,Corporate
2619,Customer 2619,customer2619@email.com,Germany,London,2023-10-25,SMB
2620,Customer 2620,customer2620@email.com,UK,Leeds,2022-01-30,Consumer
2621,Customer 2621,customer2621@email.com,Germany,London,2023-04-13,Corporate
2622,Customer 2622,customer2622@email.com,Germany,Manchester,2023-10-01,Corporate
2623,Customer 2623,customer2623@email.com,UK,London,2021-06-16,Consumer
2624,Customer 2624,customer2624@email.com,Canada,London,2021-10-27,Consumer
2625,Customer 2625,customer2625@email.com,Germany,Leeds,2021-04-28,SMB
2626,Customer 2626,customer2626@email.com,Germany,Glasgow,2022-05-27,Corporate
2627,Customer 2627,customer2627@email.com,Canada,Glasgow,2022-09-04,Consumer
2628,Customer 2628,customer2628@email.com,Germany,Birmingham,2024-04-13,Corporate
2629,Customer 2629,customer2629@email.com,Germany,Birmingham,2021-06-08,SMB
2630,Customer 2630,customer2630@email.com,Germany,Glasgow,2024-11-08,Consumer
2631,Customer 2631,customer2631@email.com,Australia,Manchester,2024-06-04,Corporate
2632,Customer 2632,customer2632@email.com,USA,Leeds,2023-11-28,Consumer
2633,Customer 2633,customer2633@email.com,Canada,Leeds,2022-04-08,SMB
2634,Customer 2634,customer2634@email.com,Germany,Manchester,2024-12-25,SMB
2635,Customer 2635,customer2635@email.com,Australia,Manchester,2021-04-14,SMB
2636,Customer 2636,customer2636@email.com,Canada,Glasgow,2023-09-09,SMB
2637,Customer 2637,customer2637@email.com,France,Birmingham,2024-05-01,Consumer
2638,Customer 2638,customer2638@email.com,France,Manchester,2021-09-07,Consumer
2639,Customer 2639,customer2639@email.com,Germany,Birmingham,2023-11-03,Corporate
2640,Customer 2640,customer2640@email.com,Australia,London,2022-07-21,Corporate
2641,Customer 2641,customer2641@email.com,Australia,Leeds,2022-08-20,Consumer
2642,Customer 2642,customer2642@email.com,Canada,Glasgow,2022-09-13,Consumer
2643,Customer 2643,customer2643@email.com,Canada,Leeds,2022-07-09,Corporate
2644,Customer 2644,customer2644@email.com,Australia,Glasgow,2024-11-12,Consumer
2645,Customer 2645,customer2645@email.com,Canada,London,2021-03-12,SMB
2646,Customer 2646,customer2646@email.com,Australia,Leeds,2023-08-14,SMB
2647,Customer 2647,customer2647@email.com,USA,London,2023-08-31,SMB
2648,Customer 2648,customer2648@email.com,Australia,Glasgow,2022-03-14,Corporate
2649,Customer 2649,customer2649@email.com,France,Manchester,2023-12-04,Consumer
2650,Customer 2650,customer2650@email.com,Canada,Leeds,2024-07-19,Corporate
2651,Customer 2651,customer2651@email.com,Australia,London,2023-11-04,Corporate
2652,Customer 2652,customer2652@email.com,Australia,Leeds,2024-10-26,Consumer
2653,Customer 2653,customer2653@email.com,Canada,Leeds,2024-02-10,Corporate
2654,Customer 2654,customer2654@email.com,USA,Leeds,2024-11-03,SMB
2655,Customer 2655,customer2655@email.com,USA,Birmingham,2021-11-10,Consumer
2656,Customer 2656,customer2656@email.com,Canada,London,2024-12-09,SMB
2657,Customer 2657,customer2657@email.com,UK,London,2022-04-30,SMB
2658,Customer 2658,customer2658@email.com,Canada,Leeds,2021-06-18,Consumer
2659,Customer 2659,customer2659@email.com,Canada,Manchester,2023-06-07,SMB
2660,Customer 2660,customer2660@email.com,USA,Leeds,2023-03-14,SMB
2661,Customer 2661,customer2661@email.com,USA,Birmingham,2021-09-03,SMB
2662,Customer 2662,customer2662@email.com,Canada,Glasgow,2021-09-23,Consumer
2663,Customer 2663,customer2663@email.com,Canada,Birmingham,2023-04-29,Consumer
2664,Customer 2664,customer2664@email.com,Canada,Manchester,2021-08-31,Consumer
2665,Customer 2665,customer2665@email.com,USA,Leeds,2024-08-16,Corporate
2666,Customer 2666,customer2666@email.com,Canada,London,2024-09-12,SMB
2667,Customer 2667,customer2667@email.com,Canada,Leeds,2022-06-14,Corporate
2668,Customer 2668,customer2668@email.com,Germany,Manchester,2023-04-27,Corporate
2669,Customer 2669,customer2669@email.com,UK,London,2023-10-01,SMB
2670,Customer 2670,customer2670@email.com,France,Birmingham,2021-12-08,Consumer
2671,Customer 2671,customer2671@email.com,UK,Glasgow,2024-06-26,Corporate
2672,Customer 2672,customer2672@email.com,Germany,Glasgow,2023-01-30,Consumer
2673,Customer 2673,customer2673@email.com,France,Leeds,2024-11-04,Consumer
2674,Customer 2674,customer2674@email.com,Canada,Birmingham,2023-03-09,SMB
2675,Customer 2675,customer2675@email.com,Germany,Manchester,2022-06-16,Corporate
2676,Customer 2676,customer2676@email.com,Canada,Glasgow,2023-05-14,Corporate
2677,Customer 2677,customer2677@email.com,USA,Birmingham,2024-11-05,Consumer
2678,Customer 2678,customer2678@email.com,Australia,Leeds,2021-02-11,SMB
2679,Customer 2679,customer2679@email.com,Germany,London,2024-09-30,Corporate
2680,Customer 2680,customer2680@email.com,USA,Leeds,2022-08-22,Consumer
2681,Customer 2681,customer2681@email.com,Germany,Leeds,2024-07-08,Consumer
2682,Customer 2682,customer2682@email.com,Germany,Birmingham,2021-11-02,Consumer
2683,Customer 2683,customer2683@email.com,USA,Glasgow,2023-03-20,SMB
2684,Customer 2684,customer2684@email.com,France,Birmingham,2023-05-12,SMB
2685,Customer 2685,customer2685@email.com,UK,London,2024-06-17,Consumer
2686,Customer 2686,customer2686@email.com,Canada,Birmingham,2022-11-10,Consumer
2687,Customer 2687,customer2687@email.com,Germany,Manchester,2024-08-29,SMB
2688,Customer 2688,customer2688@email.com,Canada,Leeds,2023-01-01,Consumer
2689,Customer 2689,customer2689@email.com,Australia,Glasgow,2022-03-17,Consumer
2690,Customer 2690,customer2690@email.com,USA,London,2023-07-22,SMB
2691,Customer 2691,customer2691@email.com,Canada,Leeds,2023-06-22,Consumer
2692,Customer 2692,customer2692@email.com,USA,Birmingham,2021-05-13,Consumer
2693,Customer 2693,customer2693@email.com,Canada,Manchester,2022-12-20,Consumer
2694,Customer 2694,customer2694@email.com,UK,Birmingham,2021-02-20,SMB
2695,Customer 2695,customer2695@email.com,UK,Leeds,2022-09-10,SMB
2696,Customer 2696,customer2696@email.com,UK,London,2022-01-27,SMB
2697,Customer 2697,customer2697@email.com,UK,Glasgow,2022-11-27,Corporate
2698,Customer 2698,customer2698@email.com,UK,Leeds,2022-06-07,Corporate
2699,Customer 2699,customer2699@email.com,UK,London,2022-05-23,Corporate
2700,Customer 2700,customer2700@email.com,USA,Leeds,2021-12-20,Corporate
2701,Customer 2701,customer2701@email.com,Germany,Manchester,2023-05-17,SMB
2702,Customer 2702,customer2702@email.com,Canada,Birmingham,2023-08-31,Consumer
2703,Customer 2703,customer2703@email.com,UK,Glasgow,2024-11-19,SMB
2704,Customer 2704,customer2704@email.com,USA,London,2023-08-14,Corporate
2705,Customer 2705,customer2705@email.com,USA,Glasgow,2021-04-06,SMB
2706,Customer 2706,customer2706@email.com,USA,Glasgow,2021-04-16,Consumer
2707,Customer 2707,customer2707@email.com,Germany,Glasgow,2022-11-09,Corporate
2708,Customer 2708,customer2708@email.com,Canada,London,2022-05-28,Consumer
2709,Customer 2709,customer2709@email.com,Germany,London,2024-06-19,Consumer
2710,Customer 2710,customer2710@email.com,France,Glasgow,2023-05-06,Consumer
2711,Customer 2711,customer2711@email.com,USA,Birmingham,2023-03-01,Corporate
2712,Customer 2712,customer2712@email.com,France,Leeds,2022-05-30,SMB
2713,Customer 2713,customer2713@email.com,Australia,Glasgow,2023-06-17,Corporate
2714,Customer 2714,customer2714@email.com,UK,Manchester,2023-12-21,Corporate
2715,Customer 2715,customer2715@email.com,UK,Glasgow,2024-12-10,SMB
2716,Customer 2716,customer2716@email.com,Germany,London,2023-10-05,SMB
2717,Customer 2717,customer2717@email.com,Canada,Leeds,2024-08-10,SMB
2718,Customer 2718,customer2718@email.com,France,Manchester,2023-01-07,SMB
2719,Customer 2719,customer2719@email.com,Canada,Leeds,2021-10-29,Consumer
2720,Customer 2720,customer2720@email.com,Germany,Leeds,2024-04-08,Corporate
2721,Customer 2721,customer2721@email.com,UK,Manchester,2022-10-08,Corporate
2722,Customer 2722,customer2722@email.com,Canada,Glasgow,2023-12-01,Corporate
2723,Customer 2723,customer2723@email.com,Canada,Glasgow,2021-08-19,SMB
2724,Customer 2724,customer2724@email.com,UK,Glasgow,2024-12-03,Corporate
2725,Customer 2725,customer2725@email.com,France,Birmingham,2023-01-08,Consumer
2726,Customer 2726,customer2726@email.com,UK,Glasgow,2023-09-24,Corporate
2727,Customer 2727,customer2727@email.com,Canada,Manchester,2021-10-24,Corporate
2728,Customer 2728,customer2728@email.com,France,Birmingham,2022-03-31,Consumer
2729,Customer 2729,customer2729@email.com,France,Glasgow,2023-12-17,Consumer
2730,Customer 2730,customer2730@email.com,UK,Birmingham,2023-07-31,Corporate
2731,Customer 2731,customer2731@email.com,Canada,Manchester,2021-08-28,SMB
2732,Customer 2732,customer2732@email.com,Germany,Glasgow,2024-04-14,SMB
2733,Customer 2733,customer2733@email.com,Canada,London,2023-12-23,Corporate
2734,Customer 2734,customer2734@email.com,USA,Manchester,2022-07-05,Corporate
2735,Customer 2735,customer2735@email.com,Australia,Leeds,2021-05-18,Corporate
2736,Customer 2736,customer2736@email.com,Germany,Leeds,2022-03-30,Corporate
2737,Customer 2737,customer2737@email.com,France,Manchester,2025-01-12,SMB
2738,Customer 2738,customer2738@email.com,Germany,Leeds,2024-06-03,Corporate
2739,Customer 2739,customer2739@email.com,France,Manchester,2022-03-19,Consumer
2740,Customer 2740,customer2740@email.com,France,London,2024-05-14,SMB
2741,Customer 2741,customer2741@email.com,Germany,Manchester,2021-01-27,SMB
2742,Customer 2742,customer2742@email.com,France,Glasgow,2022-04-02,Consumer
2743,Customer 2743,customer2743@email.com,France,Glasgow,2022-11-26,Corporate
2744,Customer 2744,customer2744@email.com,USA,Birmingham,2022-12-11,Corporate
2745,Customer 2745,customer2745@email.com,Canada,Leeds,2023-04-29,Corporate
2746,Customer 2746,customer2746@email.com,Canada,Leeds,2023-08-07,Corporate
2747,Customer 2747,customer2747@email.com,Australia,Manchester,2021-04-17,Corporate
2748,Customer 2748,customer2748@email.com,Australia,Leeds,2022-03-20,Consumer
2749,Customer 2749,customer2749@email.com,USA,Glasgow,2021-02-05,Corporate
2750,Customer 2750,customer2750@email.com,Australia,London,2022-08-20,Consumer
2751,Customer 2751,customer2751@email.com,Germany,Manchester,2021-06-04,Consumer
2752,Customer 2752,customer2752@email.com,UK,Leeds,2024-04-07,Consumer
2753,Customer 2753,customer2753@email.com,UK,Glasgow,2023-03-07,Corporate
2754,Customer 2754,customer2754@email.com,UK,Birmingham,2021-09-29,Corporate
2755,Customer 2755,customer2755@email.com,USA,Leeds,2024-12-14,SMB
2756,Customer 2756,customer2756@email.com,USA,London,2024-04-22,SMB
2757,Customer 2757,customer2757@email.com,France,London,2024-06-14,Consumer
2758,Customer 2758,customer2758@email.com,UK,Leeds,2025-01-04,SMB
2759,Customer 2759,customer2759@email.com,Germany,Leeds,2023-09-08,Consumer
2760,Customer 2760,customer2760@email.com,Australia,Glasgow,2021-05-02,SMB
2761,Customer 2761,customer2761@email.com,Germany,Leeds,2024-12-11,Corporate
2762,Customer 2762,customer2762@email.com,Australia,Birmingham,2024-10-30,Corporate
2763,Customer 2763,customer2763@email.com,UK,Glasgow,2024-09-11,Consumer
2764,Customer 2764,customer2764@email.com,UK,Manchester,2021-05-30,Consumer
2765,Customer 2765,customer2765@email.com,UK,Birmingham,2022-12-08,Corporate
2766,Customer 2766,customer2766@email.com,USA,Glasgow,2023-09-22,Corporate
2767,Customer 2767,customer2767@email.com,Australia,Glasgow,2021-06-02,Corporate
2768,Customer 2768,customer2768@email.com,USA,London,2023-11-07,SMB
2769,Customer 2769,customer2769@email.com,USA,Glasgow,2022-07-05,SMB
2770,Customer 2770,customer2770@email.com,Canada,Birmingham,2023-04-25,SMB
2771,Customer 2771,customer2771@email.com,Germany,Leeds,2024-10-03,SMB
2772,Customer 2772,customer2772@email.com,Germany,Birmingham,2025-01-22,Consumer
2773,Customer 2773,customer2773@email.com,France,Manchester,2024-05-10,Consumer
2774,Customer 2774,customer2774@email.com,USA,Glasgow,2024-12-17,SMB
2775,Customer 2775,customer2775@email.com,Australia,Glasgow,2021-10-07,Consumer
2776,Customer 2776,customer2776@email.com,Canada,Glasgow,2022-02-26,SMB
2777,Customer 2777,customer2777@email.com,Canada,Glasgow,2023-09-20,SMB
2778,Customer 2778,customer2778@email.com,Germany,London,2025-01-28,Corporate
2779,Customer 2779,customer2779@email.com,USA,London,2023-03-15,SMB
2780,Customer 2780,customer2780@email.com,France,Leeds,2021-12-21,Consumer
2781,Customer 2781,customer2781@email.com,USA,Glasgow,2022-01-13,SMB
2782,Customer 2782,customer2782@email.com,UK,Manchester,2024-02-22,Corporate
2783,Customer 2783,customer2783@email.com,USA,Leeds,2021-03-21,Consumer
2784,Customer 2784,customer2784@email.com,UK,Glasgow,2023-09-15,Corporate
2785,Customer 2785,customer2785@email.com,UK,London,2021-08-21,SMB
2786,Customer 2786,customer2786@email.com,France,Manchester,2021-06-03,SMB
2787,Customer 2787,customer2787@email.com,Australia,Leeds,2023-06-26,SMB
2788,Customer 2788,customer2788@email.com,Germany,Manchester,2024-12-03,SMB
2789,Customer 2789,customer2789@email.com,USA,Glasgow,2023-11-21,Consumer
2790,Customer 2790,customer2790@email.com,UK,Birmingham,2022-01-06,SMB
2791,Customer 2791,customer2791@email.com,USA,Manchester,2021-11-19,Corporate
2792,Customer 2792,customer2792@email.com,Australia,Manchester,2021-11-28,Consumer
2793,Customer 2793,customer2793@email.com,Germany,London,2021-08-31,Consumer
2794,Customer 2794,customer2794@email.com,Australia,Glasgow,2022-03-06,Consumer
2795,Customer 2795,customer2795@email.com,Germany,Manchester,2024-04-20,Corporate
2796,Customer 2796,customer2796@email.com,Canada,Glasgow,2023-03-20,Corporate
2797,Customer 2797,customer2797@email.com,Germany,London,2025-02-05,Corporate
2798,Customer 2798,customer2798@email.com,France,Glasgow,2022-01-11,Corporate
2799,Customer 2799,customer2799@email.com,Australia,London,2021-03-22,SMB
2800,Customer 2800,customer2800@email.com,UK,London,2022-02-24,SMB
2801,Customer 2801,customer2801@email.com,Canada,Leeds,2022-04-12,Corporate
2802,Customer 2802,customer2802@email.com,France,Glasgow,2024-12-22,Corporate
2803,Customer 2803,customer2803@email.com,USA,Birmingham,2023-12-17,SMB
2804,Customer 2804,customer2804@email.com,Australia,Leeds,2024-09-07,SMB
2805,Customer 2805,customer2805@email.com,UK,London,2024-07-13,Corporate
2806,Customer 2806,customer2806@email.com,Germany,Birmingham,2024-06-04,Consumer
2807,Customer 2807,customer2807@email.com,UK,Manchester,2023-04-09,Consumer
2808,Customer 2808,customer2808@email.com,USA,Manchester,2023-03-15,Corporate
2809,Customer 2809,customer2809@email.com,Canada,Leeds,2023-12-14,Consumer
2810,Customer 2810,customer2810@email.com,Canada,Birmingham,2023-09-05,SMB
2811,Customer 2811,customer2811@email.com,Australia,Glasgow,2021-01-04,Consumer
2812,Customer 2812,customer2812@email.com,Canada,Birmingham,2025-01-02,Corporate
2813,Customer 2813,customer2813@email.com,Australia,Leeds,2024-08-26,Consumer
2814,Customer 2814,customer2814@email.com,Australia,Glasgow,2022-08-26,Consumer
2815,Customer 2815,customer2815@email.com,Australia,Glasgow,2024-01-18,Consumer
2816,Customer 2816,customer2816@email.com,Germany,Manchester,2021-11-16,SMB
2817,Customer 2817,customer2817@email.com,France,Birmingham,2024-10-30,SMB
2818,Customer 2818,customer2818@email.com,Australia,Glasgow,2022-05-16,SMB
2819,Customer 2819,customer2819@email.com,Australia,Leeds,2024-06-11,Corporate
2820,Customer 2820,customer2820@email.com,France,Manchester,2024-09-22,Consumer
2821,Customer 2821,customer2821@email.com,UK,Glasgow,2022-07-25,SMB
2822,Customer 2822,customer2822@email.com,Australia,Birmingham,2021-07-04,SMB
2823,Customer 2823,customer2823@email.com,Germany,Manchester,2025-01-01,Consumer
2824,Customer 2824,customer2824@email.com,Canada,Birmingham,2022-07-10,Corporate
2825,Customer 2825,customer2825@email.com,Canada,Birmingham,2024-04-18,Consumer
2826,Customer 2826,customer2826@email.com,USA,Birmingham,2024-01-05,Corporate
2827,Customer 2827,customer2827@email.com,USA,Manchester,2023-06-12,Consumer
2828,Customer 2828,customer2828@email.com,Canada,Glasgow,2024-07-19,SMB
2829,Customer 2829,customer2829@email.com,Canada,London,2021-02-24,SMB
2830,Customer 2830,customer2830@email.com,Germany,Glasgow,2023-05-13,SMB
2831,Customer 2831,customer2831@email.com,France,Manchester,2021-03-18,Corporate
2832,Customer 2832,customer2832@email.com,USA,London,2021-10-23,Consumer
2833,Customer 2833,customer2833@email.com,France,London,2024-05-27,Corporate
2834,Customer 2834,customer2834@email.com,Germany,London,2024-07-24,SMB
2835,Customer 2835,customer2835@email.com,Canada,Leeds,2023-01-16,Corporate
2836,Customer 2836,customer2836@email.com,Australia,Manchester,2024-07-13,Corporate
2837,Customer 2837,customer2837@email.com,France,Leeds,2023-06-19,Corporate
2838,Customer 2838,customer2838@email.com,Canada,London,2021-02-12,Consumer
2839,Customer 2839,customer2839@email.com,Canada,Leeds,2024-10-16,Corporate
2840,Customer 2840,customer2840@email.com,UK,Leeds,2024-06-05,Corporate
2841,Customer 2841,customer2841@email.com,France,Manchester,2021-08-15,Corporate
2842,Customer 2842,customer2842@email.com,Australia,Birmingham,2023-12-23,SMB
2843,Customer 2843,customer2843@email.com,France,Leeds,2021-06-20,SMB
2844,Customer 2844,customer2844@email.com,Canada,Leeds,2023-08-21,Consumer
2845,Customer 2845,customer2845@email.com,Australia,London,2023-02-01,SMB
2846,Customer 2846,customer2846@email.com,Germany,London,2023-04-30,Consumer
2847,Customer 2847,customer2847@email.com,UK,London,2021-11-03,SMB
2848,Customer 2848,customer2848@email.com,Canada,Glasgow,2022-07-22,Consumer
2849,Customer 2849,customer2849@email.com,USA,Leeds,2023-09-19,Consumer
2850,Customer 2850,customer2850@email.com,USA,London,2021-02-03,Consumer
2851,Customer 2851,customer2851@email.com,UK,Manchester,2023-04-07,SMB
2852,Customer 2852,customer2852@email.com,Germany,Glasgow,2021-05-10,Corporate
2853,Customer 2853,customer2853@email.com,Canada,Birmingham,2024-11-18,SMB
2854,Customer 2854,customer2854@email.com,France,Leeds,2024-03-20,Corporate
2855,Customer 2855,customer2855@email.com,UK,Leeds,2022-10-17,SMB
2856,Customer 2856,customer2856@email.com,Germany,Manchester,2022-09-22,Corporate
2857,Customer 2857,customer2857@email.com,France,Birmingham,2024-11-08,SMB
2858,Customer 2858,customer2858@email.com,USA,Birmingham,2023-11-07,Consumer
2859,Customer 2859,customer2859@email.com,USA,Glasgow,2022-08-17,Consumer
2860,Customer 2860,customer2860@email.com,France,Leeds,2023-11-04,Consumer
2861,Customer 2861,customer2861@email.com,UK,London,2021-03-22,Corporate
2862,Customer 2862,customer2862@email.com,USA,Manchester,2024-05-15,Corporate
2863,Customer 2863,customer2863@email.com,Canada,Manchester,2021-07-23,Consumer
2864,Customer 2864,customer2864@email.com,Australia,Manchester,2024-11-03,Corporate
2865,Customer 2865,customer2865@email.com,France,Manchester,2021-01-23,Consumer
2866,Customer 2866,customer2866@email.com,France,London,2022-09-06,SMB
2867,Customer 2867,customer2867@email.com,USA,London,2024-03-31,Corporate
2868,Customer 2868,customer2868@email.com,UK,Glasgow,2021-05-24,Corporate
2869,Customer 2869,customer2869@email.com,Canada,Leeds,2021-04-14,SMB
2870,Customer 2870,customer2870@email.com,UK,London,2024-11-06,Corporate
2871,Customer 2871,customer2871@email.com,Germany,Glasgow,2025-01-18,Corporate
2872,Customer 2872,customer2872@email.com,Germany,Birmingham,2024-12-11,Corporate
2873,Customer 2873,customer2873@email.com,Australia,Leeds,2021-11-20,SMB
2874,Customer 2874,customer2874@email.com,USA,London,2024-04-09,Consumer
2875,Customer 2875,customer2875@email.com,USA,Birmingham,2022-07-30,Consumer
2876,Customer 2876,customer2876@email.com,USA,Glasgow,2021-10-01,SMB
2877,Customer 2877,customer2877@email.com,Australia,London,2022-03-28,SMB
2878,Customer 2878,customer2878@email.com,Germany,London,2023-05-31,SMB
2879,Customer 2879,customer2879@email.com,UK,Birmingham,2021-05-05,Consumer
2880,Customer 2880,customer2880@email.com,Australia,London,2024-11-07,SMB
2881,Customer 2881,customer2881@email.com,Australia,Manchester,2021-11-13,Consumer
2882,Customer 2882,customer2882@email.com,UK,London,2021-04-17,SMB
2883,Customer 2883,customer2883@email.com,USA,Leeds,2023-06-26,Corporate
2884,Customer 2884,customer2884@email.com,Canada,Birmingham,2025-01-26,Consumer
2885,Customer 2885,customer2885@email.com,UK,Leeds,2022-03-06,Consumer
2886,Customer 2886,customer2886@email.com,Germany,Glasgow,2022-12-05,SMB
2887,Customer 2887,customer2887@email.com,France,Leeds,2024-09-22,Corporate
2888,Customer 2888,customer2888@email.com,France,Manchester,2023-08-30,Consumer
2889,Customer 2889,customer2889@email.com,Australia,Manchester,2021-12-28,SMB
2890,Customer 2890,customer2890@email.com,France,Leeds,2023-03-07,Corporate
2891,Customer 2891,customer2891@email.com,Canada,Glasgow,2022-03-08,Consumer
2892,Customer 2892,customer2892@email.com,USA,London,2022-11-06,SMB
2893,Customer 2893,customer2893@email.com,Germany,Manchester,2023-05-09,Corporate
2894,Customer 2894,customer2894@email.com,Canada,Leeds,2024-11-30,Consumer
2895,Customer 2895,customer2895@email.com,Germany,Leeds,2023-10-11,Consumer
2896,Customer 2896,customer2896@email.com,Germany,Leeds,2024-11-01,Corporate
2897,Customer 2897,customer2897@email.com,USA,London,2024-03-21,SMB
2898,Customer 2898,customer2898@email.com,Australia,Birmingham,2024-09-07,SMB
2899,Customer 2899,customer2899@email.com,France,Glasgow,2024-05-22,Corporate
2900,Customer 2900,customer2900@email.com,USA,Birmingham,2022-07-30,Consumer
2901,Customer 2901,customer2901@email.com,Canada,Glasgow,2023-12-25,Corporate
2902,Customer 2902,customer2902@email.com,Australia,Glasgow,2023-06-12,Corporate
2903,Customer 2903,customer2903@email.com,Canada,Leeds,2021-09-27,Corporate
2904,Customer 2904,customer2904@email.com,Australia,Manchester,2024-01-29,Consumer
2905,Customer 2905,customer2905@email.com,Canada,Leeds,2024-02-03,Corporate
2906,Customer 2906,customer2906@email.com,USA,London,2024-02-29,Corporate
2907,Customer 2907,customer2907@email.com,Australia,Glasgow,2024-11-13,Consumer
2908,Customer 2908,customer2908@email.com,Australia,Manchester,2024-09-06,Consumer
2909,Customer 2909,customer2909@email.com,Germany,Glasgow,2022-03-14,Corporate
2910,Customer 2910,customer2910@email.com,Germany,Glasgow,2023-11-09,SMB
2911,Customer 2911,customer2911@email.com,UK,Leeds,2021-08-13,Corporate
2912,Customer 2912,customer2912@email.com,Canada,Manchester,2023-09-17,Consumer
2913,Customer 2913,customer2913@email.com,Germany,Manchester,2022-04-05,Consumer
2914,Customer 2914,customer2914@email.com,UK,Glasgow,2022-01-29,Consumer
2915,Customer 2915,customer2915@email.com,Germany,Manchester,2024-06-03,SMB
2916,Customer 2916,customer2916@email.com,Canada,Manchester,2023-07-01,Consumer
2917,Customer 2917,customer2917@email.com,Australia,Leeds,2024-10-15,SMB
2918,Customer 2918,customer2918@email.com,France,Birmingham,2024-12-24,Consumer
2919,Customer 2919,customer2919@email.com,Canada,London,2021-01-15,Consumer
2920,Customer 2920,customer2920@email.com,USA,Birmingham,2022-07-14,Corporate
2921,Customer 2921,customer2921@email.com,Germany,Manchester,2023-10-01,SMB
2922,Customer 2922,customer2922@email.com,Germany,Glasgow,2022-02-18,Corporate
2923,Customer 2923,customer2923@email.com,Australia,London,2024-10-10,SMB
2924,Customer 2924,customer2924@email.com,USA,London,2025-01-20,Consumer
2925,Customer 2925,customer2925@email.com,Australia,Glasgow,2023-09-26,Consumer
2926,Customer 2926,customer2926@email.com,USA,London,2024-05-04,SMB
2927,Customer 2927,customer2927@email.com,France,Glasgow,2021-04-25,Corporate
2928,Customer 2928,customer2928@email.com,Germany,London,2024-12-11,SMB
2929,Customer 2929,customer2929@email.com,Germany,Birmingham,2024-10-07,SMB
2930,Customer 2930,customer2930@email.com,France,London,2023-09-03,SMB
2931,Customer 2931,customer2931@email.com,UK,Leeds,2024-01-04,Consumer
2932,Customer 2932,customer2932@email.com,Australia,Glasgow,2021-02-05,SMB
2933,Customer 2933,customer2933@email.com,France,London,2021-08-30,Consumer
2934,Customer 2934,customer2934@email.com,Australia,Glasgow,2021-03-04,Corporate
2935,Customer 2935,customer2935@email.com,Canada,Leeds,2022-10-28,Consumer
2936,Customer 2936,customer2936@email.com,Germany,London,2022-05-24,Corporate
2937,Customer 2937,customer2937@email.com,Australia,London,2021-07-07,Corporate
2938,Customer 2938,customer2938@email.com,USA,Leeds,2023-01-05,Corporate
2939,Customer 2939,customer2939@email.com,Australia,Leeds,2021-04-03,Consumer
2940,Customer 2940,customer2940@email.com,Canada,Leeds,2021-01-05,SMB
2941,Customer 2941,customer2941@email.com,Germany,Glasgow,2025-01-01,Consumer
2942,Customer 2942,customer2942@email.com,France,Leeds,2024-04-04,Corporate
2943,Customer 2943,customer2943@email.com,Canada,Glasgow,2025-01-09,SMB
2944,Customer 2944,customer2944@email.com,Germany,Birmingham,2021-01-25,Consumer
2945,Customer 2945,customer2945@email.com,Australia,London,2022-05-23,Corporate
2946,Customer 2946,customer2946@email.com,UK,London,2021-04-08,Corporate
2947,Customer 2947,customer2947@email.com,UK,Manchester,2024-07-15,SMB
2948,Customer 2948,customer2948@email.com,USA,Birmingham,2022-10-24,Consumer
2949,Customer 2949,customer2949@email.com,Germany,Leeds,2024-11-17,SMB
2950,Customer 2950,customer2950@email.com,UK,Leeds,2024-08-01,SMB
2951,Customer 2951,customer2951@email.com,France,Birmingham,2022-11-15,SMB
2952,Customer 2952,customer2952@email.com,Germany,Leeds,2024-02-07,SMB
2953,Customer 2953,customer2953@email.com,France,Manchester,2021-01-27,Consumer
2954,Customer 2954,customer2954@email.com,France,Glasgow,2021-02-24,SMB
2955,Customer 2955,customer2955@email.com,UK,London,2024-03-02,Corporate
2956,Customer 2956,customer2956@email.com,Germany,Birmingham,2023-12-12,Corporate
2957,Customer 2957,customer2957@email.com,Australia,London,2023-02-20,Corporate
2958,Customer 2958,customer2958@email.com,Canada,Glasgow,2021-10-25,SMB
2959,Customer 2959,customer2959@email.com,UK,Birmingham,2024-11-23,Corporate
2960,Customer 2960,customer2960@email.com,UK,Glasgow,2023-11-08,Consumer
2961,Customer 2961,customer2961@email.com,Australia,Leeds,2023-03-29,SMB
2962,Customer 2962,customer2962@email.com,Germany,Leeds,2023-05-05,SMB
2963,Customer 2963,customer2963@email.com,Germany,Leeds,2022-07-13,SMB
2964,Customer 2964,customer2964@email.com,France,Glasgow,2024-06-23,Consumer
2965,Customer 2965,customer2965@email.com,Australia,Glasgow,2022-05-18,SMB
2966,Customer 2966,customer2966@email.com,Australia,Glasgow,2024-01-18,SMB
2967,Customer 2967,customer2967@email.com,Germany,London,2021-07-22,Corporate
2968,Customer 2968,customer2968@email.com,France,Glasgow,2023-08-04,Corporate
2969,Customer 2969,customer2969@email.com,UK,Leeds,2021-08-28,SMB
2970,Customer 2970,customer2970@email.com,USA,Manchester,2022-05-05,Consumer
2971,Customer 2971,customer2971@email.com,Canada,Glasgow,2023-11-03,Corporate
2972,Customer 2972,customer2972@email.com,UK,Manchester,2022-10-11,SMB
2973,Customer 2973,customer2973@email.com,Germany,Leeds,2024-08-31,Corporate
2974,Customer 2974,customer2974@email.com,Canada,Glasgow,2022-11-16,Corporate
2975,Customer 2975,customer2975@email.com,USA,London,2024-05-06,Consumer
2976,Customer 2976,customer2976@email.com,USA,London,2021-08-31,SMB
2977,Customer 2977,customer2977@email.com,France,Manchester,2022-05-22,Corporate
2978,Customer 2978,customer2978@email.com,Canada,London,2023-12-03,SMB
2979,Customer 2979,customer2979@email.com,France,London,2024-09-15,Consumer
2980,Customer 2980,customer2980@email.com,UK,London,2024-12-23,Consumer
2981,Customer 2981,customer2981@email.com,Australia,Leeds,2022-09-05,Corporate
2982,Customer 2982,customer2982@email.com,Australia,London,2021-06-11,Consumer
2983,Customer 2983,customer2983@email.com,Australia,Birmingham,2022-10-18,Corporate
2984,Customer 2984,customer2984@email.com,Canada,Glasgow,2023-08-17,SMB
2985,Customer 2985,customer2985@email.com,Australia,London,2022-09-13,Corporate
2986,Customer 2986,customer2986@email.com,UK,London,2024-12-29,Corporate
2987,Customer 2987,customer2987@email.com,France,London,2024-06-10,Consumer
2988,Customer 2988,customer2988@email.com,Canada,Birmingham,2021-04-21,SMB
2989,Customer 2989,customer2989@email.com,France,London,2023-07-23,SMB
2990,Customer 2990,customer2990@email.com,Canada,London,2024-06-09,Corporate
2991,Customer 2991,customer2991@email.com,France,Glasgow,2023-01-20,SMB
2992,Customer 2992,customer2992@email.com,USA,Birmingham,2022-12-10,SMB
2993,Customer 2993,customer2993@email.com,France,Birmingham,2021-09-30,Corporate
2994,Customer 2994,customer2994@email.com,Australia,London,2023-03-18,Corporate
2995,Customer 2995,customer2995@email.com,USA,Birmingham,2021-02-10,SMB
2996,Customer 2996,customer2996@email.com,France,Manchester,2022-07-14,Corporate
2997,Customer 2997,customer2997@email.com,Canada,Birmingham,2022-04-11,Consumer
2998,Customer 2998,customer2998@email.com,Canada,Birmingham,2024-01-06,SMB
2999,Customer 2999,customer2999@email.com,Canada,Birmingham,2022-05-05,Corporate
3000,Customer 3000,customer3000@email.com,Germany,Leeds,2021-04-27,SMB
3001,Customer 3001,customer3001@email.com,UK,Leeds,2022-03-10,SMB
3002,Customer 3002,customer3002@email.com,Canada,Leeds,2023-11-09,Consumer
3003,Customer 3003,customer3003@email.com,USA,Birmingham,2023-09-21,Consumer
3004,Customer 3004,customer3004@email.com,Canada,Manchester,2021-07-15,SMB
3005,Customer 3005,customer3005@email.com,Germany,Birmingham,2022-09-11,Consumer
3006,Customer 3006,customer3006@email.com,Australia,London,2025-01-14,Corporate
3007,Customer 3007,customer3007@email.com,USA,Manchester,2022-03-01,SMB
3008,Customer 3008,customer3008@email.com,Germany,Leeds,2024-11-18,Consumer
3009,Customer 3009,customer3009@email.com,Australia,Glasgow,2024-07-31,SMB
3010,Customer 3010,customer3010@email.com,USA,Manchester,2021-02-03,SMB
3011,Customer 3011,customer3011@email.com,France,Leeds,2021-10-22,Corporate
3012,Customer 3012,customer3012@email.com,UK,Manchester,2023-10-04,Corporate
3013,Customer 3013,customer3013@email.com,UK,Manchester,2024-06-28,Corporate
3014,Customer 3014,customer3014@email.com,Germany,Birmingham,2021-12-05,Consumer
3015,Customer 3015,customer3015@email.com,Australia,London,2022-09-10,Consumer
3016,Customer 3016,customer3016@email.com,UK,Glasgow,2025-01-03,Consumer
3017,Customer 3017,customer3017@email.com,Australia,Leeds,2021-06-29,Corporate
3018,Customer 3018,customer3018@email.com,Australia,Manchester,2022-09-14,SMB
3019,Customer 3019,customer3019@email.com,Germany,Glasgow,2024-06-05,Corporate
3020,Customer 3020,customer3020@email.com,Germany,Manchester,2022-09-11,Consumer
3021,Customer 3021,customer3021@email.com,Germany,London,2022-10-05,Consumer
3022,Customer 3022,customer3022@email.com,UK,Glasgow,2021-01-23,Consumer
3023,Customer 3023,customer3023@email.com,Germany,Leeds,2024-09-12,Corporate
3024,Customer 3024,customer3024@email.com,UK,Manchester,2024-03-23,Consumer
3025,Customer 3025,customer3025@email.com,Germany,London,2022-09-11,Corporate
3026,Customer 3026,customer3026@email.com,Canada,Glasgow,2024-03-15,SMB
3027,Customer 3027,customer3027@email.com,Australia,Manchester,2021-09-09,Corporate
3028,Customer 3028,customer3028@email.com,Germany,Manchester,2021-10-29,Consumer
3029,Customer 3029,customer3029@email.com,USA,Leeds,2023-12-30,SMB
3030,Customer 3030,customer3030@email.com,Australia,London,2024-01-22,Consumer
3031,Customer 3031,customer3031@email.com,Australia,Birmingham,2021-06-12,SMB
3032,Customer 3032,customer3032@email.com,Germany,Manchester,2024-01-10,Consumer
3033,Customer 3033,customer3033@email.com,France,Glasgow,2023-12-23,Corporate
3034,Customer 3034,customer3034@email.com,Germany,Leeds,2022-09-04,Consumer
3035,Customer 3035,customer3035@email.com,Australia,Leeds,2024-12-30,Corporate
3036,Customer 3036,customer3036@email.com,USA,Manchester,2023-12-08,Corporate
3037,Customer 3037,customer3037@email.com,Australia,Manchester,2022-03-21,SMB
3038,Customer 3038,customer3038@email.com,USA,Manchester,2021-03-15,Corporate
3039,Customer 3039,customer3039@email.com,UK,Birmingham,2023-04-06,Corporate
3040,Customer 3040,customer3040@email.com,Canada,Manchester,2022-06-26,Corporate
3041,Customer 3041,customer3041@email.com,Australia,London,2021-06-06,SMB
3042,Customer 3042,customer3042@email.com,Germany,Glasgow,2024-07-13,Consumer
3043,Customer 3043,customer3043@email.com,UK,Manchester,2021-09-13,Consumer
3044,Customer 3044,customer3044@email.com,Canada,Birmingham,2023-11-29,Corporate
3045,Customer 3045,customer3045@email.com,Germany,Glasgow,2023-12-15,Corporate
3046,Customer 3046,customer3046@email.com,France,Leeds,2023-11-18,Consumer
3047,Customer 3047,customer3047@email.com,Germany,Manchester,2023-07-26,Corporate
3048,Customer 3048,customer3048@email.com,USA,Glasgow,2021-04-28,Consumer
3049,Customer 3049,customer3049@email.com,USA,Leeds,2022-01-05,SMB
3050,Customer 3050,customer3050@email.com,France,Birmingham,2021-07-28,Corporate
3051,Customer 3051,customer3051@email.com,UK,London,2022-08-10,Corporate
3052,Customer 3052,customer3052@email.com,Canada,Manchester,2023-04-29,Consumer
3053,Customer 3053,customer3053@email.com,Germany,London,2021-11-12,Consumer
3054,Customer 3054,customer3054@email.com,USA,Birmingham,2024-11-17,SMB
3055,Customer 3055,customer3055@email.com,UK,Glasgow,2022-03-20,Corporate
3056,Customer 3056,customer3056@email.com,France,Glasgow,2024-07-06,Consumer
3057,Customer 3057,customer3057@email.com,Australia,Birmingham,2024-05-06,SMB
3058,Customer 3058,customer3058@email.com,USA,Birmingham,2022-09-20,Consumer
3059,Customer 3059,customer3059@email.com,France,Manchester,2022-03-21,Consumer
3060,Customer 3060,customer3060@email.com,Germany,Leeds,2022-07-24,SMB
3061,Customer 3061,customer3061@email.com,Canada,London,2022-08-05,SMB
3062,Customer 3062,customer3062@email.com,USA,London,2022-08-28,SMB
3063,Customer 3063,customer3063@email.com,USA,Glasgow,2023-01-11,SMB
3064,Customer 3064,customer3064@email.com,Germany,Glasgow,2023-06-27,SMB
3065,Customer 3065,customer3065@email.com,Australia,Manchester,2022-10-11,SMB
3066,Customer 3066,customer3066@email.com,UK,Birmingham,2021-11-01,Corporate
3067,Customer 3067,customer3067@email.com,Canada,London,2021-12-05,SMB
3068,Customer 3068,customer3068@email.com,USA,Manchester,2022-06-13,Corporate
3069,Customer 3069,customer3069@email.com,Canada,Glasgow,2021-02-23,Consumer
3070,Customer 3070,customer3070@email.com,USA,Glasgow,2024-02-10,Consumer
3071,Customer 3071,customer3071@email.com,Canada,London,2022-11-15,SMB
3072,Customer 3072,customer3072@email.com,France,Glasgow,2022-02-23,Consumer
3073,Customer 3073,customer3073@email.com,USA,Glasgow,2021-11-01,SMB
3074,Customer 3074,customer3074@email.com,Canada,Leeds,2025-01-01,SMB
3075,Customer 3075,customer3075@email.com,UK,Birmingham,2021-03-26,Corporate
3076,Customer 3076,customer3076@email.com,France,Glasgow,2021-09-09,Consumer
3077,Customer 3077,customer3077@email.com,France,Leeds,2021-05-06,SMB
3078,Customer 3078,customer3078@email.com,UK,Manchester,2022-09-02,Consumer
3079,Customer 3079,customer3079@email.com,Canada,Glasgow,2024-11-29,Corporate
3080,Customer 3080,customer3080@email.com,Germany,Manchester,2021-10-31,Consumer
3081,Customer 3081,customer3081@email.com,UK,Glasgow,2023-11-18,Corporate
3082,Customer 3082,customer3082@email.com,Canada,London,2023-04-28,Corporate
3083,Customer 3083,customer3083@email.com,UK,Leeds,2024-07-13,Corporate
3084,Customer 3084,customer3084@email.com,UK,Leeds,2023-12-12,SMB
3085,Customer 3085,customer3085@email.com,USA,London,2022-10-17,SMB
3086,Customer 3086,customer3086@email.com,Canada,Birmingham,2022-10-06,Consumer
3087,Customer 3087,customer3087@email.com,Germany,Leeds,2023-05-08,SMB
3088,Customer 3088,customer3088@email.com,USA,Manchester,2022-05-26,SMB
3089,Customer 3089,customer3089@email.com,UK,Leeds,2021-07-26,Consumer
3090,Customer 3090,customer3090@email.com,Australia,Birmingham,2022-07-28,Corporate
3091,Customer 3091,customer3091@email.com,UK,Manchester,2023-05-25,Corporate
3092,Customer 3092,customer3092@email.com,UK,Manchester,2022-05-26,Consumer
3093,Customer 3093,customer3093@email.com,Canada,London,2021-07-20,SMB
3094,Customer 3094,customer3094@email.com,Canada,Glasgow,2023-04-03,Consumer
3095,Customer 3095,customer3095@email.com,USA,London,2024-07-31,Consumer
3096,Customer 3096,customer3096@email.com,Germany,Glasgow,2024-10-12,SMB
3097,Customer 3097,customer3097@email.com,USA,London,2023-12-07,Consumer
3098,Customer 3098,customer3098@email.com,France,Glasgow,2023-10-17,SMB
3099,Customer 3099,customer3099@email.com,UK,Leeds,2021-05-17,SMB
3100,Customer 3100,customer3100@email.com,Australia,Manchester,2021-05-10,Consumer
3101,Customer 3101,customer3101@email.com,UK,Glasgow,2024-05-03,Corporate
3102,Customer 3102,customer3102@email.com,UK,Leeds,2023-10-15,SMB
3103,Customer 3103,customer3103@email.com,USA,Birmingham,2024-10-19,Corporate
3104,Customer 3104,customer3104@email.com,Australia,London,2022-03-08,SMB
3105,Customer 3105,customer3105@email.com,Australia,Birmingham,2023-12-29,Corporate
3106,Customer 3106,customer3106@email.com,Australia,Leeds,2025-01-21,Consumer
3107,Customer 3107,customer3107@email.com,USA,Birmingham,2022-06-24,SMB
3108,Customer 3108,customer3108@email.com,UK,Birmingham,2021-12-01,Consumer
3109,Customer 3109,customer3109@email.com,USA,Leeds,2022-06-10,Consumer
3110,Customer 3110,customer3110@email.com,Canada,Manchester,2022-07-12,Consumer
3111,Customer 3111,customer3111@email.com,Canada,Glasgow,2023-06-28,SMB
3112,Customer 3112,customer3112@email.com,USA,London,2023-11-06,Consumer
3113,Customer 3113,customer3113@email.com,Australia,Glasgow,2025-01-19,Consumer
3114,Customer 3114,customer3114@email.com,UK,London,2022-05-25,SMB
3115,Customer 3115,customer3115@email.com,USA,Glasgow,2021-07-28,Consumer
3116,Customer 3116,customer3116@email.com,USA,Birmingham,2024-03-27,SMB
3117,Customer 3117,customer3117@email.com,USA,Manchester,2024-09-22,Consumer
3118,Customer 3118,customer3118@email.com,France,Birmingham,2024-06-18,Corporate
3119,Customer 3119,customer3119@email.com,Canada,Manchester,2021-02-27,Consumer
3120,Customer 3120,customer3120@email.com,Australia,Leeds,2023-03-27,Corporate
3121,Customer 3121,customer3121@email.com,Germany,London,2024-08-21,SMB
3122,Customer 3122,customer3122@email.com,Australia,London,2024-09-30,Corporate
3123,Customer 3123,customer3123@email.com,Germany,Leeds,2023-11-04,SMB
3124,Customer 3124,customer3124@email.com,France,Glasgow,2024-10-14,Consumer
3125,Customer 3125,customer3125@email.com,USA,Leeds,2022-01-12,Corporate
3126,Customer 3126,customer3126@email.com,France,Leeds,2021-08-31,Consumer
3127,Customer 3127,customer3127@email.com,France,Manchester,2023-09-20,Corporate
3128,Customer 3128,customer3128@email.com,UK,Leeds,2024-03-14,SMB
3129,Customer 3129,customer3129@email.com,Canada,London,2023-06-10,SMB
3130,Customer 3130,customer3130@email.com,Germany,Birmingham,2022-02-19,SMB
3131,Customer 3131,customer3131@email.com,USA,Manchester,2022-01-29,SMB
3132,Customer 3132,customer3132@email.com,Germany,Manchester,2022-12-30,Consumer
3133,Customer 3133,customer3133@email.com,Australia,Glasgow,2021-12-24,Consumer
3134,Customer 3134,customer3134@email.com,Germany,Birmingham,2024-03-27,Consumer
3135,Customer 3135,customer3135@email.com,Australia,Manchester,2022-11-05,Consumer
3136,Customer 3136,customer3136@email.com,Canada,Leeds,2021-01-18,Consumer
3137,Customer 3137,customer3137@email.com,Australia,Manchester,2022-12-29,SMB
3138,Customer 3138,customer3138@email.com,Germany,Manchester,2022-07-15,Consumer
3139,Customer 3139,customer3139@email.com,Germany,Manchester,2024-10-02,Consumer
3140,Customer 3140,customer3140@email.com,Australia,Glasgow,2023-12-18,Consumer
3141,Customer 3141,customer3141@email.com,France,Manchester,2021-06-04,SMB
3142,Customer 3142,customer3142@email.com,Canada,Manchester,2022-05-02,SMB
3143,Customer 3143,customer3143@email.com,UK,Glasgow,2021-05-31,SMB
3144,Customer 3144,customer3144@email.com,USA,Birmingham,2024-10-14,SMB
3145,Customer 3145,customer3145@email.com,Germany,London,2022-01-03,Consumer
3146,Customer 3146,customer3146@email.com,USA,Glasgow,2023-12-07,Consumer
3147,Customer 3147,customer3147@email.com,UK,Glasgow,2021-07-26,Corporate
3148,Customer 3148,customer3148@email.com,USA,Manchester,2022-03-26,Consumer
3149,Customer 3149,customer3149@email.com,UK,Manchester,2023-07-13,SMB
3150,Customer 3150,customer3150@email.com,Australia,London,2022-11-28,SMB
3151,Customer 3151,customer3151@email.com,France,Manchester,2022-07-24,Consumer
3152,Customer 3152,customer3152@email.com,Germany,Leeds,2021-05-23,Corporate
3153,Customer 3153,customer3153@email.com,UK,Manchester,2024-11-24,SMB
3154,Customer 3154,customer3154@email.com,USA,Manchester,2024-01-26,Corporate
3155,Customer 3155,customer3155@email.com,Germany,Leeds,2023-12-07,SMB
3156,Customer 3156,customer3156@email.com,France,London,2021-07-10,SMB
3157,Customer 3157,customer3157@email.com,Australia,Leeds,2021-05-20,Consumer
3158,Customer 3158,customer3158@email.com,Germany,Glasgow,2022-09-07,SMB
3159,Customer 3159,customer3159@email.com,UK,Leeds,2024-06-08,Corporate
3160,Customer 3160,customer3160@email.com,France,Birmingham,2024-09-25,Corporate
3161,Customer 3161,customer3161@email.com,USA,Glasgow,2023-07-14,Consumer
3162,Customer 3162,customer3162@email.com,France,Manchester,2023-12-09,SMB
3163,Customer 3163,customer3163@email.com,France,Glasgow,2022-09-16,Corporate
3164,Customer 3164,customer3164@email.com,Canada,London,2025-01-16,Consumer
3165,Customer 3165,customer3165@email.com,France,London,2024-09-01,Corporate
3166,Customer 3166,customer3166@email.com,France,Leeds,2024-09-07,Consumer
3167,Customer 3167,customer3167@email.com,Germany,Glasgow,2021-03-28,Corporate
3168,Customer 3168,customer3168@email.com,USA,Manchester,2025-02-06,SMB
3169,Customer 3169,customer3169@email.com,Germany,London,2021-10-09,Corporate
3170,Customer 3170,customer3170@email.com,Germany,Manchester,2023-02-03,Corporate
3171,Customer 3171,customer3171@email.com,UK,Birmingham,2024-01-03,Consumer
3172,Customer 3172,customer3172@email.com,Germany,London,2022-03-29,Consumer
3173,Customer 3173,customer3173@email.com,Canada,Leeds,2021-02-16,Consumer
3174,Customer 3174,customer3174@email.com,Canada,Birmingham,2024-01-25,Corporate
3175,Customer 3175,customer3175@email.com,UK,Glasgow,2023-07-27,Consumer
3176,Customer 3176,customer3176@email.com,Australia,Manchester,2021-01-31,SMB
3177,Customer 3177,customer3177@email.com,USA,London,2022-06-18,Consumer
3178,Customer 3178,customer3178@email.com,USA,Birmingham,2021-01-17,Consumer
3179,Customer 3179,customer3179@email.com,Germany,Birmingham,2024-05-20,SMB
3180,Customer 3180,customer3180@email.com,Germany,London,2024-06-12,Consumer
3181,Customer 3181,customer3181@email.com,Australia,Glasgow,2022-01-27,Consumer
3182,Customer 3182,customer3182@email.com,Germany,Glasgow,2023-10-04,Corporate
3183,Customer 3183,customer3183@email.com,USA,Leeds,2021-12-20,Corporate
3184,Customer 3184,customer3184@email.com,France,Glasgow,2021-11-01,Consumer
3185,Customer 3185,customer3185@email.com,Canada,Leeds,2022-05-24,SMB
3186,Customer 3186,customer3186@email.com,France,Birmingham,2022-12-13,Consumer
3187,Customer 3187,customer3187@email.com,France,London,2024-11-19,Consumer
3188,Customer 3188,customer3188@email.com,USA,Glasgow,2024-12-25,Consumer
3189,Customer 3189,customer3189@email.com,France,Leeds,2022-11-16,Corporate
3190,Customer 3190,customer3190@email.com,Australia,Birmingham,2023-02-25,SMB
3191,Customer 3191,customer3191@email.com,UK,Glasgow,2023-05-07,SMB
3192,Customer 3192,customer3192@email.com,Germany,Manchester,2021-06-26,SMB
3193,Customer 3193,customer3193@email.com,UK,Birmingham,2024-11-30,Corporate
3194,Customer 3194,customer3194@email.com,Canada,Glasgow,2021-10-28,Corporate
3195,Customer 3195,customer3195@email.com,Germany,Birmingham,2022-03-21,Consumer
3196,Customer 3196,customer3196@email.com,France,London,2024-02-25,Corporate
3197,Customer 3197,customer3197@email.com,Canada,London,2024-10-04,Consumer
3198,Customer 3198,customer3198@email.com,Germany,London,2021-01-21,Corporate
3199,Customer 3199,customer3199@email.com,Australia,Manchester,2023-10-13,Consumer
3200,Customer 3200,customer3200@email.com,Australia,London,2022-12-12,Corporate
3201,Customer 3201,customer3201@email.com,Australia,Manchester,2022-12-02,SMB
3202,Customer 3202,customer3202@email.com,Australia,London,2024-12-14,Consumer
3203,Customer 3203,customer3203@email.com,France,Birmingham,2021-06-01,Corporate
3204,Customer 3204,customer3204@email.com,UK,Glasgow,2024-03-29,Corporate
3205,Customer 3205,customer3205@email.com,Germany,Glasgow,2023-05-09,Consumer
3206,Customer 3206,customer3206@email.com,France,London,2025-01-06,Corporate
3207,Customer 3207,customer3207@email.com,Australia,Glasgow,2021-04-06,SMB
3208,Customer 3208,customer3208@email.com,UK,London,2024-10-07,Consumer
3209,Customer 3209,customer3209@email.com,Canada,London,2024-01-04,Consumer
3210,Customer 3210,customer3210@email.com,Canada,Leeds,2023-05-28,Consumer
3211,Customer 3211,customer3211@email.com,Canada,Leeds,2022-10-02,Consumer
3212,Customer 3212,customer3212@email.com,Australia,Leeds,2024-10-14,Consumer
3213,Customer 3213,customer3213@email.com,Canada,Manchester,2024-03-02,SMB
3214,Customer 3214,customer3214@email.com,USA,Leeds,2022-02-04,Consumer
3215,Customer 3215,customer3215@email.com,Germany,London,2024-03-08,SMB
3216,Customer 3216,customer3216@email.com,Germany,Birmingham,2021-09-03,SMB
3217,Customer 3217,customer3217@email.com,Australia,Leeds,2024-08-07,SMB
3218,Customer 3218,customer3218@email.com,USA,Leeds,2021-04-22,Consumer
3219,Customer 3219,customer3219@email.com,France,Birmingham,2024-04-08,SMB
3220,Customer 3220,customer3220@email.com,France,London,2024-06-17,Consumer
3221,Customer 3221,customer3221@email.com,Canada,Manchester,2024-09-22,SMB
3222,Customer 3222,customer3222@email.com,UK,Leeds,2024-03-07,Consumer
3223,Customer 3223,customer3223@email.com,France,Birmingham,2024-06-13,Corporate
3224,Customer 3224,customer3224@email.com,UK,London,2023-03-05,Corporate
3225,Customer 3225,customer3225@email.com,Germany,Glasgow,2023-10-24,SMB
3226,Customer 3226,customer3226@email.com,UK,Manchester,2021-04-26,Corporate
3227,Customer 3227,customer3227@email.com,Germany,Birmingham,2025-02-04,SMB
3228,Customer 3228,customer3228@email.com,USA,Birmingham,2024-02-29,SMB
3229,Customer 3229,customer3229@email.com,USA,Birmingham,2023-07-23,SMB
3230,Customer 3230,customer3230@email.com,Australia,Leeds,2024-11-25,Corporate
3231,Customer 3231,customer3231@email.com,Australia,Glasgow,2024-05-09,SMB
3232,Customer 3232,customer3232@email.com,Canada,Manchester,2021-10-19,Corporate
3233,Customer 3233,customer3233@email.com,France,London,2021-12-08,Corporate
3234,Customer 3234,customer3234@email.com,Canada,London,2023-10-12,Consumer
3235,Customer 3235,customer3235@email.com,Germany,Glasgow,2024-05-24,Corporate
3236,Customer 3236,customer3236@email.com,Canada,Birmingham,2022-08-08,Consumer
3237,Customer 3237,customer3237@email.com,UK,Birmingham,2024-10-21,SMB
3238,Customer 3238,customer3238@email.com,Germany,Birmingham,2025-02-01,SMB
3239,Customer 3239,customer3239@email.com,Australia,Birmingham,2024-12-12,Consumer
3240,Customer 3240,customer3240@email.com,USA,Birmingham,2021-01-27,SMB
3241,Customer 3241,customer3241@email.com,Australia,Glasgow,2022-03-31,Consumer
3242,Customer 3242,customer3242@email.com,France,Leeds,2023-07-07,Consumer
3243,Customer 3243,customer3243@email.com,Germany,Manchester,2022-08-03,SMB
3244,Customer 3244,customer3244@email.com,Germany,Birmingham,2021-01-14,Consumer
3245,Customer 3245,customer3245@email.com,UK,Leeds,2021-04-08,Consumer
3246,Customer 3246,customer3246@email.com,France,London,2021-10-06,Consumer
3247,Customer 3247,customer3247@email.com,USA,Glasgow,2022-05-05,SMB
3248,Customer 3248,customer3248@email.com,Germany,Leeds,2023-09-12,SMB
3249,Customer 3249,customer3249@email.com,Germany,Birmingham,2023-08-19,SMB
3250,Customer 3250,customer3250@email.com,UK,Birmingham,2022-09-16,SMB
3251,Customer 3251,customer3251@email.com,Canada,Birmingham,2021-07-26,SMB
3252,Customer 3252,customer3252@email.com,USA,Leeds,2024-06-10,Corporate
3253,Customer 3253,customer3253@email.com,Australia,Birmingham,2022-08-20,Corporate
3254,Customer 3254,customer3254@email.com,France,Leeds,2022-11-26,Consumer
3255,Customer 3255,customer3255@email.com,Germany,Birmingham,2024-06-16,Corporate
3256,Customer 3256,customer3256@email.com,Germany,London,2021-09-07,SMB
3257,Customer 3257,customer3257@email.com,Australia,London,2023-01-10,SMB
3258,Customer 3258,customer3258@email.com,USA,Manchester,2021-11-02,SMB
3259,Customer 3259,customer3259@email.com,Canada,Birmingham,2025-01-26,Consumer
3260,Customer 3260,customer3260@email.com,Germany,Birmingham,2024-06-13,Consumer
3261,Customer 3261,customer3261@email.com,USA,Leeds,2024-08-07,Consumer
3262,Customer 3262,customer3262@email.com,Australia,Leeds,2023-11-29,Consumer
3263,Customer 3263,customer3263@email.com,UK,Birmingham,2023-09-25,Consumer
3264,Customer 3264,customer3264@email.com,Canada,Manchester,2022-12-19,Consumer
3265,Customer 3265,customer3265@email.com,France,Birmingham,2021-07-02,Corporate
3266,Customer 3266,customer3266@email.com,Germany,Leeds,2022-10-07,SMB
3267,Customer 3267,customer3267@email.com,USA,Birmingham,2021-01-30,Corporate
3268,Customer 3268,customer3268@email.com,UK,Leeds,2024-11-12,Consumer
3269,Customer 3269,customer3269@email.com,France,Birmingham,2023-02-06,SMB
3270,Customer 3270,customer3270@email.com,USA,Glasgow,2024-03-12,SMB
3271,Customer 3271,customer3271@email.com,USA,Leeds,2022-09-07,SMB
3272,Customer 3272,customer3272@email.com,France,Manchester,2024-12-13,Corporate
3273,Customer 3273,customer3273@email.com,UK,Glasgow,2023-10-02,SMB
3274,Customer 3274,customer3274@email.com,Australia,Birmingham,2021-03-15,Consumer
3275,Customer 3275,customer3275@email.com,UK,Leeds,2023-12-15,Consumer
3276,Customer 3276,customer3276@email.com,Canada,Glasgow,2023-08-20,Corporate
3277,Customer 3277,customer3277@email.com,Germany,Manchester,2021-01-24,Corporate
3278,Customer 3278,customer3278@email.com,France,Leeds,2023-11-12,Consumer
3279,Customer 3279,customer3279@email.com,Australia,Glasgow,2022-03-04,Corporate
3280,Customer 3280,customer3280@email.com,France,Glasgow,2023-11-22,SMB
3281,Customer 3281,customer3281@email.com,France,Glasgow,2023-05-13,Corporate
3282,Customer 3282,customer3282@email.com,UK,London,2021-12-05,SMB
3283,Customer 3283,customer3283@email.com,Germany,Birmingham,2022-05-27,SMB
3284,Customer 3284,customer3284@email.com,Canada,Leeds,2023-12-30,SMB
3285,Customer 3285,customer3285@email.com,USA,Leeds,2022-11-03,SMB
3286,Customer 3286,customer3286@email.com,USA,Leeds,2024-01-17,SMB
3287,Customer 3287,customer3287@email.com,France,Glasgow,2023-05-27,Consumer
3288,Customer 3288,customer3288@email.com,Germany,Birmingham,2022-07-25,Consumer
3289,Customer 3289,customer3289@email.com,Australia,Manchester,2023-02-03,Consumer
3290,Customer 3290,customer3290@email.com,UK,Leeds,2024-05-27,SMB
3291,Customer 3291,customer3291@email.com,Germany,Birmingham,2022-12-14,Corporate
3292,Customer 3292,customer3292@email.com,Germany,Birmingham,2022-08-12,Corporate
3293,Customer 3293,customer3293@email.com,UK,London,2023-02-06,SMB
3294,Customer 3294,customer3294@email.com,France,Leeds,2024-07-17,Corporate
3295,Customer 3295,customer3295@email.com,Germany,Glasgow,2023-03-30,SMB
3296,Customer 3296,customer3296@email.com,USA,Birmingham,2021-03-19,Corporate
3297,Customer 3297,customer3297@email.com,UK,Birmingham,2021-01-10,SMB
3298,Customer 3298,customer3298@email.com,Australia,Manchester,2025-01-31,Corporate
3299,Customer 3299,customer3299@email.com,Canada,London,2024-09-21,Corporate
3300,Customer 3300,customer3300@email.com,France,Birmingham,2022-09-28,Consumer
3301,Customer 3301,customer3301@email.com,UK,Birmingham,2024-04-24,Corporate
3302,Customer 3302,customer3302@email.com,Canada,Glasgow,2024-02-19,Corporate
3303,Customer 3303,customer3303@email.com,Canada,Glasgow,2022-08-15,SMB
3304,Customer 3304,customer3304@email.com,Australia,Manchester,2022-12-19,Corporate
3305,Customer 3305,customer3305@email.com,Germany,Manchester,2022-07-19,Corporate
3306,Customer 3306,customer3306@email.com,Australia,Manchester,2024-07-21,Corporate
3307,Customer 3307,customer3307@email.com,Germany,Glasgow,2022-02-14,Corporate
3308,Customer 3308,customer3308@email.com,Germany,Glasgow,2021-12-24,Corporate
3309,Customer 3309,customer3309@email.com,UK,London,2021-04-08,Consumer
3310,Customer 3310,customer3310@email.com,UK,Leeds,2023-10-04,Corporate
3311,Customer 3311,customer3311@email.com,France,Leeds,2021-08-29,SMB
3312,Customer 3312,customer3312@email.com,Germany,London,2022-07-11,SMB
3313,Customer 3313,customer3313@email.com,Canada,Leeds,2022-12-12,Corporate
3314,Customer 3314,customer3314@email.com,USA,Glasgow,2024-02-12,Corporate
3315,Customer 3315,customer3315@email.com,France,Leeds,2024-06-18,Corporate
3316,Customer 3316,customer3316@email.com,UK,Glasgow,2021-06-05,Consumer
3317,Customer 3317,customer3317@email.com,Australia,London,2021-12-18,SMB
3318,Customer 3318,customer3318@email.com,France,Manchester,2021-02-13,Consumer
3319,Customer 3319,customer3319@email.com,France,London,2022-08-15,Consumer
3320,Customer 3320,customer3320@email.com,France,Leeds,2024-08-28,Corporate
3321,Customer 3321,customer3321@email.com,France,Glasgow,2021-05-18,Corporate
3322,Customer 3322,customer3322@email.com,USA,Leeds,2022-03-12,SMB
3323,Customer 3323,customer3323@email.com,Australia,Leeds,2023-01-24,Corporate
3324,Customer 3324,customer3324@email.com,Australia,Manchester,2021-05-23,SMB
3325,Customer 3325,customer3325@email.com,Australia,Leeds,2023-10-21,Consumer
3326,Customer 3326,customer3326@email.com,Germany,Manchester,2024-08-15,SMB
3327,Customer 3327,customer3327@email.com,Canada,Glasgow,2021-09-19,SMB
3328,Customer 3328,customer3328@email.com,Australia,Glasgow,2022-05-27,SMB
3329,Customer 3329,customer3329@email.com,France,Manchester,2022-11-04,Consumer
3330,Customer 3330,customer3330@email.com,France,London,2021-03-03,Consumer
3331,Customer 3331,customer3331@email.com,Australia,Glasgow,2024-12-17,Corporate
3332,Customer 3332,customer3332@email.com,Australia,London,2024-11-20,Corporate
3333,Customer 3333,customer3333@email.com,France,Glasgow,2021-01-31,SMB
3334,Customer 3334,customer3334@email.com,Germany,Glasgow,2024-09-15,SMB
3335,Customer 3335,customer3335@email.com,UK,Birmingham,2023-08-07,Consumer
3336,Customer 3336,customer3336@email.com,UK,Leeds,2023-03-13,Consumer
3337,Customer 3337,customer3337@email.com,Australia,Leeds,2024-04-07,Consumer
3338,Customer 3338,customer3338@email.com,USA,London,2021-09-23,SMB
3339,Customer 3339,customer3339@email.com,Australia,Leeds,2021-11-04,SMB
3340,Customer 3340,customer3340@email.com,Australia,London,2022-04-04,Consumer
3341,Customer 3341,customer3341@email.com,UK,Glasgow,2024-04-23,SMB
3342,Customer 3342,customer3342@email.com,France,Birmingham,2021-11-30,Consumer
3343,Customer 3343,customer3343@email.com,Australia,Birmingham,2022-05-30,Corporate
3344,Customer 3344,customer3344@email.com,France,Glasgow,2022-03-17,Consumer
3345,Customer 3345,customer3345@email.com,France,Manchester,2022-11-04,SMB
3346,Customer 3346,customer3346@email.com,USA,Manchester,2022-01-26,SMB
3347,Customer 3347,customer3347@email.com,France,Leeds,2023-07-24,SMB
3348,Customer 3348,customer3348@email.com,UK,London,2022-07-14,SMB
3349,Customer 3349,customer3349@email.com,Germany,Birmingham,2021-09-11,Consumer
3350,Customer 3350,customer3350@email.com,Germany,Leeds,2024-09-20,Consumer
3351,Customer 3351,customer3351@email.com,Canada,Glasgow,2024-11-24,Corporate
3352,Customer 3352,customer3352@email.com,Australia,Birmingham,2024-04-04,Consumer
3353,Customer 3353,customer3353@email.com,UK,London,2024-07-07,Corporate
3354,Customer 3354,customer3354@email.com,France,London,2023-10-25,Consumer
3355,Customer 3355,customer3355@email.com,Germany,Manchester,2021-04-29,Consumer
3356,Customer 3356,customer3356@email.com,UK,Leeds,2023-09-23,SMB
3357,Customer 3357,customer3357@email.com,Germany,Glasgow,2022-04-15,Corporate
3358,Customer 3358,customer3358@email.com,France,Birmingham,2025-02-02,SMB
3359,Customer 3359,customer3359@email.com,Germany,London,2023-02-24,SMB
3360,Customer 3360,customer3360@email.com,Australia,Birmingham,2023-12-30,Consumer
3361,Customer 3361,customer3361@email.com,Australia,Glasgow,2022-11-25,Consumer
3362,Customer 3362,customer3362@email.com,Canada,Birmingham,2023-05-15,Corporate
3363,Customer 3363,customer3363@email.com,Canada,Leeds,2023-02-15,Corporate
3364,Customer 3364,customer3364@email.com,Germany,Manchester,2024-10-25,Consumer
3365,Customer 3365,customer3365@email.com,UK,Birmingham,2021-06-30,Corporate
3366,Customer 3366,customer3366@email.com,Australia,Manchester,2023-10-26,Consumer
3367,Customer 3367,customer3367@email.com,UK,Glasgow,2024-05-05,Consumer
3368,Customer 3368,customer3368@email.com,UK,Manchester,2021-02-16,Consumer
3369,Customer 3369,customer3369@email.com,Germany,Birmingham,2022-09-26,Corporate
3370,Customer 3370,customer3370@email.com,UK,Birmingham,2024-03-09,SMB
3371,Customer 3371,customer3371@email.com,Australia,London,2024-12-21,Corporate
3372,Customer 3372,customer3372@email.com,France,Birmingham,2022-08-12,SMB
3373,Customer 3373,customer3373@email.com,Canada,Manchester,2021-11-06,Corporate
3374,Customer 3374,customer3374@email.com,France,London,2021-10-01,SMB
3375,Customer 3375,customer3375@email.com,UK,Birmingham,2023-04-20,SMB
3376,Customer 3376,customer3376@email.com,France,Birmingham,2024-11-14,Corporate
3377,Customer 3377,customer3377@email.com,Australia,Glasgow,2022-04-04,Corporate
3378,Customer 3378,customer3378@email.com,Australia,London,2023-01-03,SMB
3379,Customer 3379,customer3379@email.com,UK,Glasgow,2021-12-27,Consumer
3380,Customer 3380,customer3380@email.com,Germany,Glasgow,2023-10-15,SMB
3381,Customer 3381,customer3381@email.com,France,Glasgow,2023-12-29,SMB
3382,Customer 3382,customer3382@email.com,Germany,Leeds,2022-10-24,Consumer
3383,Customer 3383,customer3383@email.com,Germany,Glasgow,2022-11-30,SMB
3384,Customer 3384,customer3384@email.com,USA,Manchester,2024-12-25,Consumer
3385,Customer 3385,customer3385@email.com,UK,Birmingham,2023-06-04,Consumer
3386,Customer 3386,customer3386@email.com,Canada,Leeds,2023-01-28,Corporate
3387,Customer 3387,customer3387@email.com,Australia,Glasgow,2023-11-22,SMB
3388,Customer 3388,customer3388@email.com,Australia,Birmingham,2022-09-13,SMB
3389,Customer 3389,customer3389@email.com,UK,London,2021-07-01,Consumer
3390,Customer 3390,customer3390@email.com,Canada,London,2022-11-17,SMB
3391,Customer 3391,customer3391@email.com,Australia,Birmingham,2022-11-12,Consumer
3392,Customer 3392,customer3392@email.com,UK,Manchester,2021-09-05,SMB
3393,Customer 3393,customer3393@email.com,Australia,Birmingham,2022-09-12,SMB
3394,Customer 3394,customer3394@email.com,Germany,Birmingham,2024-08-13,Consumer
3395,Customer 3395,customer3395@email.com,France,Leeds,2021-01-30,Consumer
3396,Customer 3396,customer3396@email.com,France,London,2024-08-18,SMB
3397,Customer 3397,customer3397@email.com,Australia,London,2025-02-08,SMB
3398,Customer 3398,customer3398@email.com,USA,Glasgow,2023-05-23,Consumer
3399,Customer 3399,customer3399@email.com,Canada,Birmingham,2023-08-06,Corporate
3400,Customer 3400,customer3400@email.com,Canada,Birmingham,2024-10-07,Corporate
3401,Customer 3401,customer3401@email.com,Canada,Manchester,2023-09-12,SMB
3402,Customer 3402,customer3402@email.com,Germany,London,2021-11-13,SMB
3403,Customer 3403,customer3403@email.com,Canada,Manchester,2023-01-07,SMB
3404,Customer 3404,customer3404@email.com,France,Leeds,2024-11-21,Consumer
3405,Customer 3405,customer3405@email.com,Germany,Glasgow,2024-01-18,SMB
3406,Customer 3406,customer3406@email.com,UK,Manchester,2024-06-11,SMB
3407,Customer 3407,customer3407@email.com,Canada,London,2021-06-17,SMB
3408,Customer 3408,customer3408@email.com,Canada,Leeds,2023-01-13,Corporate
3409,Customer 3409,customer3409@email.com,UK,Birmingham,2021-05-06,SMB
3410,Customer 3410,customer3410@email.com,Canada,Leeds,2022-07-27,SMB
3411,Customer 3411,customer3411@email.com,UK,Manchester,2021-04-30,Consumer
3412,Customer 3412,customer3412@email.com,Germany,London,2024-12-22,Corporate
3413,Customer 3413,customer3413@email.com,France,Manchester,2023-10-06,Consumer
3414,Customer 3414,customer3414@email.com,UK,Birmingham,2024-04-28,SMB
3415,Customer 3415,customer3415@email.com,USA,Birmingham,2024-12-22,SMB
3416,Customer 3416,customer3416@email.com,UK,London,2022-07-14,SMB
3417,Customer 3417,customer3417@email.com,Canada,Glasgow,2024-05-10,SMB
3418,Customer 3418,customer3418@email.com,Germany,Leeds,2023-12-19,SMB
3419,Customer 3419,customer3419@email.com,Australia,Leeds,2022-11-28,Consumer
3420,Customer 3420,customer3420@email.com,Germany,Birmingham,2021-08-11,SMB
3421,Customer 3421,customer3421@email.com,Australia,Manchester,2023-11-01,SMB
3422,Customer 3422,customer3422@email.com,UK,Manchester,2023-03-04,Corporate
3423,Customer 3423,customer3423@email.com,France,Glasgow,2023-03-25,Corporate
3424,Customer 3424,customer3424@email.com,USA,Manchester,2021-11-06,SMB
3425,Customer 3425,customer3425@email.com,Germany,Leeds,2023-10-09,SMB
3426,Customer 3426,customer3426@email.com,Canada,Manchester,2023-01-19,SMB
3427,Customer 3427,customer3427@email.com,Australia,Glasgow,2023-11-24,SMB
3428,Customer 3428,customer3428@email.com,Canada,Leeds,2023-10-16,SMB
3429,Customer 3429,customer3429@email.com,France,Manchester,2024-09-25,SMB
3430,Customer 3430,customer3430@email.com,Australia,Leeds,2022-04-26,Consumer
3431,Customer 3431,customer3431@email.com,Germany,Birmingham,2022-07-28,Consumer
3432,Customer 3432,customer3432@email.com,UK,Birmingham,2023-04-05,Consumer
3433,Customer 3433,customer3433@email.com,Canada,Birmingham,2024-01-22,Corporate
3434,Customer 3434,customer3434@email.com,France,Manchester,2022-09-20,SMB
3435,Customer 3435,customer3435@email.com,Germany,Glasgow,2024-03-02,Corporate
3436,Customer 3436,customer3436@email.com,Germany,Leeds,2023-04-24,Corporate
3437,Customer 3437,customer3437@email.com,Germany,London,2023-09-16,Corporate
3438,Customer 3438,customer3438@email.com,Germany,Birmingham,2022-02-23,Consumer
3439,Customer 3439,customer3439@email.com,Australia,Birmingham,2025-01-31,SMB
3440,Customer 3440,customer3440@email.com,Germany,London,2025-01-07,SMB
3441,Customer 3441,customer3441@email.com,Canada,London,2021-01-30,Corporate
3442,Customer 3442,customer3442@email.com,France,Manchester,2021-10-25,Consumer
3443,Customer 3443,customer3443@email.com,Australia,Leeds,2023-12-21,Corporate
3444,Customer 3444,customer3444@email.com,Germany,Birmingham,2022-04-03,Corporate
3445,Customer 3445,customer3445@email.com,USA,Glasgow,2021-10-31,SMB
3446,Customer 3446,customer3446@email.com,USA,Manchester,2023-08-16,Consumer
3447,Customer 3447,customer3447@email.com,France,Manchester,2021-12-06,SMB
3448,Customer 3448,customer3448@email.com,UK,Glasgow,2022-03-24,Corporate
3449,Customer 3449,customer3449@email.com,UK,Glasgow,2024-08-18,SMB
3450,Customer 3450,customer3450@email.com,Australia,Glasgow,2023-05-31,Corporate
3451,Customer 3451,customer3451@email.com,Australia,London,2022-06-24,Consumer
3452,Customer 3452,customer3452@email.com,Australia,Birmingham,2022-04-30,SMB
3453,Customer 3453,customer3453@email.com,UK,London,2021-03-18,SMB
3454,Customer 3454,customer3454@email.com,USA,Birmingham,2022-05-30,SMB
3455,Customer 3455,customer3455@email.com,UK,London,2023-08-02,SMB
3456,Customer 3456,customer3456@email.com,Canada,Leeds,2022-10-21,SMB
3457,Customer 3457,customer3457@email.com,Germany,Birmingham,2021-04-02,Consumer
3458,Customer 3458,customer3458@email.com,Australia,Manchester,2022-04-11,Consumer
3459,Customer 3459,customer3459@email.com,USA,Birmingham,2022-04-11,SMB
3460,Customer 3460,customer3460@email.com,France,Birmingham,2023-11-30,Corporate
3461,Customer 3461,customer3461@email.com,France,Birmingham,2022-11-21,Corporate
3462,Customer 3462,customer3462@email.com,Germany,Leeds,2024-09-14,SMB
3463,Customer 3463,customer3463@email.com,USA,London,2024-08-01,SMB
3464,Customer 3464,customer3464@email.com,UK,Manchester,2023-08-05,Consumer
3465,Customer 3465,customer3465@email.com,UK,London,2022-07-08,Consumer
3466,Customer 3466,customer3466@email.com,Canada,London,2023-12-26,SMB
3467,Customer 3467,customer3467@email.com,Canada,Glasgow,2021-04-19,SMB
3468,Customer 3468,customer3468@email.com,UK,Leeds,2024-12-09,Corporate
3469,Customer 3469,customer3469@email.com,France,Glasgow,2021-04-02,Consumer
3470,Customer 3470,customer3470@email.com,Australia,Leeds,2023-09-30,SMB
3471,Customer 3471,customer3471@email.com,France,London,2022-01-03,Consumer
3472,Customer 3472,customer3472@email.com,Canada,London,2023-03-31,SMB
3473,Customer 3473,customer3473@email.com,Germany,Leeds,2022-02-27,SMB
3474,Customer 3474,customer3474@email.com,UK,London,2022-07-26,SMB
3475,Customer 3475,customer3475@email.com,Canada,London,2023-05-12,SMB
3476,Customer 3476,customer3476@email.com,Canada,Manchester,2024-06-17,Corporate
3477,Customer 3477,customer3477@email.com,Australia,Glasgow,2022-03-11,SMB
3478,Customer 3478,customer3478@email.com,UK,Glasgow,2021-07-31,Corporate
3479,Customer 3479,customer3479@email.com,Australia,Glasgow,2024-11-24,Corporate
3480,Customer 3480,customer3480@email.com,UK,Birmingham,2022-06-10,SMB
3481,Customer 3481,customer3481@email.com,Australia,Manchester,2022-04-13,Consumer
3482,Customer 3482,customer3482@email.com,France,Glasgow,2024-04-08,Consumer
3483,Customer 3483,customer3483@email.com,Germany,Glasgow,2023-03-03,SMB
3484,Customer 3484,customer3484@email.com,Germany,Manchester,2023-05-25,SMB
3485,Customer 3485,customer3485@email.com,UK,London,2021-07-29,SMB
3486,Customer 3486,customer3486@email.com,USA,Glasgow,2021-09-13,Consumer
3487,Customer 3487,customer3487@email.com,Canada,London,2021-03-14,Consumer
3488,Customer 3488,customer3488@email.com,Canada,Glasgow,2021-05-27,SMB
3489,Customer 3489,customer3489@email.com,UK,Leeds,2024-09-25,Consumer
3490,Customer 3490,customer3490@email.com,Australia,Birmingham,2021-11-13,Corporate
3491,Customer 3491,customer3491@email.com,USA,Glasgow,2022-08-29,Consumer
3492,Customer 3492,customer3492@email.com,France,Leeds,2022-07-29,Consumer
3493,Customer 3493,customer3493@email.com,Australia,Manchester,2024-03-23,SMB
3494,Customer 3494,customer3494@email.com,Australia,Leeds,2024-07-02,Corporate
3495,Customer 3495,customer3495@email.com,UK,Manchester,2024-10-06,SMB
3496,Customer 3496,customer3496@email.com,UK,Glasgow,2022-07-01,Consumer
3497,Customer 3497,customer3497@email.com,Canada,Manchester,2023-04-15,Corporate
3498,Customer 3498,customer3498@email.com,UK,Leeds,2021-11-08,SMB
3499,Customer 3499,customer3499@email.com,UK,Birmingham,2023-03-19,Consumer
3500,Customer 3500,customer3500@email.com,UK,London,2023-02-04,Corporate
3501,Customer 3501,customer3501@email.com,Canada,London,2021-05-14,SMB
3502,Customer 3502,customer3502@email.com,France,Birmingham,2023-08-06,Corporate
3503,Customer 3503,customer3503@email.com,France,London,2024-02-27,Consumer
3504,Customer 3504,customer3504@email.com,UK,Glasgow,2022-03-12,SMB
3505,Customer 3505,customer3505@email.com,Canada,Glasgow,2024-07-27,Consumer
3506,Customer 3506,customer3506@email.com,France,Leeds,2021-12-24,Corporate
3507,Customer 3507,customer3507@email.com,Australia,Leeds,2023-07-19,Consumer
3508,Customer 3508,customer3508@email.com,France,Manchester,2023-06-02,Corporate
3509,Customer 3509,customer3509@email.com,France,Leeds,2021-09-09,SMB
3510,Customer 3510,customer3510@email.com,Canada,Glasgow,2021-05-15,Consumer
3511,Customer 3511,customer3511@email.com,Australia,Leeds,2022-06-07,SMB
3512,Customer 3512,customer3512@email.com,Canada,London,2023-03-15,SMB
3513,Customer 3513,customer3513@email.com,UK,Manchester,2022-10-22,SMB
3514,Customer 3514,customer3514@email.com,Germany,Manchester,2021-11-15,SMB
3515,Customer 3515,customer3515@email.com,France,Glasgow,2021-03-21,Consumer
3516,Customer 3516,customer3516@email.com,Germany,Leeds,2024-04-29,Consumer
3517,Customer 3517,customer3517@email.com,Canada,London,2025-01-16,SMB
3518,Customer 3518,customer3518@email.com,Canada,Leeds,2024-09-29,SMB
3519,Customer 3519,customer3519@email.com,Canada,Birmingham,2023-11-20,Corporate
3520,Customer 3520,customer3520@email.com,Germany,Leeds,2022-02-18,SMB
3521,Customer 3521,customer3521@email.com,Canada,Glasgow,2022-01-03,Corporate
3522,Customer 3522,customer3522@email.com,UK,Leeds,2023-10-04,Corporate
3523,Customer 3523,customer3523@email.com,Canada,Manchester,2023-09-20,SMB
3524,Customer 3524,customer3524@email.com,USA,London,2022-08-19,Consumer
3525,Customer 3525,customer3525@email.com,Germany,Glasgow,2023-10-15,Corporate
3526,Customer 3526,customer3526@email.com,USA,Birmingham,2022-12-02,Consumer
3527,Customer 3527,customer3527@email.com,Canada,London,2023-11-11,SMB
3528,Customer 3528,customer3528@email.com,UK,London,2022-07-03,SMB
3529,Customer 3529,customer3529@email.com,France,Manchester,2021-09-03,SMB
3530,Customer 3530,customer3530@email.com,Australia,Manchester,2021-10-10,SMB
3531,Customer 3531,customer3531@email.com,Australia,Manchester,2022-09-06,Corporate
3532,Customer 3532,customer3532@email.com,Canada,Glasgow,2023-07-20,Corporate
3533,Customer 3533,customer3533@email.com,UK,Leeds,2023-03-17,Consumer
3534,Customer 3534,customer3534@email.com,Germany,London,2021-08-20,Consumer
3535,Customer 3535,customer3535@email.com,USA,Leeds,2021-11-12,Corporate
3536,Customer 3536,customer3536@email.com,USA,Leeds,2023-04-18,SMB
3537,Customer 3537,customer3537@email.com,USA,Manchester,2024-09-21,Consumer
3538,Customer 3538,customer3538@email.com,Germany,Leeds,2022-02-15,Corporate
3539,Customer 3539,customer3539@email.com,Australia,London,2021-09-02,Consumer
3540,Customer 3540,customer3540@email.com,UK,London,2022-01-22,Corporate
3541,Customer 3541,customer3541@email.com,Germany,Birmingham,2022-11-20,SMB
3542,Customer 3542,customer3542@email.com,USA,Glasgow,2021-12-24,Corporate
3543,Customer 3543,customer3543@email.com,Canada,Leeds,2023-10-19,Consumer
3544,Customer 3544,customer3544@email.com,France,Glasgow,2022-09-06,Corporate
3545,Customer 3545,customer3545@email.com,Germany,Glasgow,2023-03-09,Consumer
3546,Customer 3546,customer3546@email.com,Germany,Glasgow,2021-01-22,Consumer
3547,Customer 3547,customer3547@email.com,UK,Glasgow,2021-01-19,Consumer
3548,Customer 3548,customer3548@email.com,UK,London,2024-08-03,SMB
3549,Customer 3549,customer3549@email.com,Germany,Leeds,2021-10-03,SMB
3550,Customer 3550,customer3550@email.com,USA,Birmingham,2022-10-21,Corporate
3551,Customer 3551,customer3551@email.com,France,Glasgow,2023-06-17,Corporate
3552,Customer 3552,customer3552@email.com,UK,Birmingham,2022-07-06,Consumer
3553,Customer 3553,customer3553@email.com,USA,London,2022-11-10,SMB
3554,Customer 3554,customer3554@email.com,Canada,London,2022-08-26,Corporate
3555,Customer 3555,customer3555@email.com,UK,Manchester,2024-01-01,Corporate
3556,Customer 3556,customer3556@email.com,USA,Glasgow,2021-12-31,SMB
3557,Customer 3557,customer3557@email.com,USA,Manchester,2023-03-06,Consumer
3558,Customer 3558,customer3558@email.com,France,Birmingham,2024-09-20,Corporate
3559,Customer 3559,customer3559@email.com,France,Leeds,2022-10-14,Consumer
3560,Customer 3560,customer3560@email.com,Canada,Manchester,2022-08-13,SMB
3561,Customer 3561,customer3561@email.com,USA,London,2021-07-18,SMB
3562,Customer 3562,customer3562@email.com,Australia,Glasgow,2021-01-17,Corporate
3563,Customer 3563,customer3563@email.com,USA,Birmingham,2021-08-06,Corporate
3564,Customer 3564,customer3564@email.com,France,London,2023-01-11,SMB
3565,Customer 3565,customer3565@email.com,Australia,Leeds,2022-10-12,Consumer
3566,Customer 3566,customer3566@email.com,UK,Glasgow,2021-05-27,Consumer
3567,Customer 3567,customer3567@email.com,UK,Leeds,2024-05-18,SMB
3568,Customer 3568,customer3568@email.com,Germany,Leeds,2022-11-01,Corporate
3569,Customer 3569,customer3569@email.com,France,Glasgow,2024-12-08,SMB
3570,Customer 3570,customer3570@email.com,Germany,Glasgow,2022-10-27,Corporate
3571,Customer 3571,customer3571@email.com,Australia,Leeds,2023-05-06,Consumer
3572,Customer 3572,customer3572@email.com,France,Birmingham,2021-11-26,Corporate
3573,Customer 3573,customer3573@email.com,Canada,Glasgow,2023-06-14,Consumer
3574,Customer 3574,customer3574@email.com,USA,London,2024-10-07,SMB
3575,Customer 3575,customer3575@email.com,Canada,Manchester,2024-04-01,Corporate
3576,Customer 3576,customer3576@email.com,Australia,Birmingham,2021-04-11,Consumer
3577,Customer 3577,customer3577@email.com,France,Glasgow,2021-11-23,Corporate
3578,Customer 3578,customer3578@email.com,Australia,Glasgow,2021-11-23,Consumer
3579,Customer 3579,customer3579@email.com,USA,Birmingham,2024-03-24,Consumer
3580,Customer 3580,customer3580@email.com,UK,Manchester,2021-01-10,SMB
3581,Customer 3581,customer3581@email.com,UK,Leeds,2021-12-19,SMB
3582,Customer 3582,customer3582@email.com,Australia,London,2021-07-02,Corporate
3583,Customer 3583,customer3583@email.com,Germany,Glasgow,2022-03-31,Consumer
3584,Customer 3584,customer3584@email.com,France,Manchester,2021-01-06,SMB
3585,Customer 3585,customer3585@email.com,France,London,2024-09-18,Corporate
3586,Customer 3586,customer3586@email.com,UK,Birmingham,2024-09-18,SMB
3587,Customer 3587,customer3587@email.com,Canada,Glasgow,2024-07-05,Corporate
3588,Customer 3588,customer3588@email.com,USA,Leeds,2021-07-30,SMB
3589,Customer 3589,customer3589@email.com,Canada,Birmingham,2021-02-20,SMB
3590,Customer 3590,customer3590@email.com,Canada,Glasgow,2025-01-08,Consumer
3591,Customer 3591,customer3591@email.com,Australia,Manchester,2023-10-07,Consumer
3592,Customer 3592,customer3592@email.com,UK,London,2022-01-12,SMB
3593,Customer 3593,customer3593@email.com,UK,London,2022-10-02,Consumer
3594,Customer 3594,customer3594@email.com,UK,Glasgow,2023-02-09,SMB
3595,Customer 3595,customer3595@email.com,Australia,Birmingham,2023-12-11,Corporate
3596,Customer 3596,customer3596@email.com,Germany,Leeds,2021-06-03,SMB
3597,Customer 3597,customer3597@email.com,Canada,Manchester,2022-08-05,SMB
3598,Customer 3598,customer3598@email.com,Australia,Glasgow,2023-02-27,Corporate
3599,Customer 3599,customer3599@email.com,France,Manchester,2023-03-02,Corporate
3600,Customer 3600,customer3600@email.com,USA,London,2024-08-26,Consumer
3601,Customer 3601,customer3601@email.com,Germany,Leeds,2024-11-23,Corporate
3602,Customer 3602,customer3602@email.com,France,Manchester,2021-05-14,Consumer
3603,Customer 3603,customer3603@email.com,Canada,Glasgow,2021-08-08,SMB
3604,Customer 3604,customer3604@email.com,UK,Leeds,2021-06-12,Corporate
3605,Customer 3605,customer3605@email.com,Canada,Birmingham,2023-08-29,SMB
3606,Customer 3606,customer3606@email.com,Australia,Glasgow,2022-10-10,Consumer
3607,Customer 3607,customer3607@email.com,USA,Manchester,2022-07-23,Corporate
3608,Customer 3608,customer3608@email.com,Australia,Leeds,2023-08-04,Consumer
3609,Customer 3609,customer3609@email.com,Germany,Glasgow,2022-11-20,Consumer
3610,Customer 3610,customer3610@email.com,Germany,Leeds,2021-04-25,Corporate
3611,Customer 3611,customer3611@email.com,USA,Leeds,2025-02-04,Corporate
3612,Customer 3612,customer3612@email.com,France,Leeds,2024-03-18,Consumer
3613,Customer 3613,customer3613@email.com,France,Manchester,2024-06-18,Corporate
3614,Customer 3614,customer3614@email.com,Germany,Glasgow,2021-05-03,Consumer
3615,Customer 3615,customer3615@email.com,Germany,London,2023-03-15,SMB
3616,Customer 3616,customer3616@email.com,UK,London,2023-04-19,SMB
3617,Customer 3617,customer3617@email.com,France,Manchester,2023-12-29,Corporate
3618,Customer 3618,customer3618@email.com,USA,Manchester,2023-04-06,Corporate
3619,Customer 3619,customer3619@email.com,France,Leeds,2021-03-04,SMB
3620,Customer 3620,customer3620@email.com,UK,Glasgow,2023-01-03,Consumer
3621,Customer 3621,customer3621@email.com,Australia,Glasgow,2023-11-06,Consumer
3622,Customer 3622,customer3622@email.com,Germany,Birmingham,2024-11-14,Consumer
3623,Customer 3623,customer3623@email.com,Germany,Birmingham,2022-08-13,Corporate
3624,Customer 3624,customer3624@email.com,UK,London,2023-08-06,Consumer
3625,Customer 3625,customer3625@email.com,USA,Birmingham,2024-07-05,Corporate
3626,Customer 3626,customer3626@email.com,Germany,Birmingham,2021-08-05,Corporate
3627,Customer 3627,customer3627@email.com,Canada,London,2022-04-24,Corporate
3628,Customer 3628,customer3628@email.com,Germany,London,2024-02-12,SMB
3629,Customer 3629,customer3629@email.com,Canada,Birmingham,2024-11-04,Consumer
3630,Customer 3630,customer3630@email.com,UK,Glasgow,2023-09-04,Corporate
3631,Customer 3631,customer3631@email.com,UK,Birmingham,2021-08-25,Consumer
3632,Customer 3632,customer3632@email.com,Germany,Leeds,2022-04-21,SMB
3633,Customer 3633,customer3633@email.com,France,Leeds,2022-08-21,Consumer
3634,Customer 3634,customer3634@email.com,Canada,Leeds,2021-05-09,SMB
3635,Customer 3635,customer3635@email.com,USA,Manchester,2022-05-25,Corporate
3636,Customer 3636,customer3636@email.com,Germany,Leeds,2021-06-14,Corporate
3637,Customer 3637,customer3637@email.com,USA,Glasgow,2021-10-04,SMB
3638,Customer 3638,customer3638@email.com,Germany,Manchester,2021-09-14,Corporate
3639,Customer 3639,customer3639@email.com,France,Manchester,2024-03-01,Consumer
3640,Customer 3640,customer3640@email.com,France,Leeds,2023-09-19,Consumer
3641,Customer 3641,customer3641@email.com,France,Birmingham,2022-07-24,SMB
3642,Customer 3642,customer3642@email.com,Australia,London,2024-07-04,Consumer
3643,Customer 3643,customer3643@email.com,France,Birmingham,2021-05-21,Corporate
3644,Customer 3644,customer3644@email.com,UK,Birmingham,2022-11-17,Corporate
3645,Customer 3645,customer3645@email.com,UK,Manchester,2022-11-18,Corporate
3646,Customer 3646,customer3646@email.com,Australia,Manchester,2024-05-17,Consumer
3647,Customer 3647,customer3647@email.com,Canada,Manchester,2022-12-17,Corporate
3648,Customer 3648,customer3648@email.com,USA,Glasgow,2023-10-20,Consumer
3649,Customer 3649,customer3649@email.com,Germany,Glasgow,2023-12-11,SMB
3650,Customer 3650,customer3650@email.com,Germany,London,2024-07-06,Corporate
3651,Customer 3651,customer3651@email.com,Australia,Manchester,2021-06-27,SMB
3652,Customer 3652,customer3652@email.com,UK,Leeds,2023-07-11,Consumer
3653,Customer 3653,customer3653@email.com,Germany,Manchester,2022-06-27,Consumer
3654,Customer 3654,customer3654@email.com,UK,Glasgow,2024-10-11,SMB
3655,Customer 3655,customer3655@email.com,Canada,Manchester,2024-09-03,Corporate
3656,Customer 3656,customer3656@email.com,USA,Glasgow,2023-08-21,Corporate
3657,Customer 3657,customer3657@email.com,Canada,Manchester,2021-12-30,Corporate
3658,Customer 3658,customer3658@email.com,Australia,Leeds,2023-12-15,SMB
3659,Customer 3659,customer3659@email.com,France,London,2024-03-25,Consumer
3660,Customer 3660,customer3660@email.com,France,Leeds,2023-12-04,SMB
3661,Customer 3661,customer3661@email.com,France,Glasgow,2022-08-16,Consumer
3662,Customer 3662,customer3662@email.com,Canada,Birmingham,2022-06-26,Corporate
3663,Customer 3663,customer3663@email.com,Germany,Leeds,2021-11-18,Corporate
3664,Customer 3664,customer3664@email.com,USA,Manchester,2022-10-10,Consumer
3665,Customer 3665,customer3665@email.com,France,London,2021-01-14,Corporate
3666,Customer 3666,customer3666@email.com,Australia,Manchester,2024-10-12,SMB
3667,Customer 3667,customer3667@email.com,Australia,Manchester,2022-09-10,Consumer
3668,Customer 3668,customer3668@email.com,France,Leeds,2021-12-25,Corporate
3669,Customer 3669,customer3669@email.com,France,London,2024-09-03,Corporate
3670,Customer 3670,customer3670@email.com,USA,Birmingham,2024-01-04,Corporate
3671,Customer 3671,customer3671@email.com,France,Manchester,2021-07-13,Corporate
3672,Customer 3672,customer3672@email.com,USA,London,2021-12-29,Consumer
3673,Customer 3673,customer3673@email.com,Australia,Birmingham,2024-01-25,Consumer
3674,Customer 3674,customer3674@email.com,France,Manchester,2023-11-30,Corporate
3675,Customer 3675,customer3675@email.com,Canada,London,2023-02-07,SMB
3676,Customer 3676,customer3676@email.com,Canada,Leeds,2022-02-01,SMB
3677,Customer 3677,customer3677@email.com,Australia,Manchester,2021-04-17,SMB
3678,Customer 3678,customer3678@email.com,USA,Manchester,2023-11-07,SMB
3679,Customer 3679,customer3679@email.com,Canada,London,2022-06-11,Consumer
3680,Customer 3680,customer3680@email.com,USA,Manchester,2023-10-08,Consumer
3681,Customer 3681,customer3681@email.com,Canada,Birmingham,2023-02-23,SMB
3682,Customer 3682,customer3682@email.com,Canada,Manchester,2022-06-09,Consumer
3683,Customer 3683,customer3683@email.com,USA,Glasgow,2023-12-03,SMB
3684,Customer 3684,customer3684@email.com,Germany,Birmingham,2022-09-18,Corporate
3685,Customer 3685,customer3685@email.com,Canada,London,2021-12-16,Corporate
3686,Customer 3686,customer3686@email.com,France,Birmingham,2023-11-20,SMB
3687,Customer 3687,customer3687@email.com,Australia,Glasgow,2025-01-04,Consumer
3688,Customer 3688,customer3688@email.com,Germany,Glasgow,2023-10-03,SMB
3689,Customer 3689,customer3689@email.com,USA,Manchester,2022-06-26,Consumer
3690,Customer 3690,customer3690@email.com,Germany,Manchester,2025-01-18,Corporate
3691,Customer 3691,customer3691@email.com,UK,Leeds,2023-08-20,Consumer
3692,Customer 3692,customer3692@email.com,UK,Birmingham,2021-04-04,SMB
3693,Customer 3693,customer3693@email.com,Canada,Leeds,2024-08-11,Corporate
3694,Customer 3694,customer3694@email.com,Canada,Glasgow,2023-06-18,Corporate
3695,Customer 3695,customer3695@email.com,France,Manchester,2021-03-30,Consumer
3696,Customer 3696,customer3696@email.com,Australia,Manchester,2022-05-18,Corporate
3697,Customer 3697,customer3697@email.com,Germany,Manchester,2023-02-06,Corporate
3698,Customer 3698,customer3698@email.com,UK,London,2021-08-02,Consumer
3699,Customer 3699,customer3699@email.com,Canada,Glasgow,2024-12-16,Corporate
3700,Customer 3700,customer3700@email.com,Australia,Manchester,2022-06-10,SMB
3701,Customer 3701,customer3701@email.com,Germany,Glasgow,2021-07-11,Consumer
3702,Customer 3702,customer3702@email.com,Canada,Manchester,2022-11-25,Consumer
3703,Customer 3703,customer3703@email.com,Canada,Birmingham,2022-10-04,Consumer
3704,Customer 3704,customer3704@email.com,UK,Glasgow,2024-06-01,Consumer
3705,Customer 3705,customer3705@email.com,UK,Leeds,2022-07-09,SMB
3706,Customer 3706,customer3706@email.com,Canada,London,2022-01-22,Consumer
3707,Customer 3707,customer3707@email.com,USA,Leeds,2022-11-12,SMB
3708,Customer 3708,customer3708@email.com,Canada,Glasgow,2023-02-15,Consumer
3709,Customer 3709,customer3709@email.com,Australia,Manchester,2025-02-06,Consumer
3710,Customer 3710,customer3710@email.com,Canada,Glasgow,2021-07-22,Corporate
3711,Customer 3711,customer3711@email.com,France,London,2023-10-07,Corporate
3712,Customer 3712,customer3712@email.com,France,Glasgow,2022-03-23,SMB
3713,Customer 3713,customer3713@email.com,France,Manchester,2023-06-19,Corporate
3714,Customer 3714,customer3714@email.com,USA,Leeds,2023-12-28,Consumer
3715,Customer 3715,customer3715@email.com,USA,Birmingham,2024-01-21,SMB
3716,Customer 3716,customer3716@email.com,Canada,Leeds,2023-02-17,Corporate
3717,Customer 3717,customer3717@email.com,France,Manchester,2021-06-27,Consumer
3718,Customer 3718,customer3718@email.com,USA,Manchester,2023-04-09,Corporate
3719,Customer 3719,customer3719@email.com,UK,London,2022-07-13,Corporate
3720,Customer 3720,customer3720@email.com,Canada,Glasgow,2023-10-24,Corporate
3721,Customer 3721,customer3721@email.com,Australia,Glasgow,2021-04-13,Corporate
3722,Customer 3722,customer3722@email.com,Germany,Leeds,2024-07-20,Consumer
3723,Customer 3723,customer3723@email.com,Canada,Birmingham,2021-04-26,Corporate
3724,Customer 3724,customer3724@email.com,Germany,Birmingham,2023-05-09,SMB
3725,Customer 3725,customer3725@email.com,France,London,2022-04-09,SMB
3726,Customer 3726,customer3726@email.com,Germany,Manchester,2021-04-14,Corporate
3727,Customer 3727,customer3727@email.com,France,London,2021-09-16,SMB
3728,Customer 3728,customer3728@email.com,UK,Glasgow,2024-08-24,Corporate
3729,Customer 3729,customer3729@email.com,Germany,Manchester,2024-10-22,Consumer
3730,Customer 3730,customer3730@email.com,Canada,London,2023-07-18,Consumer
3731,Customer 3731,customer3731@email.com,France,Leeds,2023-03-21,SMB
3732,Customer 3732,customer3732@email.com,Canada,Glasgow,2022-10-04,SMB
3733,Customer 3733,customer3733@email.com,USA,Birmingham,2023-03-18,Corporate
3734,Customer 3734,customer3734@email.com,France,London,2023-10-20,Corporate
3735,Customer 3735,customer3735@email.com,Germany,Glasgow,2024-08-18,Corporate
3736,Customer 3736,customer3736@email.com,France,Glasgow,2022-07-14,Consumer
3737,Customer 3737,customer3737@email.com,Canada,Birmingham,2021-01-27,Corporate
3738,Customer 3738,customer3738@email.com,UK,Birmingham,2022-05-23,Consumer
3739,Customer 3739,customer3739@email.com,France,Birmingham,2022-06-11,SMB
3740,Customer 3740,customer3740@email.com,Germany,London,2023-02-14,Consumer
3741,Customer 3741,customer3741@email.com,USA,Birmingham,2024-10-20,SMB
3742,Customer 3742,customer3742@email.com,Australia,Leeds,2023-08-11,Consumer
3743,Customer 3743,customer3743@email.com,UK,Glasgow,2021-10-25,Consumer
3744,Customer 3744,customer3744@email.com,USA,Birmingham,2023-02-16,Corporate
3745,Customer 3745,customer3745@email.com,France,Glasgow,2021-12-27,SMB
3746,Customer 3746,customer3746@email.com,Canada,Manchester,2022-05-19,Consumer
3747,Customer 3747,customer3747@email.com,Canada,Manchester,2022-08-11,Consumer
3748,Customer 3748,customer3748@email.com,Germany,Birmingham,2021-01-30,SMB
3749,Customer 3749,customer3749@email.com,Canada,Glasgow,2025-01-02,Consumer
3750,Customer 3750,customer3750@email.com,UK,Manchester,2024-09-25,SMB
3751,Customer 3751,customer3751@email.com,Canada,Birmingham,2021-05-06,SMB
3752,Customer 3752,customer3752@email.com,Germany,Glasgow,2022-08-19,SMB
3753,Customer 3753,customer3753@email.com,Australia,Birmingham,2024-10-21,Consumer
3754,Customer 3754,customer3754@email.com,France,Glasgow,2025-01-06,Consumer
3755,Customer 3755,customer3755@email.com,France,Manchester,2021-09-20,Corporate
3756,Customer 3756,customer3756@email.com,Canada,Birmingham,2023-07-25,SMB
3757,Customer 3757,customer3757@email.com,USA,Manchester,2023-05-22,Consumer
3758,Customer 3758,customer3758@email.com,France,Birmingham,2024-05-30,Consumer
3759,Customer 3759,customer3759@email.com,Australia,London,2021-01-02,SMB
3760,Customer 3760,customer3760@email.com,Canada,Manchester,2022-01-29,SMB
3761,Customer 3761,customer3761@email.com,Germany,Manchester,2021-11-02,SMB
3762,Customer 3762,customer3762@email.com,Australia,Leeds,2024-03-15,Corporate
3763,Customer 3763,customer3763@email.com,Canada,Manchester,2022-06-14,Corporate
3764,Customer 3764,customer3764@email.com,Australia,Glasgow,2022-06-12,Corporate
3765,Customer 3765,customer3765@email.com,France,Birmingham,2024-08-24,SMB
3766,Customer 3766,customer3766@email.com,Germany,London,2023-08-23,Consumer
3767,Customer 3767,customer3767@email.com,Canada,Glasgow,2022-11-02,SMB
3768,Customer 3768,customer3768@email.com,UK,Glasgow,2024-09-25,Consumer
3769,Customer 3769,customer3769@email.com,Germany,Glasgow,2021-12-18,Corporate
3770,Customer 3770,customer3770@email.com,UK,Glasgow,2023-03-21,Corporate
3771,Customer 3771,customer3771@email.com,Australia,London,2021-07-28,Corporate
3772,Customer 3772,customer3772@email.com,USA,Leeds,2023-08-16,Consumer
3773,Customer 3773,customer3773@email.com,Germany,Manchester,2021-07-24,Consumer
3774,Customer 3774,customer3774@email.com,Australia,Glasgow,2022-09-17,SMB
3775,Customer 3775,customer3775@email.com,UK,Manchester,2022-12-22,SMB
3776,Customer 3776,customer3776@email.com,France,Manchester,2022-09-28,SMB
3777,Customer 3777,customer3777@email.com,France,Glasgow,2023-11-05,Corporate
3778,Customer 3778,customer3778@email.com,USA,Leeds,2023-05-08,SMB
3779,Customer 3779,customer3779@email.com,Germany,Manchester,2024-12-22,Corporate
3780,Customer 3780,customer3780@email.com,Germany,Birmingham,2022-04-21,Consumer
3781,Customer 3781,customer3781@email.com,Germany,Manchester,2021-10-25,Corporate
3782,Customer 3782,customer3782@email.com,Australia,Glasgow,2022-07-11,Corporate
3783,Customer 3783,customer3783@email.com,USA,London,2024-01-23,Corporate
3784,Customer 3784,customer3784@email.com,Germany,Manchester,2021-04-17,Consumer
3785,Customer 3785,customer3785@email.com,Australia,Leeds,2024-12-13,Consumer
3786,Customer 3786,customer3786@email.com,France,Birmingham,2024-07-25,SMB
3787,Customer 3787,customer3787@email.com,UK,Birmingham,2021-05-08,SMB
3788,Customer 3788,customer3788@email.com,Australia,London,2022-04-04,SMB
3789,Customer 3789,customer3789@email.com,France,London,2021-02-07,Consumer
3790,Customer 3790,customer3790@email.com,France,Manchester,2021-07-17,Consumer
3791,Customer 3791,customer3791@email.com,UK,Glasgow,2021-12-23,Consumer
3792,Customer 3792,customer3792@email.com,France,Leeds,2021-01-07,Consumer
3793,Customer 3793,customer3793@email.com,USA,Birmingham,2024-09-17,Consumer
3794,Customer 3794,customer3794@email.com,UK,London,2022-06-03,Corporate
3795,Customer 3795,customer3795@email.com,France,Leeds,2021-07-13,SMB
3796,Customer 3796,customer3796@email.com,Canada,Glasgow,2021-11-12,Corporate
3797,Customer 3797,customer3797@email.com,Australia,Birmingham,2023-10-22,SMB
3798,Customer 3798,customer3798@email.com,France,Birmingham,2023-12-22,Corporate
3799,Customer 3799,customer3799@email.com,USA,Glasgow,2021-12-09,Consumer
3800,Customer 3800,customer3800@email.com,Germany,Birmingham,2022-08-24,SMB
3801,Customer 3801,customer3801@email.com,France,Glasgow,2023-11-08,Corporate
3802,Customer 3802,customer3802@email.com,Germany,Birmingham,2022-09-12,SMB
3803,Customer 3803,customer3803@email.com,Canada,Manchester,2024-10-26,Consumer
3804,Customer 3804,customer3804@email.com,France,Glasgow,2023-04-02,Consumer
3805,Customer 3805,customer3805@email.com,UK,Leeds,2021-08-23,SMB
3806,Customer 3806,customer3806@email.com,Germany,Manchester,2023-12-29,SMB
3807,Customer 3807,customer3807@email.com,Canada,Leeds,2022-03-23,Consumer
3808,Customer 3808,customer3808@email.com,UK,Birmingham,2022-09-02,Consumer
3809,Customer 3809,customer3809@email.com,UK,Leeds,2021-01-08,Consumer
3810,Customer 3810,customer3810@email.com,UK,Manchester,2022-04-07,Corporate
3811,Customer 3811,customer3811@email.com,UK,Glasgow,2023-09-27,SMB
3812,Customer 3812,customer3812@email.com,France,London,2024-08-27,Consumer
3813,Customer 3813,customer3813@email.com,Australia,Leeds,2021-05-14,SMB
3814,Customer 3814,customer3814@email.com,France,London,2022-01-20,Corporate
3815,Customer 3815,customer3815@email.com,France,Leeds,2021-02-25,Corporate
3816,Customer 3816,customer3816@email.com,Canada,Leeds,2023-09-20,Consumer
3817,Customer 3817,customer3817@email.com,Canada,Glasgow,2024-10-15,SMB
3818,Customer 3818,customer3818@email.com,Australia,Birmingham,2024-02-12,Corporate
3819,Customer 3819,customer3819@email.com,Canada,Manchester,2024-01-17,SMB
3820,Customer 3820,customer3820@email.com,USA,Manchester,2021-05-18,SMB
3821,Customer 3821,customer3821@email.com,Australia,Manchester,2024-02-06,Consumer
3822,Customer 3822,customer3822@email.com,Canada,Birmingham,2022-06-19,Corporate
3823,Customer 3823,customer3823@email.com,Australia,London,2021-05-24,Corporate
3824,Customer 3824,customer3824@email.com,France,Manchester,2023-05-19,Corporate
3825,Customer 3825,customer3825@email.com,France,London,2022-10-18,SMB
3826,Customer 3826,customer3826@email.com,Australia,Birmingham,2021-02-25,Corporate
3827,Customer 3827,customer3827@email.com,USA,Birmingham,2022-09-12,Corporate
3828,Customer 3828,customer3828@email.com,USA,Glasgow,2023-10-27,SMB
3829,Customer 3829,customer3829@email.com,Australia,Manchester,2022-06-26,Corporate
3830,Customer 3830,customer3830@email.com,Canada,Glasgow,2022-03-23,Corporate
3831,Customer 3831,customer3831@email.com,Germany,Manchester,2024-11-09,SMB
3832,Customer 3832,customer3832@email.com,USA,Birmingham,2024-08-23,Corporate
3833,Customer 3833,customer3833@email.com,UK,Birmingham,2023-05-24,Consumer
3834,Customer 3834,customer3834@email.com,France,Leeds,2022-10-01,SMB
3835,Customer 3835,customer3835@email.com,Australia,Leeds,2024-08-18,Corporate
3836,Customer 3836,customer3836@email.com,UK,Birmingham,2024-11-29,Consumer
3837,Customer 3837,customer3837@email.com,Australia,Birmingham,2022-09-03,SMB
3838,Customer 3838,customer3838@email.com,France,London,2023-04-17,Corporate
3839,Customer 3839,customer3839@email.com,France,London,2023-02-19,SMB
3840,Customer 3840,customer3840@email.com,USA,Glasgow,2023-04-17,Consumer
3841,Customer 3841,customer3841@email.com,USA,Leeds,2022-05-25,SMB
3842,Customer 3842,customer3842@email.com,UK,Leeds,2024-01-02,Corporate
3843,Customer 3843,customer3843@email.com,Australia,Birmingham,2023-03-23,Consumer
3844,Customer 3844,customer3844@email.com,France,Birmingham,2022-07-18,SMB
3845,Customer 3845,customer3845@email.com,UK,Glasgow,2021-09-22,Corporate
3846,Customer 3846,customer3846@email.com,Germany,Leeds,2024-06-04,Corporate
3847,Customer 3847,customer3847@email.com,UK,London,2024-05-01,Consumer
3848,Customer 3848,customer3848@email.com,Canada,Manchester,2024-10-29,Consumer
3849,Customer 3849,customer3849@email.com,UK,Glasgow,2021-01-10,SMB
3850,Customer 3850,customer3850@email.com,Canada,Manchester,2021-10-29,Corporate
3851,Customer 3851,customer3851@email.com,Canada,London,2024-10-14,Consumer
3852,Customer 3852,customer3852@email.com,Canada,London,2023-03-16,Corporate
3853,Customer 3853,customer3853@email.com,Germany,Manchester,2023-12-12,SMB
3854,Customer 3854,customer3854@email.com,UK,Glasgow,2021-04-09,Consumer
3855,Customer 3855,customer3855@email.com,UK,Manchester,2022-08-16,SMB
3856,Customer 3856,customer3856@email.com,Germany,Glasgow,2023-11-03,SMB
3857,Customer 3857,customer3857@email.com,France,Glasgow,2024-11-14,Consumer
3858,Customer 3858,customer3858@email.com,USA,Birmingham,2021-12-23,SMB
3859,Customer 3859,customer3859@email.com,UK,Leeds,2023-07-17,Corporate
3860,Customer 3860,customer3860@email.com,USA,Leeds,2021-01-11,Consumer
3861,Customer 3861,customer3861@email.com,Australia,London,2021-03-22,Corporate
3862,Customer 3862,customer3862@email.com,Australia,Birmingham,2024-07-08,SMB
3863,Customer 3863,customer3863@email.com,Germany,Leeds,2021-01-06,Consumer
3864,Customer 3864,customer3864@email.com,Australia,Glasgow,2025-01-21,Corporate
3865,Customer 3865,customer3865@email.com,Australia,Glasgow,2022-01-08,Corporate
3866,Customer 3866,customer3866@email.com,France,Manchester,2022-04-26,Corporate
3867,Customer 3867,customer3867@email.com,France,Manchester,2021-08-10,Corporate
3868,Customer 3868,customer3868@email.com,France,Glasgow,2024-01-10,Corporate
3869,Customer 3869,customer3869@email.com,Australia,Glasgow,2022-05-30,SMB
3870,Customer 3870,customer3870@email.com,Germany,Manchester,2023-12-20,SMB
3871,Customer 3871,customer3871@email.com,Canada,Leeds,2021-08-09,SMB
3872,Customer 3872,customer3872@email.com,Canada,London,2021-12-15,SMB
3873,Customer 3873,customer3873@email.com,USA,Manchester,2021-08-16,SMB
3874,Customer 3874,customer3874@email.com,Canada,Leeds,2021-10-17,SMB
3875,Customer 3875,customer3875@email.com,Canada,Leeds,2021-10-20,SMB
3876,Customer 3876,customer3876@email.com,France,Leeds,2023-03-21,Corporate
3877,Customer 3877,customer3877@email.com,France,Birmingham,2024-05-01,SMB
3878,Customer 3878,customer3878@email.com,Australia,Birmingham,2023-08-14,Corporate
3879,Customer 3879,customer3879@email.com,USA,Leeds,2025-02-06,Consumer
3880,Customer 3880,customer3880@email.com,UK,Glasgow,2024-07-04,SMB
3881,Customer 3881,customer3881@email.com,USA,Birmingham,2022-01-23,Corporate
3882,Customer 3882,customer3882@email.com,USA,Manchester,2022-09-07,Consumer
3883,Customer 3883,customer3883@email.com,Germany,Birmingham,2024-11-22,Consumer
3884,Customer 3884,customer3884@email.com,Australia,Glasgow,2022-01-01,Corporate
3885,Customer 3885,customer3885@email.com,Germany,London,2022-10-20,Corporate
3886,Customer 3886,customer3886@email.com,USA,Birmingham,2021-10-17,Corporate
3887,Customer 3887,customer3887@email.com,USA,Leeds,2024-08-25,SMB
3888,Customer 3888,customer3888@email.com,USA,Leeds,2024-07-25,Consumer
3889,Customer 3889,customer3889@email.com,Canada,Leeds,2025-01-27,SMB
3890,Customer 3890,customer3890@email.com,Germany,London,2021-07-08,SMB
3891,Customer 3891,customer3891@email.com,USA,Glasgow,2023-07-07,SMB
3892,Customer 3892,customer3892@email.com,France,Manchester,2024-04-16,Consumer
3893,Customer 3893,customer3893@email.com,Australia,Glasgow,2023-07-13,Consumer
3894,Customer 3894,customer3894@email.com,Australia,London,2023-09-15,Consumer
3895,Customer 3895,customer3895@email.com,France,Leeds,2022-01-10,Corporate
3896,Customer 3896,customer3896@email.com,Australia,Glasgow,2023-01-30,SMB
3897,Customer 3897,customer3897@email.com,Canada,Manchester,2025-01-17,Corporate
3898,Customer 3898,customer3898@email.com,Canada,Leeds,2021-08-05,Corporate
3899,Customer 3899,customer3899@email.com,UK,Manchester,2023-12-02,SMB
3900,Customer 3900,customer3900@email.com,UK,Birmingham,2021-07-13,Consumer
3901,Customer 3901,customer3901@email.com,UK,Manchester,2024-09-12,SMB
3902,Customer 3902,customer3902@email.com,Australia,Leeds,2024-10-28,Corporate
3903,Customer 3903,customer3903@email.com,Canada,Birmingham,2025-01-28,Consumer
3904,Customer 3904,customer3904@email.com,Canada,Leeds,2021-06-12,Consumer
3905,Customer 3905,customer3905@email.com,Canada,Leeds,2021-10-03,Corporate
3906,Customer 3906,customer3906@email.com,France,Birmingham,2021-12-30,Consumer
3907,Customer 3907,customer3907@email.com,Canada,Manchester,2023-02-14,Consumer
3908,Customer 3908,customer3908@email.com,France,London,2022-04-25,SMB
3909,Customer 3909,customer3909@email.com,UK,London,2022-11-20,SMB
3910,Customer 3910,customer3910@email.com,UK,London,2022-04-05,Corporate
3911,Customer 3911,customer3911@email.com,Australia,London,2024-07-12,Corporate
3912,Customer 3912,customer3912@email.com,UK,Glasgow,2022-06-23,Corporate
3913,Customer 3913,customer3913@email.com,Australia,London,2023-09-01,Consumer
3914,Customer 3914,customer3914@email.com,USA,Birmingham,2024-11-10,Corporate
3915,Customer 3915,customer3915@email.com,USA,London,2021-03-26,SMB
3916,Customer 3916,customer3916@email.com,Germany,Leeds,2024-09-01,Consumer
3917,Customer 3917,customer3917@email.com,Australia,London,2021-08-31,Corporate
3918,Customer 3918,customer3918@email.com,Germany,Manchester,2025-02-01,Consumer
3919,Customer 3919,customer3919@email.com,Germany,Birmingham,2023-05-30,Consumer
3920,Customer 3920,customer3920@email.com,USA,Birmingham,2024-09-27,Consumer
3921,Customer 3921,customer3921@email.com,Australia,Glasgow,2024-04-15,Corporate
3922,Customer 3922,customer3922@email.com,USA,Leeds,2024-02-28,Consumer
3923,Customer 3923,customer3923@email.com,Germany,Birmingham,2022-10-19,Consumer
3924,Customer 3924,customer3924@email.com,Australia,Manchester,2024-01-12,Consumer
3925,Customer 3925,customer3925@email.com,Germany,London,2024-10-15,SMB
3926,Customer 3926,customer3926@email.com,Canada,Birmingham,2021-03-29,Corporate
3927,Customer 3927,customer3927@email.com,Australia,Manchester,2023-01-12,SMB
3928,Customer 3928,customer3928@email.com,Australia,London,2023-09-12,Consumer
3929,Customer 3929,customer3929@email.com,Germany,Glasgow,2022-04-16,Consumer
3930,Customer 3930,customer3930@email.com,Canada,Birmingham,2024-10-09,SMB
3931,Customer 3931,customer3931@email.com,France,Birmingham,2022-02-20,Consumer
3932,Customer 3932,customer3932@email.com,USA,Manchester,2023-12-11,SMB
3933,Customer 3933,customer3933@email.com,Germany,Leeds,2022-11-13,Consumer
3934,Customer 3934,customer3934@email.com,Australia,Glasgow,2023-12-23,Consumer
3935,Customer 3935,customer3935@email.com,USA,Leeds,2024-01-18,Consumer
3936,Customer 3936,customer3936@email.com,USA,Birmingham,2024-04-28,Consumer
3937,Customer 3937,customer3937@email.com,USA,Leeds,2023-06-18,Corporate
3938,Customer 3938,customer3938@email.com,France,London,2022-08-24,Corporate
3939,Customer 3939,customer3939@email.com,UK,Glasgow,2024-10-03,Corporate
3940,Customer 3940,customer3940@email.com,Germany,Leeds,2024-04-14,SMB
3941,Customer 3941,customer3941@email.com,UK,London,2024-10-19,SMB
3942,Customer 3942,customer3942@email.com,UK,Manchester,2023-02-15,SMB
3943,Customer 3943,customer3943@email.com,UK,Leeds,2023-06-20,SMB
3944,Customer 3944,customer3944@email.com,USA,Glasgow,2022-04-28,Corporate
3945,Customer 3945,customer3945@email.com,Canada,London,2024-02-17,SMB
3946,Customer 3946,customer3946@email.com,USA,Leeds,2021-06-18,SMB
3947,Customer 3947,customer3947@email.com,USA,Manchester,2021-05-27,SMB
3948,Customer 3948,customer3948@email.com,Australia,Leeds,2024-12-31,Consumer
3949,Customer 3949,customer3949@email.com,Australia,London,2022-03-15,SMB
3950,Customer 3950,customer3950@email.com,UK,Leeds,2023-06-07,Consumer
3951,Customer 3951,customer3951@email.com,USA,Glasgow,2024-04-27,SMB
3952,Customer 3952,customer3952@email.com,UK,Birmingham,2021-06-09,SMB
3953,Customer 3953,customer3953@email.com,Australia,London,2023-03-25,Consumer
3954,Customer 3954,customer3954@email.com,Canada,London,2022-02-06,SMB
3955,Customer 3955,customer3955@email.com,Germany,London,2022-08-09,Consumer
3956,Customer 3956,customer3956@email.com,UK,London,2023-05-14,SMB
3957,Customer 3957,customer3957@email.com,Canada,Leeds,2023-11-08,SMB
3958,Customer 3958,customer3958@email.com,Germany,Glasgow,2021-05-20,Consumer
3959,Customer 3959,customer3959@email.com,France,Manchester,2024-02-13,Corporate
3960,Customer 3960,customer3960@email.com,UK,Glasgow,2021-11-24,Consumer
3961,Customer 3961,customer3961@email.com,UK,London,2021-08-13,Corporate
3962,Customer 3962,customer3962@email.com,France,Leeds,2022-07-12,Consumer
3963,Customer 3963,customer3963@email.com,France,Leeds,2022-03-15,Corporate
3964,Customer 3964,customer3964@email.com,UK,London,2022-01-21,SMB
3965,Customer 3965,customer3965@email.com,France,Leeds,2022-06-05,Corporate
3966,Customer 3966,customer3966@email.com,USA,London,2024-06-30,SMB
3967,Customer 3967,customer3967@email.com,Germany,Glasgow,2022-09-12,Consumer
3968,Customer 3968,customer3968@email.com,Germany,Birmingham,2024-01-27,Corporate
3969,Customer 3969,customer3969@email.com,Germany,Leeds,2023-02-26,SMB
3970,Customer 3970,customer3970@email.com,USA,London,2023-12-31,Consumer
3971,Customer 3971,customer3971@email.com,France,London,2022-07-05,Corporate
3972,Customer 3972,customer3972@email.com,Canada,Leeds,2022-03-23,SMB
3973,Customer 3973,customer3973@email.com,France,Manchester,2024-01-19,Corporate
3974,Customer 3974,customer3974@email.com,UK,London,2024-12-24,Corporate
3975,Customer 3975,customer3975@email.com,Australia,Leeds,2024-05-27,SMB
3976,Customer 3976,customer3976@email.com,Germany,London,2021-04-17,SMB
3977,Customer 3977,customer3977@email.com,France,Manchester,2025-02-08,Consumer
3978,Customer 3978,customer3978@email.com,Canada,Birmingham,2023-07-05,SMB
3979,Customer 3979,customer3979@email.com,UK,Manchester,2025-01-17,SMB
3980,Customer 3980,customer3980@email.com,USA,Glasgow,2023-06-23,Corporate
3981,Customer 3981,customer3981@email.com,USA,Leeds,2022-06-28,SMB
3982,Customer 3982,customer3982@email.com,Canada,Manchester,2024-02-24,Corporate
3983,Customer 3983,customer3983@email.com,UK,Birmingham,2024-03-16,Corporate
3984,Customer 3984,customer3984@email.com,Germany,London,2021-10-07,SMB
3985,Customer 3985,customer3985@email.com,France,Leeds,2021-01-24,SMB
3986,Customer 3986,customer3986@email.com,UK,Manchester,2023-08-10,SMB
3987,Customer 3987,customer3987@email.com,USA,Birmingham,2021-04-30,SMB
3988,Customer 3988,customer3988@email.com,Canada,Manchester,2024-08-13,Consumer
3989,Customer 3989,customer3989@email.com,Canada,Glasgow,2023-05-05,Corporate
3990,Customer 3990,customer3990@email.com,France,Leeds,2023-10-13,Consumer
3991,Customer 3991,customer3991@email.com,Canada,London,2023-08-02,Consumer
3992,Customer 3992,customer3992@email.com,Canada,Birmingham,2024-01-11,Corporate
3993,Customer 3993,customer3993@email.com,UK,Manchester,2022-03-24,Consumer
3994,Customer 3994,customer3994@email.com,Germany,Leeds,2023-09-23,SMB
3995,Customer 3995,customer3995@email.com,France,Manchester,2025-02-02,SMB
3996,Customer 3996,customer3996@email.com,UK,Leeds,2024-12-17,SMB
3997,Customer 3997,customer3997@email.com,Germany,Glasgow,2023-11-14,SMB
3998,Customer 3998,customer3998@email.com,UK,Manchester,2023-12-21,Corporate
3999,Customer 3999,customer3999@email.com,Australia,Glasgow,2021-03-25,SMB
4000,Customer 4000,customer4000@email.com,UK,Birmingham,2021-08-13,Corporate
4001,Customer 4001,customer4001@email.com,Canada,Glasgow,2021-07-05,Corporate
4002,Customer 4002,customer4002@email.com,Germany,Leeds,2022-01-10,Corporate
4003,Customer 4003,customer4003@email.com,France,Birmingham,2021-03-13,Corporate
4004,Customer 4004,customer4004@email.com,France,Manchester,2021-03-15,Consumer
4005,Customer 4005,customer4005@email.com,Germany,Manchester,2024-09-26,Consumer
4006,Customer 4006,customer4006@email.com,Canada,Leeds,2021-06-02,SMB
4007,Customer 4007,customer4007@email.com,USA,London,2021-04-06,Corporate
4008,Customer 4008,customer4008@email.com,UK,London,2022-03-21,SMB
4009,Customer 4009,customer4009@email.com,Canada,Manchester,2024-02-08,SMB
4010,Customer 4010,customer4010@email.com,Australia,Leeds,2025-01-21,SMB
4011,Customer 4011,customer4011@email.com,Germany,London,2023-04-08,SMB
4012,Customer 4012,customer4012@email.com,UK,Glasgow,2023-12-11,Corporate
4013,Customer 4013,customer4013@email.com,France,Manchester,2022-01-12,Corporate
4014,Customer 4014,customer4014@email.com,USA,Glasgow,2023-02-04,Consumer
4015,Customer 4015,customer4015@email.com,Australia,Leeds,2024-01-02,Corporate
4016,Customer 4016,customer4016@email.com,France,Glasgow,2021-07-31,Corporate
4017,Customer 4017,customer4017@email.com,Germany,London,2024-12-26,SMB
4018,Customer 4018,customer4018@email.com,UK,London,2022-12-25,Corporate
4019,Customer 4019,customer4019@email.com,Germany,Birmingham,2024-04-06,SMB
4020,Customer 4020,customer4020@email.com,UK,Manchester,2023-02-14,Corporate
4021,Customer 4021,customer4021@email.com,Canada,Leeds,2021-11-27,Consumer
4022,Customer 4022,customer4022@email.com,USA,Manchester,2023-01-21,SMB
4023,Customer 4023,customer4023@email.com,Canada,Glasgow,2024-03-12,Corporate
4024,Customer 4024,customer4024@email.com,Canada,Leeds,2025-01-08,Corporate
4025,Customer 4025,customer4025@email.com,Germany,Leeds,2023-04-04,SMB
4026,Customer 4026,customer4026@email.com,USA,London,2022-01-29,Consumer
4027,Customer 4027,customer4027@email.com,UK,Glasgow,2022-05-27,Consumer
4028,Customer 4028,customer4028@email.com,UK,London,2022-11-17,Corporate
4029,Customer 4029,customer4029@email.com,Australia,London,2022-09-13,Corporate
4030,Customer 4030,customer4030@email.com,France,Birmingham,2024-09-13,Corporate
4031,Customer 4031,customer4031@email.com,Australia,London,2022-08-27,SMB
4032,Customer 4032,customer4032@email.com,Australia,Manchester,2024-07-06,SMB
4033,Customer 4033,customer4033@email.com,UK,Leeds,2024-12-31,SMB
4034,Customer 4034,customer4034@email.com,Germany,London,2022-12-19,Corporate
4035,Customer 4035,customer4035@email.com,Canada,Manchester,2021-12-15,Consumer
4036,Customer 4036,customer4036@email.com,Canada,Glasgow,2022-05-30,SMB
4037,Customer 4037,customer4037@email.com,Canada,Leeds,2025-01-12,Consumer
4038,Customer 4038,customer4038@email.com,USA,Glasgow,2022-02-03,Corporate
4039,Customer 4039,customer4039@email.com,UK,Manchester,2021-08-02,SMB
4040,Customer 4040,customer4040@email.com,Germany,Glasgow,2022-07-16,SMB
4041,Customer 4041,customer4041@email.com,USA,Glasgow,2024-08-05,SMB
4042,Customer 4042,customer4042@email.com,France,Glasgow,2024-07-06,Corporate
4043,Customer 4043,customer4043@email.com,Germany,London,2021-09-15,Corporate
4044,Customer 4044,customer4044@email.com,Australia,London,2024-11-12,Corporate
4045,Customer 4045,customer4045@email.com,Germany,London,2022-11-25,Consumer
4046,Customer 4046,customer4046@email.com,Germany,Leeds,2024-07-12,Consumer
4047,Customer 4047,customer4047@email.com,Canada,Manchester,2024-08-29,SMB
4048,Customer 4048,customer4048@email.com,Germany,London,2023-11-30,SMB
4049,Customer 4049,customer4049@email.com,Australia,Glasgow,2023-09-25,Corporate
4050,Customer 4050,customer4050@email.com,Australia,Glasgow,2023-03-31,Corporate
4051,Customer 4051,customer4051@email.com,UK,Glasgow,2021-07-29,Corporate
4052,Customer 4052,customer4052@email.com,Germany,Glasgow,2021-09-29,SMB
4053,Customer 4053,customer4053@email.com,Canada,Birmingham,2024-03-05,Corporate
4054,Customer 4054,customer4054@email.com,Germany,Leeds,2022-08-22,Consumer
4055,Customer 4055,customer4055@email.com,France,Manchester,2023-12-20,Consumer
4056,Customer 4056,customer4056@email.com,France,Manchester,2023-11-05,SMB
4057,Customer 4057,customer4057@email.com,Canada,London,2023-10-20,SMB
4058,Customer 4058,customer4058@email.com,UK,Birmingham,2021-09-12,Consumer
4059,Customer 4059,customer4059@email.com,UK,Manchester,2023-01-07,Corporate
4060,Customer 4060,customer4060@email.com,Australia,Leeds,2022-12-23,SMB
4061,Customer 4061,customer4061@email.com,Australia,Glasgow,2022-06-19,SMB
4062,Customer 4062,customer4062@email.com,USA,London,2024-06-12,SMB
4063,Customer 4063,customer4063@email.com,Canada,Leeds,2024-02-29,Consumer
4064,Customer 4064,customer4064@email.com,Germany,Manchester,2023-10-21,SMB
4065,Customer 4065,customer4065@email.com,Canada,Birmingham,2021-01-17,Consumer
4066,Customer 4066,customer4066@email.com,USA,London,2023-06-01,Consumer
4067,Customer 4067,customer4067@email.com,Australia,Manchester,2023-08-12,Corporate
4068,Customer 4068,customer4068@email.com,Canada,London,2023-04-06,Corporate
4069,Customer 4069,customer4069@email.com,Canada,Manchester,2023-09-19,Corporate
4070,Customer 4070,customer4070@email.com,Australia,Glasgow,2023-05-28,SMB
4071,Customer 4071,customer4071@email.com,USA,Birmingham,2021-07-04,Consumer
4072,Customer 4072,customer4072@email.com,Australia,Glasgow,2024-11-15,SMB
4073,Customer 4073,customer4073@email.com,UK,Manchester,2024-12-17,Consumer
4074,Customer 4074,customer4074@email.com,Germany,Leeds,2025-01-05,SMB
4075,Customer 4075,customer4075@email.com,Australia,Glasgow,2023-11-02,Consumer
4076,Customer 4076,customer4076@email.com,USA,Leeds,2021-03-21,Corporate
4077,Customer 4077,customer4077@email.com,France,Manchester,2023-03-20,Corporate
4078,Customer 4078,customer4078@email.com,UK,Birmingham,2021-10-29,SMB
4079,Customer 4079,customer4079@email.com,France,Leeds,2024-05-24,Consumer
4080,Customer 4080,customer4080@email.com,Australia,Manchester,2024-06-25,Corporate
4081,Customer 4081,customer4081@email.com,UK,Leeds,2024-07-19,Consumer
4082,Customer 4082,customer4082@email.com,Germany,Glasgow,2021-05-13,SMB
4083,Customer 4083,customer4083@email.com,Australia,Manchester,2023-10-26,Corporate
4084,Customer 4084,customer4084@email.com,Germany,Glasgow,2023-01-26,SMB
4085,Customer 4085,customer4085@email.com,Canada,London,2022-09-21,SMB
4086,Customer 4086,customer4086@email.com,France,Manchester,2023-10-07,Consumer
4087,Customer 4087,customer4087@email.com,UK,Leeds,2023-02-12,SMB
4088,Customer 4088,customer4088@email.com,Germany,London,2021-05-21,SMB
4089,Customer 4089,customer4089@email.com,USA,Glasgow,2022-04-28,Consumer
4090,Customer 4090,customer4090@email.com,Germany,Glasgow,2024-08-21,Consumer
4091,Customer 4091,customer4091@email.com,USA,Leeds,2021-12-11,SMB
4092,Customer 4092,customer4092@email.com,Australia,London,2024-07-17,Corporate
4093,Customer 4093,customer4093@email.com,UK,Birmingham,2024-02-06,Corporate
4094,Customer 4094,customer4094@email.com,Germany,Leeds,2022-04-19,Consumer
4095,Customer 4095,customer4095@email.com,Germany,Glasgow,2024-01-11,SMB
4096,Customer 4096,customer4096@email.com,UK,Manchester,2024-01-13,Corporate
4097,Customer 4097,customer4097@email.com,Germany,London,2024-08-06,Consumer
4098,Customer 4098,customer4098@email.com,USA,Birmingham,2023-12-31,Consumer
4099,Customer 4099,customer4099@email.com,Germany,Manchester,2021-06-24,Consumer
4100,Customer 4100,customer4100@email.com,France,London,2023-04-22,SMB
4101,Customer 4101,customer4101@email.com,Australia,Leeds,2025-01-26,Consumer
4102,Customer 4102,customer4102@email.com,Canada,Leeds,2024-11-19,Corporate
4103,Customer 4103,customer4103@email.com,USA,London,2023-05-16,SMB
4104,Customer 4104,customer4104@email.com,France,Birmingham,2024-01-20,Corporate
4105,Customer 4105,customer4105@email.com,Australia,London,2022-04-14,Corporate
4106,Customer 4106,customer4106@email.com,UK,Manchester,2024-12-28,Corporate
4107,Customer 4107,customer4107@email.com,USA,Manchester,2024-06-26,SMB
4108,Customer 4108,customer4108@email.com,Canada,Leeds,2022-10-06,Corporate
4109,Customer 4109,customer4109@email.com,Australia,London,2022-11-12,Consumer
4110,Customer 4110,customer4110@email.com,Canada,Leeds,2023-08-13,Consumer
4111,Customer 4111,customer4111@email.com,UK,Birmingham,2023-04-29,Corporate
4112,Customer 4112,customer4112@email.com,UK,Manchester,2021-08-29,Consumer
4113,Customer 4113,customer4113@email.com,USA,Glasgow,2022-12-03,SMB
4114,Customer 4114,customer4114@email.com,Germany,Glasgow,2021-12-06,SMB
4115,Customer 4115,customer4115@email.com,UK,London,2023-03-04,Consumer
4116,Customer 4116,customer4116@email.com,Australia,London,2023-01-14,Consumer
4117,Customer 4117,customer4117@email.com,Germany,Glasgow,2025-02-03,SMB
4118,Customer 4118,customer4118@email.com,France,London,2022-04-08,Corporate
4119,Customer 4119,customer4119@email.com,Canada,Manchester,2023-03-12,SMB
4120,Customer 4120,customer4120@email.com,Germany,Birmingham,2024-07-22,Corporate
4121,Customer 4121,customer4121@email.com,Canada,Birmingham,2021-01-15,Consumer
4122,Customer 4122,customer4122@email.com,Germany,Leeds,2023-12-01,Consumer
4123,Customer 4123,customer4123@email.com,France,Manchester,2021-07-27,Corporate
4124,Customer 4124,customer4124@email.com,UK,London,2023-12-20,Corporate
4125,Customer 4125,customer4125@email.com,France,London,2021-12-31,SMB
4126,Customer 4126,customer4126@email.com,UK,Leeds,2024-06-17,Corporate
4127,Customer 4127,customer4127@email.com,UK,Leeds,2022-08-31,Consumer
4128,Customer 4128,customer4128@email.com,Canada,London,2021-06-09,Consumer
4129,Customer 4129,customer4129@email.com,Australia,London,2022-02-01,Consumer
4130,Customer 4130,customer4130@email.com,France,Manchester,2023-03-05,Corporate
4131,Customer 4131,customer4131@email.com,Germany,Leeds,2022-05-15,Corporate
4132,Customer 4132,customer4132@email.com,France,Manchester,2021-07-28,Consumer
4133,Customer 4133,customer4133@email.com,Canada,London,2024-03-02,Corporate
4134,Customer 4134,customer4134@email.com,UK,Glasgow,2024-11-05,SMB
4135,Customer 4135,customer4135@email.com,Canada,Glasgow,2022-03-09,SMB
4136,Customer 4136,customer4136@email.com,USA,London,2022-09-01,Corporate
4137,Customer 4137,customer4137@email.com,USA,Leeds,2022-01-24,Corporate
4138,Customer 4138,customer4138@email.com,Germany,Glasgow,2023-09-24,Consumer
4139,Customer 4139,customer4139@email.com,Canada,Leeds,2022-08-06,Corporate
4140,Customer 4140,customer4140@email.com,Germany,Glasgow,2022-03-08,Consumer
4141,Customer 4141,customer4141@email.com,Germany,Leeds,2024-07-21,SMB
4142,Customer 4142,customer4142@email.com,USA,Glasgow,2021-12-17,Corporate
4143,Customer 4143,customer4143@email.com,Germany,Leeds,2021-05-14,SMB
4144,Customer 4144,customer4144@email.com,USA,Manchester,2023-12-26,Corporate
4145,Customer 4145,customer4145@email.com,UK,Leeds,2022-10-01,Corporate
4146,Customer 4146,customer4146@email.com,Canada,Manchester,2024-05-13,Consumer
4147,Customer 4147,customer4147@email.com,Germany,Manchester,2024-08-14,Consumer
4148,Customer 4148,customer4148@email.com,USA,London,2021-04-27,Corporate
4149,Customer 4149,customer4149@email.com,France,Manchester,2024-07-14,Corporate
4150,Customer 4150,customer4150@email.com,Germany,Birmingham,2021-05-29,Consumer
4151,Customer 4151,customer4151@email.com,Australia,Manchester,2024-05-02,SMB
4152,Customer 4152,customer4152@email.com,UK,Leeds,2021-06-28,Corporate
4153,Customer 4153,customer4153@email.com,UK,Manchester,2021-05-28,Consumer
4154,Customer 4154,customer4154@email.com,France,Leeds,2022-04-10,Corporate
4155,Customer 4155,customer4155@email.com,USA,Leeds,2023-09-03,Consumer
4156,Customer 4156,customer4156@email.com,Germany,Birmingham,2022-07-23,SMB
4157,Customer 4157,customer4157@email.com,USA,Manchester,2023-10-26,Corporate
4158,Customer 4158,customer4158@email.com,UK,Manchester,2022-06-10,Corporate
4159,Customer 4159,customer4159@email.com,USA,Glasgow,2021-10-07,SMB
4160,Customer 4160,customer4160@email.com,UK,Glasgow,2022-05-14,Corporate
4161,Customer 4161,customer4161@email.com,USA,London,2023-04-16,Corporate
4162,Customer 4162,customer4162@email.com,France,Leeds,2022-03-12,Corporate
4163,Customer 4163,customer4163@email.com,Canada,Birmingham,2023-03-27,Consumer
4164,Customer 4164,customer4164@email.com,France,Glasgow,2024-05-24,Consumer
4165,Customer 4165,customer4165@email.com,France,Manchester,2022-11-18,Corporate
4166,Customer 4166,customer4166@email.com,Canada,London,2023-04-08,SMB
4167,Customer 4167,customer4167@email.com,Canada,Birmingham,2023-08-27,SMB
4168,Customer 4168,customer4168@email.com,Germany,Manchester,2024-03-06,Corporate
4169,Customer 4169,customer4169@email.com,Germany,Manchester,2022-09-04,Consumer
4170,Customer 4170,customer4170@email.com,France,Leeds,2022-08-18,Consumer
4171,Customer 4171,customer4171@email.com,France,Leeds,2024-07-27,Corporate
4172,Customer 4172,customer4172@email.com,UK,Glasgow,2021-05-12,Consumer
4173,Customer 4173,customer4173@email.com,UK,Glasgow,2022-01-28,Consumer
4174,Customer 4174,customer4174@email.com,Germany,Manchester,2022-04-26,SMB
4175,Customer 4175,customer4175@email.com,Australia,Manchester,2022-09-20,Corporate
4176,Customer 4176,customer4176@email.com,Australia,Glasgow,2022-02-23,Consumer
4177,Customer 4177,customer4177@email.com,Germany,Glasgow,2024-05-10,Consumer
4178,Customer 4178,customer4178@email.com,UK,Manchester,2022-10-14,Consumer
4179,Customer 4179,customer4179@email.com,UK,Birmingham,2022-10-20,Corporate
4180,Customer 4180,customer4180@email.com,Australia,Manchester,2022-04-07,Corporate
4181,Customer 4181,customer4181@email.com,USA,Birmingham,2024-05-10,Consumer
4182,Customer 4182,customer4182@email.com,USA,Birmingham,2021-06-01,SMB
4183,Customer 4183,customer4183@email.com,UK,Manchester,2021-08-10,SMB
4184,Customer 4184,customer4184@email.com,USA,London,2021-03-20,Corporate
4185,Customer 4185,customer4185@email.com,Canada,Glasgow,2024-05-08,SMB
4186,Customer 4186,customer4186@email.com,Germany,Leeds,2021-04-09,Consumer
4187,Customer 4187,customer4187@email.com,Germany,Manchester,2023-07-01,Corporate
4188,Customer 4188,customer4188@email.com,UK,Birmingham,2021-08-01,Corporate
4189,Customer 4189,customer4189@email.com,France,Manchester,2024-03-12,SMB
4190,Customer 4190,customer4190@email.com,Australia,Glasgow,2022-12-03,Corporate
4191,Customer 4191,customer4191@email.com,UK,Birmingham,2024-11-13,SMB
4192,Customer 4192,customer4192@email.com,USA,Leeds,2024-10-29,SMB
4193,Customer 4193,customer4193@email.com,Australia,Leeds,2023-12-12,Consumer
4194,Customer 4194,customer4194@email.com,France,Leeds,2023-08-25,SMB
4195,Customer 4195,customer4195@email.com,USA,London,2021-05-15,SMB
4196,Customer 4196,customer4196@email.com,Canada,Birmingham,2022-02-15,Corporate
4197,Customer 4197,customer4197@email.com,USA,Birmingham,2025-02-02,Consumer
4198,Customer 4198,customer4198@email.com,Canada,London,2024-02-10,Consumer
4199,Customer 4199,customer4199@email.com,Australia,Birmingham,2023-02-24,SMB
4200,Customer 4200,customer4200@email.com,Canada,London,2023-12-04,Corporate
4201,Customer 4201,customer4201@email.com,Australia,Manchester,2024-11-21,Corporate
4202,Customer 4202,customer4202@email.com,Australia,Glasgow,2021-09-18,Corporate
4203,Customer 4203,customer4203@email.com,Australia,Leeds,2023-01-13,Consumer
4204,Customer 4204,customer4204@email.com,Australia,London,2022-06-29,Consumer
4205,Customer 4205,customer4205@email.com,Australia,London,2022-01-23,SMB
4206,Customer 4206,customer4206@email.com,USA,London,2025-02-08,SMB
4207,Customer 4207,customer4207@email.com,Australia,Manchester,2024-12-04,Corporate
4208,Customer 4208,customer4208@email.com,USA,London,2021-01-16,SMB
4209,Customer 4209,customer4209@email.com,Australia,Glasgow,2022-10-24,Corporate
4210,Customer 4210,customer4210@email.com,Canada,Glasgow,2021-04-12,Consumer
4211,Customer 4211,customer4211@email.com,Australia,Leeds,2024-04-24,SMB
4212,Customer 4212,customer4212@email.com,France,Manchester,2023-08-09,Corporate
4213,Customer 4213,customer4213@email.com,Australia,Glasgow,2023-07-20,Consumer
4214,Customer 4214,customer4214@email.com,Australia,Birmingham,2021-01-25,Corporate
4215,Customer 4215,customer4215@email.com,Canada,Birmingham,2024-01-01,SMB
4216,Customer 4216,customer4216@email.com,Germany,Birmingham,2021-01-18,Corporate
4217,Customer 4217,customer4217@email.com,Canada,London,2022-07-24,Consumer
4218,Customer 4218,customer4218@email.com,France,London,2023-10-14,SMB
4219,Customer 4219,customer4219@email.com,Germany,Birmingham,2024-09-17,Consumer
4220,Customer 4220,customer4220@email.com,UK,Leeds,2024-01-26,SMB
4221,Customer 4221,customer4221@email.com,UK,Leeds,2023-04-11,Corporate
4222,Customer 4222,customer4222@email.com,France,London,2023-11-02,Consumer
4223,Customer 4223,customer4223@email.com,Canada,Birmingham,2023-11-01,Consumer
4224,Customer 4224,customer4224@email.com,USA,Leeds,2021-06-12,Corporate
4225,Customer 4225,customer4225@email.com,France,London,2024-07-30,Consumer
4226,Customer 4226,customer4226@email.com,Germany,Birmingham,2023-05-22,Consumer
4227,Customer 4227,customer4227@email.com,Germany,Manchester,2023-04-15,Consumer
4228,Customer 4228,customer4228@email.com,Australia,Birmingham,2024-06-18,Consumer
4229,Customer 4229,customer4229@email.com,UK,Birmingham,2023-05-07,Corporate
4230,Customer 4230,customer4230@email.com,Germany,Glasgow,2023-12-05,Consumer
4231,Customer 4231,customer4231@email.com,France,Glasgow,2023-08-28,Consumer
4232,Customer 4232,customer4232@email.com,Germany,Manchester,2022-08-16,Consumer
4233,Customer 4233,customer4233@email.com,France,Manchester,2021-09-12,SMB
4234,Customer 4234,customer4234@email.com,USA,Birmingham,2021-03-08,SMB
4235,Customer 4235,customer4235@email.com,Australia,Leeds,2023-07-07,Corporate
4236,Customer 4236,customer4236@email.com,UK,Manchester,2022-09-06,Corporate
4237,Customer 4237,customer4237@email.com,Germany,Birmingham,2023-09-01,Corporate
4238,Customer 4238,customer4238@email.com,France,London,2022-08-26,Consumer
4239,Customer 4239,customer4239@email.com,Canada,Glasgow,2023-12-02,SMB
4240,Customer 4240,customer4240@email.com,UK,Leeds,2022-01-19,SMB
4241,Customer 4241,customer4241@email.com,USA,Birmingham,2024-06-11,Corporate
4242,Customer 4242,customer4242@email.com,France,London,2023-08-24,SMB
4243,Customer 4243,customer4243@email.com,Australia,Glasgow,2022-04-30,Corporate
4244,Customer 4244,customer4244@email.com,Australia,London,2021-02-08,Consumer
4245,Customer 4245,customer4245@email.com,USA,Birmingham,2021-01-11,SMB
4246,Customer 4246,customer4246@email.com,USA,Manchester,2022-09-16,Consumer
4247,Customer 4247,customer4247@email.com,Australia,Glasgow,2022-02-13,Consumer
4248,Customer 4248,customer4248@email.com,Germany,London,2021-04-18,SMB
4249,Customer 4249,customer4249@email.com,Germany,Manchester,2024-01-23,Corporate
4250,Customer 4250,customer4250@email.com,France,Leeds,2021-03-25,SMB
4251,Customer 4251,customer4251@email.com,Canada,Birmingham,2021-02-27,Consumer
4252,Customer 4252,customer4252@email.com,France,Birmingham,2024-08-09,Corporate
4253,Customer 4253,customer4253@email.com,Canada,Glasgow,2023-11-06,Consumer
4254,Customer 4254,customer4254@email.com,USA,London,2023-09-18,Corporate
4255,Customer 4255,customer4255@email.com,UK,Leeds,2023-04-18,SMB
4256,Customer 4256,customer4256@email.com,France,Glasgow,2022-08-28,Consumer
4257,Customer 4257,customer4257@email.com,France,Glasgow,2023-08-27,Corporate
4258,Customer 4258,customer4258@email.com,Canada,London,2021-06-14,Corporate
4259,Customer 4259,customer4259@email.com,USA,Leeds,2022-03-13,SMB
4260,Customer 4260,customer4260@email.com,USA,London,2022-12-28,Corporate
4261,Customer 4261,customer4261@email.com,Canada,Birmingham,2022-02-07,Corporate
4262,Customer 4262,customer4262@email.com,USA,Manchester,2024-11-10,Consumer
4263,Customer 4263,customer4263@email.com,Australia,Birmingham,2024-03-07,SMB
4264,Customer 4264,customer4264@email.com,Germany,Birmingham,2022-12-17,SMB
4265,Customer 4265,customer4265@email.com,Australia,Glasgow,2023-03-25,Consumer
4266,Customer 4266,customer4266@email.com,UK,Birmingham,2022-12-23,Consumer
4267,Customer 4267,customer4267@email.com,France,Leeds,2022-06-15,Consumer
4268,Customer 4268,customer4268@email.com,UK,Birmingham,2021-10-20,Corporate
4269,Customer 4269,customer4269@email.com,France,Leeds,2025-02-07,SMB
4270,Customer 4270,customer4270@email.com,Germany,London,2023-10-20,SMB
4271,Customer 4271,customer4271@email.com,USA,Glasgow,2022-04-07,SMB
4272,Customer 4272,customer4272@email.com,Australia,Leeds,2024-10-28,Corporate
4273,Customer 4273,customer4273@email.com,Canada,Birmingham,2024-03-31,SMB
4274,Customer 4274,customer4274@email.com,Australia,Glasgow,2022-10-04,SMB
4275,Customer 4275,customer4275@email.com,Germany,Glasgow,2021-02-13,SMB
4276,Customer 4276,customer4276@email.com,UK,Leeds,2024-01-12,SMB
4277,Customer 4277,customer4277@email.com,Canada,Leeds,2023-06-11,Consumer
4278,Customer 4278,customer4278@email.com,USA,Manchester,2022-09-28,Corporate
4279,Customer 4279,customer4279@email.com,Germany,Manchester,2022-06-23,SMB
4280,Customer 4280,customer4280@email.com,Canada,Glasgow,2023-05-12,SMB
4281,Customer 4281,customer4281@email.com,Germany,Manchester,2022-06-03,SMB
4282,Customer 4282,customer4282@email.com,Germany,Birmingham,2024-12-05,SMB
4283,Customer 4283,customer4283@email.com,USA,London,2024-09-26,SMB
4284,Customer 4284,customer4284@email.com,France,Glasgow,2022-12-12,Consumer
4285,Customer 4285,customer4285@email.com,Canada,London,2021-03-30,Consumer
4286,Customer 4286,customer4286@email.com,USA,Manchester,2024-06-07,Corporate
4287,Customer 4287,customer4287@email.com,Germany,Leeds,2023-11-08,Corporate
4288,Customer 4288,customer4288@email.com,USA,Glasgow,2022-11-04,SMB
4289,Customer 4289,customer4289@email.com,France,Manchester,2023-05-14,SMB
4290,Customer 4290,customer4290@email.com,Australia,Birmingham,2023-06-09,Consumer
4291,Customer 4291,customer4291@email.com,Canada,Glasgow,2024-07-28,Corporate
4292,Customer 4292,customer4292@email.com,France,Glasgow,2022-02-26,SMB
4293,Customer 4293,customer4293@email.com,UK,Leeds,2023-05-26,SMB
4294,Customer 4294,customer4294@email.com,Canada,Glasgow,2022-12-03,SMB
4295,Customer 4295,customer4295@email.com,France,Leeds,2021-12-04,Corporate
4296,Customer 4296,customer4296@email.com,Germany,Manchester,2021-09-23,Consumer
4297,Customer 4297,customer4297@email.com,Canada,Birmingham,2023-03-14,Consumer
4298,Customer 4298,customer4298@email.com,Canada,Birmingham,2024-10-10,SMB
4299,Customer 4299,customer4299@email.com,USA,Glasgow,2021-12-26,SMB
4300,Customer 4300,customer4300@email.com,Germany,Glasgow,2023-10-11,SMB
4301,Customer 4301,customer4301@email.com,UK,Manchester,2021-08-05,SMB
4302,Customer 4302,customer4302@email.com,Australia,Leeds,2021-11-17,SMB
4303,Customer 4303,customer4303@email.com,France,Birmingham,2023-04-30,Corporate
4304,Customer 4304,customer4304@email.com,USA,Leeds,2022-12-20,Consumer
4305,Customer 4305,customer4305@email.com,France,Manchester,2023-09-19,Corporate
4306,Customer 4306,customer4306@email.com,UK,Birmingham,2024-05-20,Corporate
4307,Customer 4307,customer4307@email.com,UK,Birmingham,2023-08-11,SMB
4308,Customer 4308,customer4308@email.com,Canada,London,2024-05-11,Corporate
4309,Customer 4309,customer4309@email.com,UK,Manchester,2022-12-18,Consumer
4310,Customer 4310,customer4310@email.com,France,Manchester,2023-09-12,SMB
4311,Customer 4311,customer4311@email.com,Germany,London,2023-06-15,Consumer
4312,Customer 4312,customer4312@email.com,Germany,Leeds,2024-03-22,Corporate
4313,Customer 4313,customer4313@email.com,Canada,London,2024-12-23,SMB
4314,Customer 4314,customer4314@email.com,Australia,Manchester,2021-10-14,Consumer
4315,Customer 4315,customer4315@email.com,France,Leeds,2023-01-27,Consumer
4316,Customer 4316,customer4316@email.com,France,Birmingham,2024-09-06,SMB
4317,Customer 4317,customer4317@email.com,UK,London,2024-12-30,Consumer
4318,Customer 4318,customer4318@email.com,France,Leeds,2022-05-11,SMB
4319,Customer 4319,customer4319@email.com,USA,Leeds,2024-03-18,SMB
4320,Customer 4320,customer4320@email.com,Australia,Leeds,2022-06-26,Corporate
4321,Customer 4321,customer4321@email.com,UK,London,2022-09-27,Consumer
4322,Customer 4322,customer4322@email.com,USA,Birmingham,2024-09-11,SMB
4323,Customer 4323,customer4323@email.com,Canada,Leeds,2023-07-28,Corporate
4324,Customer 4324,customer4324@email.com,Germany,London,2023-11-19,Corporate
4325,Customer 4325,customer4325@email.com,Canada,Manchester,2024-07-06,SMB
4326,Customer 4326,customer4326@email.com,Germany,London,2022-11-29,SMB
4327,Customer 4327,customer4327@email.com,Canada,London,2021-03-16,Consumer
4328,Customer 4328,customer4328@email.com,France,London,2022-05-13,Consumer
4329,Customer 4329,customer4329@email.com,USA,Leeds,2024-12-10,Consumer
4330,Customer 4330,customer4330@email.com,Germany,London,2022-12-23,SMB
4331,Customer 4331,customer4331@email.com,UK,Manchester,2024-09-25,Corporate
4332,Customer 4332,customer4332@email.com,USA,Leeds,2021-11-04,Corporate
4333,Customer 4333,customer4333@email.com,UK,Manchester,2022-12-05,SMB
4334,Customer 4334,customer4334@email.com,USA,Glasgow,2023-06-03,Consumer
4335,Customer 4335,customer4335@email.com,USA,London,2024-06-18,Corporate
4336,Customer 4336,customer4336@email.com,Canada,Leeds,2021-09-10,Corporate
4337,Customer 4337,customer4337@email.com,Germany,Leeds,2023-07-25,Consumer
4338,Customer 4338,customer4338@email.com,Germany,London,2024-05-28,Corporate
4339,Customer 4339,customer4339@email.com,USA,Birmingham,2022-02-01,Consumer
4340,Customer 4340,customer4340@email.com,France,Birmingham,2023-09-13,Corporate
4341,Customer 4341,customer4341@email.com,France,Manchester,2024-09-21,Corporate
4342,Customer 4342,customer4342@email.com,UK,London,2023-11-19,Corporate
4343,Customer 4343,customer4343@email.com,UK,London,2022-05-09,Consumer
4344,Customer 4344,customer4344@email.com,Canada,Glasgow,2023-08-17,Corporate
4345,Customer 4345,customer4345@email.com,USA,Birmingham,2024-03-23,Corporate
4346,Customer 4346,customer4346@email.com,UK,Birmingham,2023-09-19,Corporate
4347,Customer 4347,customer4347@email.com,UK,London,2024-06-08,SMB
4348,Customer 4348,customer4348@email.com,Australia,Manchester,2021-04-12,Corporate
4349,Customer 4349,customer4349@email.com,USA,London,2023-04-07,Corporate
4350,Customer 4350,customer4350@email.com,Canada,Manchester,2021-06-26,Consumer
4351,Customer 4351,customer4351@email.com,UK,Birmingham,2023-09-11,Consumer
4352,Customer 4352,customer4352@email.com,Canada,Glasgow,2023-07-16,SMB
4353,Customer 4353,customer4353@email.com,Germany,Leeds,2021-08-20,Consumer
4354,Customer 4354,customer4354@email.com,Canada,Birmingham,2021-01-12,Consumer
4355,Customer 4355,customer4355@email.com,France,Manchester,2024-04-24,Consumer
4356,Customer 4356,customer4356@email.com,France,London,2023-01-31,SMB
4357,Customer 4357,customer4357@email.com,Canada,Birmingham,2023-07-21,SMB
4358,Customer 4358,customer4358@email.com,France,Glasgow,2021-09-23,Corporate
4359,Customer 4359,customer4359@email.com,Germany,Manchester,2024-03-04,Corporate
4360,Customer 4360,customer4360@email.com,USA,London,2023-01-27,Consumer
4361,Customer 4361,customer4361@email.com,France,Leeds,2023-11-21,Corporate
4362,Customer 4362,customer4362@email.com,France,Manchester,2022-04-01,Corporate
4363,Customer 4363,customer4363@email.com,Canada,London,2021-09-16,SMB
4364,Customer 4364,customer4364@email.com,Germany,Leeds,2024-02-02,SMB
4365,Customer 4365,customer4365@email.com,USA,London,2022-03-07,Corporate
4366,Customer 4366,customer4366@email.com,Canada,Leeds,2024-11-06,Corporate
4367,Customer 4367,customer4367@email.com,Canada,Leeds,2022-04-14,Corporate
4368,Customer 4368,customer4368@email.com,Australia,Leeds,2024-05-15,Consumer
4369,Customer 4369,customer4369@email.com,Germany,London,2022-10-09,SMB
4370,Customer 4370,customer4370@email.com,USA,Leeds,2022-03-23,Corporate
4371,Customer 4371,customer4371@email.com,Germany,Manchester,2023-02-22,Corporate
4372,Customer 4372,customer4372@email.com,USA,Glasgow,2024-01-18,Consumer
4373,Customer 4373,customer4373@email.com,Germany,Glasgow,2021-07-14,SMB
4374,Customer 4374,customer4374@email.com,Canada,Leeds,2024-12-08,Consumer
4375,Customer 4375,customer4375@email.com,Canada,Glasgow,2024-02-20,Consumer
4376,Customer 4376,customer4376@email.com,UK,Glasgow,2022-04-07,Corporate
4377,Customer 4377,customer4377@email.com,France,Leeds,2024-02-14,Consumer
4378,Customer 4378,customer4378@email.com,Australia,Leeds,2021-07-15,Consumer
4379,Customer 4379,customer4379@email.com,Germany,Manchester,2021-02-05,Corporate
4380,Customer 4380,customer4380@email.com,Australia,Birmingham,2021-03-08,SMB
4381,Customer 4381,customer4381@email.com,UK,London,2022-10-07,Corporate
4382,Customer 4382,customer4382@email.com,France,Leeds,2024-07-28,SMB
4383,Customer 4383,customer4383@email.com,Germany,Leeds,2023-11-01,Consumer
4384,Customer 4384,customer4384@email.com,USA,Glasgow,2021-11-18,Consumer
4385,Customer 4385,customer4385@email.com,France,Manchester,2021-08-28,Corporate
4386,Customer 4386,customer4386@email.com,Canada,Glasgow,2023-10-14,Corporate
4387,Customer 4387,customer4387@email.com,UK,Leeds,2023-12-20,Corporate
4388,Customer 4388,customer4388@email.com,France,Leeds,2022-10-12,Consumer
4389,Customer 4389,customer4389@email.com,France,Glasgow,2022-07-16,Consumer
4390,Customer 4390,customer4390@email.com,Canada,Leeds,2021-06-14,SMB
4391,Customer 4391,customer4391@email.com,Germany,Birmingham,2023-04-11,Corporate
4392,Customer 4392,customer4392@email.com,USA,London,2021-07-08,Consumer
4393,Customer 4393,customer4393@email.com,Canada,London,2021-04-02,SMB
4394,Customer 4394,customer4394@email.com,USA,London,2021-10-16,Corporate
4395,Customer 4395,customer4395@email.com,Germany,Birmingham,2024-01-04,Corporate
4396,Customer 4396,customer4396@email.com,France,Leeds,2024-12-22,SMB
4397,Customer 4397,customer4397@email.com,USA,Glasgow,2024-11-09,SMB
4398,Customer 4398,customer4398@email.com,UK,Manchester,2023-12-13,SMB
4399,Customer 4399,customer4399@email.com,UK,Leeds,2021-06-24,Consumer
4400,Customer 4400,customer4400@email.com,Canada,Birmingham,2022-04-19,Corporate
4401,Customer 4401,customer4401@email.com,Germany,Birmingham,2024-10-16,Corporate
4402,Customer 4402,customer4402@email.com,Canada,London,2021-09-27,SMB
4403,Customer 4403,customer4403@email.com,Canada,Leeds,2022-02-11,Consumer
4404,Customer 4404,customer4404@email.com,Australia,London,2024-02-22,SMB
4405,Customer 4405,customer4405@email.com,Canada,Manchester,2022-11-25,Consumer
4406,Customer 4406,customer4406@email.com,Australia,London,2022-01-11,Corporate
4407,Customer 4407,customer4407@email.com,UK,Manchester,2024-11-16,Corporate
4408,Customer 4408,customer4408@email.com,UK,Birmingham,2021-07-01,Consumer
4409,Customer 4409,customer4409@email.com,Canada,London,2021-02-05,Corporate
4410,Customer 4410,customer4410@email.com,UK,London,2024-05-20,Corporate
4411,Customer 4411,customer4411@email.com,Germany,Glasgow,2021-05-14,SMB
4412,Customer 4412,customer4412@email.com,Australia,Birmingham,2023-05-15,Consumer
4413,Customer 4413,customer4413@email.com,Australia,Glasgow,2023-07-13,Corporate
4414,Customer 4414,customer4414@email.com,Canada,Manchester,2022-11-21,Corporate
4415,Customer 4415,customer4415@email.com,UK,Manchester,2022-05-06,Consumer
4416,Customer 4416,customer4416@email.com,USA,Birmingham,2023-04-21,Corporate
4417,Customer 4417,customer4417@email.com,Australia,Manchester,2023-09-15,Consumer
4418,Customer 4418,customer4418@email.com,Canada,Birmingham,2025-01-01,Consumer
4419,Customer 4419,customer4419@email.com,Canada,Manchester,2023-04-19,SMB
4420,Customer 4420,customer4420@email.com,Germany,Leeds,2023-12-06,Consumer
4421,Customer 4421,customer4421@email.com,France,London,2022-10-30,SMB
4422,Customer 4422,customer4422@email.com,France,Leeds,2024-11-25,Corporate
4423,Customer 4423,customer4423@email.com,Australia,Birmingham,2023-10-17,Consumer
4424,Customer 4424,customer4424@email.com,Germany,Birmingham,2022-03-08,SMB
4425,Customer 4425,customer4425@email.com,Germany,Leeds,2024-12-22,Consumer
4426,Customer 4426,customer4426@email.com,Germany,London,2023-01-18,Corporate
4427,Customer 4427,customer4427@email.com,Australia,London,2023-04-08,SMB
4428,Customer 4428,customer4428@email.com,France,Glasgow,2022-06-01,SMB
4429,Customer 4429,customer4429@email.com,Germany,Manchester,2022-04-07,SMB
4430,Customer 4430,customer4430@email.com,UK,Glasgow,2023-08-24,Corporate
4431,Customer 4431,customer4431@email.com,Canada,London,2021-06-30,SMB
4432,Customer 4432,customer4432@email.com,Canada,Leeds,2021-05-25,Corporate
4433,Customer 4433,customer4433@email.com,USA,Manchester,2024-07-12,Corporate
4434,Customer 4434,customer4434@email.com,USA,Leeds,2023-01-05,Consumer
4435,Customer 4435,customer4435@email.com,Australia,Glasgow,2022-02-10,Corporate
4436,Customer 4436,customer4436@email.com,Australia,Birmingham,2023-03-24,SMB
4437,Customer 4437,customer4437@email.com,Canada,Leeds,2023-08-27,SMB
4438,Customer 4438,customer4438@email.com,UK,Glasgow,2023-08-13,Corporate
4439,Customer 4439,customer4439@email.com,France,Glasgow,2022-04-29,Corporate
4440,Customer 4440,customer4440@email.com,France,Glasgow,2022-04-27,Consumer
4441,Customer 4441,customer4441@email.com,Australia,Birmingham,2024-06-14,Consumer
4442,Customer 4442,customer4442@email.com,UK,Birmingham,2021-12-05,SMB
4443,Customer 4443,customer4443@email.com,Australia,Birmingham,2021-09-25,Corporate
4444,Customer 4444,customer4444@email.com,France,Manchester,2021-09-23,SMB
4445,Customer 4445,customer4445@email.com,Australia,Birmingham,2022-06-12,Corporate
4446,Customer 4446,customer4446@email.com,Germany,Birmingham,2024-01-21,SMB
4447,Customer 4447,customer4447@email.com,Australia,Birmingham,2024-06-25,SMB
4448,Customer 4448,customer4448@email.com,Canada,Leeds,2023-11-09,SMB
4449,Customer 4449,customer4449@email.com,Australia,Birmingham,2023-05-22,Corporate
4450,Customer 4450,customer4450@email.com,Canada,Manchester,2024-11-14,Consumer
4451,Customer 4451,customer4451@email.com,UK,Glasgow,2024-11-12,Consumer
4452,Customer 4452,customer4452@email.com,France,Leeds,2023-07-15,Corporate
4453,Customer 4453,customer4453@email.com,USA,London,2024-01-24,Consumer
4454,Customer 4454,customer4454@email.com,USA,Birmingham,2022-03-06,SMB
4455,Customer 4455,customer4455@email.com,France,Glasgow,2023-03-06,Corporate
4456,Customer 4456,customer4456@email.com,USA,Glasgow,2023-07-30,Corporate
4457,Customer 4457,customer4457@email.com,Australia,Leeds,2023-11-27,Consumer
4458,Customer 4458,customer4458@email.com,UK,London,2024-11-17,Consumer
4459,Customer 4459,customer4459@email.com,UK,Manchester,2024-08-07,SMB
4460,Customer 4460,customer4460@email.com,France,Glasgow,2021-10-30,Corporate
4461,Customer 4461,customer4461@email.com,USA,Glasgow,2022-02-05,Consumer
4462,Customer 4462,customer4462@email.com,Australia,Glasgow,2023-04-03,Corporate
4463,Customer 4463,customer4463@email.com,UK,Glasgow,2021-12-10,SMB
4464,Customer 4464,customer4464@email.com,UK,Leeds,2023-05-13,SMB
4465,Customer 4465,customer4465@email.com,Germany,London,2022-06-02,SMB
4466,Customer 4466,customer4466@email.com,Germany,Glasgow,2024-11-01,Corporate
4467,Customer 4467,customer4467@email.com,UK,Manchester,2021-06-14,Corporate
4468,Customer 4468,customer4468@email.com,France,Manchester,2023-11-03,Corporate
4469,Customer 4469,customer4469@email.com,Canada,Birmingham,2021-01-25,Corporate
4470,Customer 4470,customer4470@email.com,Canada,Glasgow,2024-02-21,Corporate
4471,Customer 4471,customer4471@email.com,Australia,Glasgow,2021-05-09,SMB
4472,Customer 4472,customer4472@email.com,UK,Glasgow,2023-03-28,SMB
4473,Customer 4473,customer4473@email.com,UK,Glasgow,2023-10-15,SMB
4474,Customer 4474,customer4474@email.com,UK,Glasgow,2022-08-18,Consumer
4475,Customer 4475,customer4475@email.com,France,Manchester,2024-08-25,SMB
4476,Customer 4476,customer4476@email.com,Germany,London,2022-03-12,Corporate
4477,Customer 4477,customer4477@email.com,UK,London,2021-07-01,SMB
4478,Customer 4478,customer4478@email.com,UK,Birmingham,2022-09-08,Consumer
4479,Customer 4479,customer4479@email.com,USA,Manchester,2023-01-14,Consumer
4480,Customer 4480,customer4480@email.com,France,Glasgow,2021-02-12,Consumer
4481,Customer 4481,customer4481@email.com,Australia,London,2022-02-08,Consumer
4482,Customer 4482,customer4482@email.com,UK,Leeds,2022-08-28,Consumer
4483,Customer 4483,customer4483@email.com,USA,Leeds,2022-10-18,Corporate
4484,Customer 4484,customer4484@email.com,Canada,Leeds,2021-09-20,SMB
4485,Customer 4485,customer4485@email.com,Australia,Glasgow,2021-03-11,Corporate
4486,Customer 4486,customer4486@email.com,UK,Glasgow,2022-10-23,Corporate
4487,Customer 4487,customer4487@email.com,UK,Birmingham,2024-08-08,Consumer
4488,Customer 4488,customer4488@email.com,USA,Birmingham,2024-05-22,SMB
4489,Customer 4489,customer4489@email.com,France,Birmingham,2023-05-22,SMB
4490,Customer 4490,customer4490@email.com,UK,Leeds,2023-04-02,SMB
4491,Customer 4491,customer4491@email.com,Canada,Glasgow,2021-05-27,Consumer
4492,Customer 4492,customer4492@email.com,UK,Leeds,2021-01-25,Corporate
4493,Customer 4493,customer4493@email.com,Canada,Birmingham,2024-09-08,SMB
4494,Customer 4494,customer4494@email.com,Australia,Glasgow,2024-02-07,Corporate
4495,Customer 4495,customer4495@email.com,Australia,Manchester,2022-11-24,SMB
4496,Customer 4496,customer4496@email.com,Germany,London,2021-09-08,SMB
4497,Customer 4497,customer4497@email.com,Germany,London,2022-04-27,SMB
4498,Customer 4498,customer4498@email.com,Canada,Birmingham,2022-12-16,SMB
4499,Customer 4499,customer4499@email.com,France,Leeds,2023-03-27,Consumer
4500,Customer 4500,customer4500@email.com,UK,Manchester,2022-11-13,Consumer
4501,Customer 4501,customer4501@email.com,UK,Glasgow,2021-06-24,Corporate
4502,Customer 4502,customer4502@email.com,Germany,Leeds,2024-10-02,Consumer
4503,Customer 4503,customer4503@email.com,Canada,Birmingham,2024-04-08,SMB
4504,Customer 4504,customer4504@email.com,UK,Leeds,2021-01-02,Corporate
4505,Customer 4505,customer4505@email.com,UK,Birmingham,2022-10-01,Corporate
4506,Customer 4506,customer4506@email.com,France,London,2022-12-07,Corporate
4507,Customer 4507,customer4507@email.com,USA,London,2021-12-28,SMB
4508,Customer 4508,customer4508@email.com,Germany,Leeds,2024-08-12,SMB
4509,Customer 4509,customer4509@email.com,Germany,Manchester,2022-07-24,Corporate
4510,Customer 4510,customer4510@email.com,USA,Glasgow,2022-08-13,Consumer
4511,Customer 4511,customer4511@email.com,UK,Birmingham,2021-07-21,SMB
4512,Customer 4512,customer4512@email.com,France,Glasgow,2023-10-02,SMB
4513,Customer 4513,customer4513@email.com,France,London,2024-08-05,Consumer
4514,Customer 4514,customer4514@email.com,Germany,Manchester,2023-12-22,Corporate
4515,Customer 4515,customer4515@email.com,France,Manchester,2021-05-06,Consumer
4516,Customer 4516,customer4516@email.com,Australia,Glasgow,2023-09-19,SMB
4517,Customer 4517,customer4517@email.com,USA,London,2021-02-18,Corporate
4518,Customer 4518,customer4518@email.com,UK,Glasgow,2023-04-26,Corporate
4519,Customer 4519,customer4519@email.com,Australia,Leeds,2021-06-28,Consumer
4520,Customer 4520,customer4520@email.com,USA,Manchester,2022-05-08,SMB
4521,Customer 4521,customer4521@email.com,Canada,Manchester,2024-12-27,SMB
4522,Customer 4522,customer4522@email.com,Germany,Leeds,2022-07-26,Corporate
4523,Customer 4523,customer4523@email.com,France,London,2021-10-29,SMB
4524,Customer 4524,customer4524@email.com,Canada,Manchester,2023-08-22,Corporate
4525,Customer 4525,customer4525@email.com,France,Birmingham,2023-09-17,Corporate
4526,Customer 4526,customer4526@email.com,Australia,Birmingham,2024-04-07,Corporate
4527,Customer 4527,customer4527@email.com,UK,London,2023-09-04,SMB
4528,Customer 4528,customer4528@email.com,UK,Leeds,2021-09-26,Consumer
4529,Customer 4529,customer4529@email.com,UK,Glasgow,2024-10-19,Corporate
4530,Customer 4530,customer4530@email.com,France,London,2022-09-16,Consumer
4531,Customer 4531,customer4531@email.com,Canada,Glasgow,2021-04-10,Consumer
4532,Customer 4532,customer4532@email.com,UK,London,2021-08-03,Consumer
4533,Customer 4533,customer4533@email.com,Canada,Birmingham,2022-09-17,Consumer
4534,Customer 4534,customer4534@email.com,France,Leeds,2021-04-07,Consumer
4535,Customer 4535,customer4535@email.com,Australia,Birmingham,2023-03-30,Corporate
4536,Customer 4536,customer4536@email.com,Canada,Leeds,2022-09-22,SMB
4537,Customer 4537,customer4537@email.com,Australia,Glasgow,2022-07-02,Consumer
4538,Customer 4538,customer4538@email.com,France,London,2021-12-03,SMB
4539,Customer 4539,customer4539@email.com,France,Manchester,2021-12-25,SMB
4540,Customer 4540,customer4540@email.com,Germany,Manchester,2024-08-06,Corporate
4541,Customer 4541,customer4541@email.com,France,Leeds,2024-11-20,Consumer
4542,Customer 4542,customer4542@email.com,France,Leeds,2023-03-27,SMB
4543,Customer 4543,customer4543@email.com,USA,Birmingham,2021-12-26,SMB
4544,Customer 4544,customer4544@email.com,UK,Manchester,2023-10-12,Consumer
4545,Customer 4545,customer4545@email.com,Germany,Birmingham,2021-12-13,Corporate
4546,Customer 4546,customer4546@email.com,Germany,Glasgow,2024-02-22,Corporate
4547,Customer 4547,customer4547@email.com,Germany,Manchester,2022-07-06,Consumer
4548,Customer 4548,customer4548@email.com,USA,Glasgow,2022-06-22,SMB
4549,Customer 4549,customer4549@email.com,Australia,London,2022-10-16,Corporate
4550,Customer 4550,customer4550@email.com,France,Birmingham,2022-02-26,Corporate
4551,Customer 4551,customer4551@email.com,UK,Leeds,2021-12-02,SMB
4552,Customer 4552,customer4552@email.com,Canada,Manchester,2021-02-26,SMB
4553,Customer 4553,customer4553@email.com,Australia,Birmingham,2023-10-14,SMB
4554,Customer 4554,customer4554@email.com,France,Leeds,2023-07-01,SMB
4555,Customer 4555,customer4555@email.com,USA,London,2022-12-18,Consumer
4556,Customer 4556,customer4556@email.com,France,Manchester,2024-01-05,SMB
4557,Customer 4557,customer4557@email.com,France,Glasgow,2025-01-29,Corporate
4558,Customer 4558,customer4558@email.com,USA,London,2021-10-12,SMB
4559,Customer 4559,customer4559@email.com,Germany,Leeds,2022-12-23,SMB
4560,Customer 4560,customer4560@email.com,Germany,Manchester,2022-01-21,Consumer
4561,Customer 4561,customer4561@email.com,UK,Manchester,2023-08-08,Consumer
4562,Customer 4562,customer4562@email.com,UK,London,2023-02-09,SMB
4563,Customer 4563,customer4563@email.com,Germany,Manchester,2024-07-06,Consumer
4564,Customer 4564,customer4564@email.com,Australia,Leeds,2023-04-20,Consumer
4565,Customer 4565,customer4565@email.com,Canada,London,2021-01-11,Consumer
4566,Customer 4566,customer4566@email.com,France,Glasgow,2023-08-30,Consumer
4567,Customer 4567,customer4567@email.com,Canada,London,2022-11-03,SMB
4568,Customer 4568,customer4568@email.com,France,London,2021-09-17,Consumer
4569,Customer 4569,customer4569@email.com,Germany,Glasgow,2022-01-28,Consumer
4570,Customer 4570,customer4570@email.com,UK,Leeds,2022-08-23,Corporate
4571,Customer 4571,customer4571@email.com,Australia,Birmingham,2024-10-24,SMB
4572,Customer 4572,customer4572@email.com,UK,Birmingham,2024-04-22,Consumer
4573,Customer 4573,customer4573@email.com,Canada,Glasgow,2023-11-06,Corporate
4574,Customer 4574,customer4574@email.com,UK,Leeds,2023-01-26,Consumer
4575,Customer 4575,customer4575@email.com,Germany,Manchester,2024-01-15,SMB
4576,Customer 4576,customer4576@email.com,Australia,Glasgow,2022-12-12,Corporate
4577,Customer 4577,customer4577@email.com,Canada,Birmingham,2023-10-31,Corporate
4578,Customer 4578,customer4578@email.com,Australia,Leeds,2022-04-22,SMB
4579,Customer 4579,customer4579@email.com,France,London,2024-04-02,Corporate
4580,Customer 4580,customer4580@email.com,UK,Leeds,2021-01-24,Corporate
4581,Customer 4581,customer4581@email.com,Australia,Leeds,2021-11-08,Consumer
4582,Customer 4582,customer4582@email.com,USA,Birmingham,2024-06-15,Corporate
4583,Customer 4583,customer4583@email.com,UK,Birmingham,2022-04-07,SMB
4584,Customer 4584,customer4584@email.com,France,Manchester,2025-01-25,Consumer
4585,Customer 4585,customer4585@email.com,Australia,Manchester,2024-06-15,Corporate
4586,Customer 4586,customer4586@email.com,Canada,Glasgow,2021-01-22,Consumer
4587,Customer 4587,customer4587@email.com,France,London,2021-06-29,SMB
4588,Customer 4588,customer4588@email.com,USA,Manchester,2023-03-02,Corporate
4589,Customer 4589,customer4589@email.com,Australia,Birmingham,2022-12-31,SMB
4590,Customer 4590,customer4590@email.com,Germany,Leeds,2025-02-07,SMB
4591,Customer 4591,customer4591@email.com,UK,Glasgow,2023-01-19,Corporate
4592,Customer 4592,customer4592@email.com,Canada,Manchester,2022-12-17,Corporate
4593,Customer 4593,customer4593@email.com,Germany,Leeds,2021-12-05,Consumer
4594,Customer 4594,customer4594@email.com,Australia,Leeds,2022-06-15,SMB
4595,Customer 4595,customer4595@email.com,Australia,Manchester,2022-11-23,Corporate
4596,Customer 4596,customer4596@email.com,France,London,2021-06-11,SMB
4597,Customer 4597,customer4597@email.com,Australia,London,2023-12-21,Corporate
4598,Customer 4598,customer4598@email.com,Canada,Glasgow,2024-01-14,SMB
4599,Customer 4599,customer4599@email.com,Germany,London,2022-05-05,Consumer
4600,Customer 4600,customer4600@email.com,Canada,Glasgow,2021-01-05,SMB
4601,Customer 4601,customer4601@email.com,USA,Birmingham,2021-03-17,Corporate
4602,Customer 4602,customer4602@email.com,USA,Manchester,2024-06-30,Consumer
4603,Customer 4603,customer4603@email.com,UK,Leeds,2021-01-07,Consumer
4604,Customer 4604,customer4604@email.com,UK,Glasgow,2022-11-12,Corporate
4605,Customer 4605,customer4605@email.com,USA,London,2022-04-18,Consumer
4606,Customer 4606,customer4606@email.com,Australia,Glasgow,2024-03-07,SMB
4607,Customer 4607,customer4607@email.com,Canada,Glasgow,2024-10-13,SMB
4608,Customer 4608,customer4608@email.com,USA,London,2023-03-23,Corporate
4609,Customer 4609,customer4609@email.com,UK,London,2023-04-18,SMB
4610,Customer 4610,customer4610@email.com,USA,Manchester,2022-08-26,Corporate
4611,Customer 4611,customer4611@email.com,Australia,Leeds,2024-04-01,Consumer
4612,Customer 4612,customer4612@email.com,USA,Manchester,2021-11-14,SMB
4613,Customer 4613,customer4613@email.com,Canada,Manchester,2025-01-21,Corporate
4614,Customer 4614,customer4614@email.com,Germany,London,2024-06-30,SMB
4615,Customer 4615,customer4615@email.com,Australia,London,2024-05-09,Consumer
4616,Customer 4616,customer4616@email.com,UK,Leeds,2024-04-03,Consumer
4617,Customer 4617,customer4617@email.com,Canada,Glasgow,2021-08-20,SMB
4618,Customer 4618,customer4618@email.com,USA,Manchester,2021-11-24,Consumer
4619,Customer 4619,customer4619@email.com,USA,Leeds,2021-08-26,Corporate
4620,Customer 4620,customer4620@email.com,Germany,Manchester,2024-02-18,SMB
4621,Customer 4621,customer4621@email.com,UK,Glasgow,2023-08-08,SMB
4622,Customer 4622,customer4622@email.com,UK,Manchester,2023-06-14,Consumer
4623,Customer 4623,customer4623@email.com,France,Birmingham,2022-09-11,Corporate
4624,Customer 4624,customer4624@email.com,UK,Leeds,2021-09-07,SMB
4625,Customer 4625,customer4625@email.com,Germany,London,2024-09-21,SMB
4626,Customer 4626,customer4626@email.com,France,Manchester,2024-07-31,Consumer
4627,Customer 4627,customer4627@email.com,France,Leeds,2021-07-17,Consumer
4628,Customer 4628,customer4628@email.com,USA,Leeds,2022-02-20,Corporate
4629,Customer 4629,customer4629@email.com,USA,Manchester,2023-01-02,Corporate
4630,Customer 4630,customer4630@email.com,UK,London,2024-11-19,Consumer
4631,Customer 4631,customer4631@email.com,France,London,2023-07-27,Corporate
4632,Customer 4632,customer4632@email.com,USA,Manchester,2024-03-20,Consumer
4633,Customer 4633,customer4633@email.com,Germany,Leeds,2024-07-12,SMB
4634,Customer 4634,customer4634@email.com,USA,London,2024-05-28,Consumer
4635,Customer 4635,customer4635@email.com,Australia,Manchester,2024-05-24,Consumer
4636,Customer 4636,customer4636@email.com,Australia,Manchester,2024-08-31,Consumer
4637,Customer 4637,customer4637@email.com,USA,Manchester,2021-08-04,SMB
4638,Customer 4638,customer4638@email.com,France,Leeds,2024-09-20,Corporate
4639,Customer 4639,customer4639@email.com,France,London,2024-10-14,Corporate
4640,Customer 4640,customer4640@email.com,Canada,Leeds,2024-03-30,Corporate
4641,Customer 4641,customer4641@email.com,Australia,Birmingham,2023-03-26,Consumer
4642,Customer 4642,customer4642@email.com,Germany,London,2022-09-02,Consumer
4643,Customer 4643,customer4643@email.com,France,Leeds,2022-05-26,Corporate
4644,Customer 4644,customer4644@email.com,UK,London,2023-07-07,SMB
4645,Customer 4645,customer4645@email.com,Australia,Birmingham,2021-06-06,SMB
4646,Customer 4646,customer4646@email.com,Germany,Glasgow,2021-06-11,SMB
4647,Customer 4647,customer4647@email.com,Germany,Manchester,2021-02-11,SMB
4648,Customer 4648,customer4648@email.com,France,Leeds,2024-04-18,Consumer
4649,Customer 4649,customer4649@email.com,Germany,Birmingham,2021-10-30,Corporate
4650,Customer 4650,customer4650@email.com,France,Birmingham,2024-09-15,SMB
4651,Customer 4651,customer4651@email.com,USA,London,2023-10-11,Consumer
4652,Customer 4652,customer4652@email.com,Australia,London,2023-02-03,Consumer
4653,Customer 4653,customer4653@email.com,Canada,Manchester,2024-12-23,Consumer
4654,Customer 4654,customer4654@email.com,USA,London,2024-10-05,Corporate
4655,Customer 4655,customer4655@email.com,Australia,Leeds,2021-04-30,Consumer
4656,Customer 4656,customer4656@email.com,France,Leeds,2024-01-04,Corporate
4657,Customer 4657,customer4657@email.com,Australia,Leeds,2022-11-05,Corporate
4658,Customer 4658,customer4658@email.com,France,Glasgow,2022-10-23,Corporate
4659,Customer 4659,customer4659@email.com,USA,Leeds,2021-05-03,Corporate
4660,Customer 4660,customer4660@email.com,UK,London,2022-10-15,Consumer
4661,Customer 4661,customer4661@email.com,UK,London,2024-04-20,Consumer
4662,Customer 4662,customer4662@email.com,Australia,Leeds,2023-07-10,Consumer
4663,Customer 4663,customer4663@email.com,UK,Birmingham,2023-10-11,SMB
4664,Customer 4664,customer4664@email.com,France,Birmingham,2023-02-28,SMB
4665,Customer 4665,customer4665@email.com,Germany,Birmingham,2021-09-14,Corporate
4666,Customer 4666,customer4666@email.com,France,Manchester,2023-01-27,Corporate
4667,Customer 4667,customer4667@email.com,Germany,Glasgow,2022-08-21,Corporate
4668,Customer 4668,customer4668@email.com,USA,Leeds,2024-07-16,Corporate
4669,Customer 4669,customer4669@email.com,Canada,Manchester,2024-04-18,Corporate
4670,Customer 4670,customer4670@email.com,Germany,Birmingham,2023-03-02,SMB
4671,Customer 4671,customer4671@email.com,UK,Leeds,2024-03-18,Corporate
4672,Customer 4672,customer4672@email.com,France,Manchester,2024-03-17,Consumer
4673,Customer 4673,customer4673@email.com,USA,London,2022-11-11,Corporate
4674,Customer 4674,customer4674@email.com,UK,Birmingham,2023-10-30,Consumer
4675,Customer 4675,customer4675@email.com,USA,Manchester,2024-04-16,Consumer
4676,Customer 4676,customer4676@email.com,Canada,London,2023-03-07,Consumer
4677,Customer 4677,customer4677@email.com,France,Birmingham,2024-11-19,Consumer
4678,Customer 4678,customer4678@email.com,Australia,Glasgow,2022-08-31,Corporate
4679,Customer 4679,customer4679@email.com,France,Birmingham,2021-11-27,Corporate
4680,Customer 4680,customer4680@email.com,Canada,Glasgow,2021-02-25,Corporate
4681,Customer 4681,customer4681@email.com,France,Glasgow,2024-05-15,Corporate
4682,Customer 4682,customer4682@email.com,Australia,Glasgow,2021-04-15,Corporate
4683,Customer 4683,customer4683@email.com,Germany,Leeds,2022-07-01,SMB
4684,Customer 4684,customer4684@email.com,USA,Leeds,2023-03-04,Consumer
4685,Customer 4685,customer4685@email.com,Australia,Glasgow,2024-10-10,Consumer
4686,Customer 4686,customer4686@email.com,UK,London,2022-05-04,SMB
4687,Customer 4687,customer4687@email.com,Canada,Glasgow,2023-12-10,SMB
4688,Customer 4688,customer4688@email.com,Germany,Manchester,2024-01-16,Corporate
4689,Customer 4689,customer4689@email.com,UK,Glasgow,2021-10-30,Corporate
4690,Customer 4690,customer4690@email.com,UK,Leeds,2023-10-22,Consumer
4691,Customer 4691,customer4691@email.com,Canada,Leeds,2024-11-05,Corporate
4692,Customer 4692,customer4692@email.com,Germany,Manchester,2022-10-12,Consumer
4693,Customer 4693,customer4693@email.com,UK,Manchester,2022-10-10,Corporate
4694,Customer 4694,customer4694@email.com,UK,Birmingham,2024-10-17,Corporate
4695,Customer 4695,customer4695@email.com,Germany,London,2022-01-16,Consumer
4696,Customer 4696,customer4696@email.com,France,London,2021-06-11,SMB
4697,Customer 4697,customer4697@email.com,UK,London,2021-01-19,SMB
4698,Customer 4698,customer4698@email.com,USA,Leeds,2023-09-01,Corporate
4699,Customer 4699,customer4699@email.com,Germany,London,2021-08-31,SMB
4700,Customer 4700,customer4700@email.com,UK,Birmingham,2021-05-09,Corporate
4701,Customer 4701,customer4701@email.com,Canada,Birmingham,2024-04-14,SMB
4702,Customer 4702,customer4702@email.com,Australia,London,2022-02-13,SMB
4703,Customer 4703,customer4703@email.com,USA,Manchester,2023-03-03,Consumer
4704,Customer 4704,customer4704@email.com,Australia,Birmingham,2023-08-01,SMB
4705,Customer 4705,customer4705@email.com,Australia,Manchester,2024-01-13,Corporate
4706,Customer 4706,customer4706@email.com,UK,Leeds,2024-10-31,Consumer
4707,Customer 4707,customer4707@email.com,USA,Birmingham,2021-08-10,SMB
4708,Customer 4708,customer4708@email.com,USA,Manchester,2024-09-10,Consumer
4709,Customer 4709,customer4709@email.com,France,London,2025-01-14,SMB
4710,Customer 4710,customer4710@email.com,Australia,Leeds,2024-12-10,Corporate
4711,Customer 4711,customer4711@email.com,USA,Glasgow,2022-03-21,Corporate
4712,Customer 4712,customer4712@email.com,France,Glasgow,2022-09-10,Consumer
4713,Customer 4713,customer4713@email.com,Germany,London,2024-09-10,SMB
4714,Customer 4714,customer4714@email.com,France,Leeds,2022-06-07,SMB
4715,Customer 4715,customer4715@email.com,Canada,Leeds,2021-06-15,Consumer
4716,Customer 4716,customer4716@email.com,UK,Leeds,2022-12-09,Consumer
4717,Customer 4717,customer4717@email.com,Germany,Leeds,2023-01-13,Corporate
4718,Customer 4718,customer4718@email.com,Germany,Glasgow,2024-06-15,Consumer
4719,Customer 4719,customer4719@email.com,Canada,Manchester,2023-10-06,SMB
4720,Customer 4720,customer4720@email.com,France,Leeds,2023-07-02,Consumer
4721,Customer 4721,customer4721@email.com,UK,Manchester,2023-11-03,Corporate
4722,Customer 4722,customer4722@email.com,France,Leeds,2024-07-04,Consumer
4723,Customer 4723,customer4723@email.com,USA,Birmingham,2024-05-18,SMB
4724,Customer 4724,customer4724@email.com,France,Birmingham,2021-12-31,Consumer
4725,Customer 4725,customer4725@email.com,Germany,Birmingham,2021-08-13,Consumer
4726,Customer 4726,customer4726@email.com,UK,Leeds,2023-09-23,Consumer
4727,Customer 4727,customer4727@email.com,France,Manchester,2021-07-13,Corporate
4728,Customer 4728,customer4728@email.com,UK,Glasgow,2024-05-04,Corporate
4729,Customer 4729,customer4729@email.com,UK,London,2024-11-24,Corporate
4730,Customer 4730,customer4730@email.com,USA,Glasgow,2021-02-26,Corporate
4731,Customer 4731,customer4731@email.com,USA,Leeds,2021-08-01,SMB
4732,Customer 4732,customer4732@email.com,Germany,Birmingham,2024-07-26,SMB
4733,Customer 4733,customer4733@email.com,Canada,Birmingham,2024-11-04,Corporate
4734,Customer 4734,customer4734@email.com,UK,Manchester,2021-04-27,Corporate
4735,Customer 4735,customer4735@email.com,Canada,Leeds,2025-01-14,Corporate
4736,Customer 4736,customer4736@email.com,Germany,Glasgow,2022-08-22,Consumer
4737,Customer 4737,customer4737@email.com,UK,Leeds,2022-02-14,SMB
4738,Customer 4738,customer4738@email.com,UK,Leeds,2024-10-22,Consumer
4739,Customer 4739,customer4739@email.com,Australia,Birmingham,2023-03-23,Corporate
4740,Customer 4740,customer4740@email.com,Canada,Glasgow,2023-07-18,SMB
4741,Customer 4741,customer4741@email.com,France,London,2024-02-11,Corporate
4742,Customer 4742,customer4742@email.com,USA,Birmingham,2024-04-02,Consumer
4743,Customer 4743,customer4743@email.com,France,Glasgow,2021-01-04,SMB
4744,Customer 4744,customer4744@email.com,Canada,Manchester,2021-01-23,Consumer
4745,Customer 4745,customer4745@email.com,USA,Birmingham,2023-07-10,SMB
4746,Customer 4746,customer4746@email.com,France,Manchester,2023-01-15,Corporate
4747,Customer 4747,customer4747@email.com,Australia,Birmingham,2022-08-25,SMB
4748,Customer 4748,customer4748@email.com,USA,Leeds,2023-09-15,Consumer
4749,Customer 4749,customer4749@email.com,UK,Glasgow,2024-01-21,Consumer
4750,Customer 4750,customer4750@email.com,France,Manchester,2022-04-14,Consumer
4751,Customer 4751,customer4751@email.com,USA,Birmingham,2023-08-28,Consumer
4752,Customer 4752,customer4752@email.com,Australia,Manchester,2024-03-24,Corporate
4753,Customer 4753,customer4753@email.com,USA,Birmingham,2022-09-19,Consumer
4754,Customer 4754,customer4754@email.com,USA,Birmingham,2021-07-26,Corporate
4755,Customer 4755,customer4755@email.com,Australia,London,2023-10-11,SMB
4756,Customer 4756,customer4756@email.com,France,London,2021-03-22,Consumer
4757,Customer 4757,customer4757@email.com,Germany,London,2022-09-07,SMB
4758,Customer 4758,customer4758@email.com,France,Manchester,2022-04-28,SMB
4759,Customer 4759,customer4759@email.com,Canada,Leeds,2022-08-15,Corporate
4760,Customer 4760,customer4760@email.com,Australia,Birmingham,2024-12-01,Consumer
4761,Customer 4761,customer4761@email.com,France,Glasgow,2024-02-01,Corporate
4762,Customer 4762,customer4762@email.com,USA,London,2024-06-17,Consumer
4763,Customer 4763,customer4763@email.com,Australia,Manchester,2024-07-12,SMB
4764,Customer 4764,customer4764@email.com,UK,Manchester,2021-02-02,Corporate
4765,Customer 4765,customer4765@email.com,France,Manchester,2021-02-04,Consumer
4766,Customer 4766,customer4766@email.com,Australia,Glasgow,2024-06-26,SMB
4767,Customer 4767,customer4767@email.com,France,Glasgow,2023-09-27,Corporate
4768,Customer 4768,customer4768@email.com,Australia,London,2023-12-10,Corporate
4769,Customer 4769,customer4769@email.com,USA,Glasgow,2021-10-07,Corporate
4770,Customer 4770,customer4770@email.com,UK,London,2021-06-01,Corporate
4771,Customer 4771,customer4771@email.com,UK,Glasgow,2022-12-02,SMB
4772,Customer 4772,customer4772@email.com,Canada,Glasgow,2023-01-05,SMB
4773,Customer 4773,customer4773@email.com,Australia,Glasgow,2023-10-16,SMB
4774,Customer 4774,customer4774@email.com,France,London,2024-06-07,SMB
4775,Customer 4775,customer4775@email.com,UK,Birmingham,2022-10-27,Consumer
4776,Customer 4776,customer4776@email.com,UK,London,2023-07-12,SMB
4777,Customer 4777,customer4777@email.com,Germany,Birmingham,2024-08-04,Corporate
4778,Customer 4778,customer4778@email.com,Germany,Manchester,2024-11-19,Corporate
4779,Customer 4779,customer4779@email.com,UK,Manchester,2022-03-29,Corporate
4780,Customer 4780,customer4780@email.com,Australia,London,2022-09-12,Corporate
4781,Customer 4781,customer4781@email.com,Canada,Birmingham,2023-11-23,Consumer
4782,Customer 4782,customer4782@email.com,UK,Birmingham,2024-10-18,Corporate
4783,Customer 4783,customer4783@email.com,USA,Birmingham,2024-02-09,Corporate
4784,Customer 4784,customer4784@email.com,France,Manchester,2024-02-19,Corporate
4785,Customer 4785,customer4785@email.com,Canada,London,2021-01-16,SMB
4786,Customer 4786,customer4786@email.com,USA,Leeds,2023-01-09,SMB
4787,Customer 4787,customer4787@email.com,Canada,Birmingham,2022-12-16,Consumer
4788,Customer 4788,customer4788@email.com,USA,Birmingham,2022-12-15,Consumer
4789,Customer 4789,customer4789@email.com,France,Leeds,2021-04-08,Consumer
4790,Customer 4790,customer4790@email.com,France,London,2021-04-26,Corporate
4791,Customer 4791,customer4791@email.com,Germany,Birmingham,2023-08-23,Consumer
4792,Customer 4792,customer4792@email.com,Australia,London,2025-02-03,SMB
4793,Customer 4793,customer4793@email.com,USA,Birmingham,2025-01-02,SMB
4794,Customer 4794,customer4794@email.com,Germany,Glasgow,2024-07-28,SMB
4795,Customer 4795,customer4795@email.com,USA,Birmingham,2021-12-15,Corporate
4796,Customer 4796,customer4796@email.com,Germany,Glasgow,2021-08-20,Corporate
4797,Customer 4797,customer4797@email.com,France,London,2024-02-09,Consumer
4798,Customer 4798,customer4798@email.com,Canada,Birmingham,2024-10-07,Consumer
4799,Customer 4799,customer4799@email.com,Germany,Manchester,2023-11-02,Consumer
4800,Customer 4800,customer4800@email.com,USA,Manchester,2023-09-11,Consumer
4801,Customer 4801,customer4801@email.com,USA,Leeds,2022-10-01,Corporate
4802,Customer 4802,customer4802@email.com,Australia,Manchester,2021-10-12,SMB
4803,Customer 4803,customer4803@email.com,France,Glasgow,2022-09-28,Corporate
4804,Customer 4804,customer4804@email.com,USA,Manchester,2022-06-29,Consumer
4805,Customer 4805,customer4805@email.com,UK,Manchester,2022-01-27,Corporate
4806,Customer 4806,customer4806@email.com,Canada,Manchester,2024-04-08,SMB
4807,Customer 4807,customer4807@email.com,Germany,Birmingham,2021-03-18,Corporate
4808,Customer 4808,customer4808@email.com,Australia,Leeds,2021-10-24,SMB
4809,Customer 4809,customer4809@email.com,Canada,London,2021-11-26,Consumer
4810,Customer 4810,customer4810@email.com,France,Leeds,2023-12-23,Corporate
4811,Customer 4811,customer4811@email.com,Australia,Glasgow,2021-09-27,Consumer
4812,Customer 4812,customer4812@email.com,Germany,Birmingham,2021-08-04,Consumer
4813,Customer 4813,customer4813@email.com,Germany,Birmingham,2024-04-28,SMB
4814,Customer 4814,customer4814@email.com,UK,Manchester,2024-01-04,SMB
4815,Customer 4815,customer4815@email.com,France,Manchester,2022-05-25,Consumer
4816,Customer 4816,customer4816@email.com,Australia,Glasgow,2022-08-02,SMB
4817,Customer 4817,customer4817@email.com,Australia,Birmingham,2024-01-22,SMB
4818,Customer 4818,customer4818@email.com,USA,London,2023-12-13,Consumer
4819,Customer 4819,customer4819@email.com,UK,Leeds,2022-05-11,Consumer
4820,Customer 4820,customer4820@email.com,UK,Birmingham,2023-08-06,SMB
4821,Customer 4821,customer4821@email.com,Australia,London,2021-04-04,Consumer
4822,Customer 4822,customer4822@email.com,Australia,London,2022-09-17,Consumer
4823,Customer 4823,customer4823@email.com,Canada,Leeds,2021-08-17,SMB
4824,Customer 4824,customer4824@email.com,Canada,London,2021-09-07,Corporate
4825,Customer 4825,customer4825@email.com,Canada,Glasgow,2024-11-15,Corporate
4826,Customer 4826,customer4826@email.com,UK,London,2022-12-22,Consumer
4827,Customer 4827,customer4827@email.com,USA,Glasgow,2023-09-07,SMB
4828,Customer 4828,customer4828@email.com,Germany,London,2021-07-01,Consumer
4829,Customer 4829,customer4829@email.com,Canada,Manchester,2021-09-24,SMB
4830,Customer 4830,customer4830@email.com,USA,London,2023-10-01,Consumer
4831,Customer 4831,customer4831@email.com,France,Glasgow,2021-10-08,Consumer
4832,Customer 4832,customer4832@email.com,Canada,London,2023-08-20,SMB
4833,Customer 4833,customer4833@email.com,Germany,London,2022-10-29,Consumer
4834,Customer 4834,customer4834@email.com,France,London,2024-01-12,Corporate
4835,Customer 4835,customer4835@email.com,France,Glasgow,2024-04-24,Corporate
4836,Customer 4836,customer4836@email.com,Germany,London,2022-06-15,SMB
4837,Customer 4837,customer4837@email.com,Canada,Leeds,2024-10-03,Consumer
4838,Customer 4838,customer4838@email.com,UK,Leeds,2022-02-27,Corporate
4839,Customer 4839,customer4839@email.com,Germany,Glasgow,2023-09-08,SMB
4840,Customer 4840,customer4840@email.com,Germany,Manchester,2022-03-30,SMB
4841,Customer 4841,customer4841@email.com,Germany,Leeds,2021-09-24,SMB
4842,Customer 4842,customer4842@email.com,France,Birmingham,2022-05-22,Corporate
4843,Customer 4843,customer4843@email.com,USA,Leeds,2024-03-11,Corporate
4844,Customer 4844,customer4844@email.com,UK,Birmingham,2021-11-12,Corporate
4845,Customer 4845,customer4845@email.com,Canada,Glasgow,2023-02-03,Corporate
4846,Customer 4846,customer4846@email.com,Canada,Manchester,2024-06-09,Consumer
4847,Customer 4847,customer4847@email.com,USA,Birmingham,2024-08-13,Corporate
4848,Customer 4848,customer4848@email.com,Germany,Birmingham,2023-06-17,SMB
4849,Customer 4849,customer4849@email.com,UK,Leeds,2023-08-11,Consumer
4850,Customer 4850,customer4850@email.com,Canada,Birmingham,2023-05-25,Corporate
4851,Customer 4851,customer4851@email.com,Australia,Glasgow,2023-07-05,Consumer
4852,Customer 4852,customer4852@email.com,Canada,Glasgow,2021-01-22,SMB
4853,Customer 4853,customer4853@email.com,Germany,Glasgow,2022-01-19,Corporate
4854,Customer 4854,customer4854@email.com,Australia,Leeds,2024-02-24,Consumer
4855,Customer 4855,customer4855@email.com,USA,Manchester,2021-04-13,Corporate
4856,Customer 4856,customer4856@email.com,UK,Leeds,2023-06-19,Consumer
4857,Customer 4857,customer4857@email.com,USA,Glasgow,2023-01-03,Consumer
4858,Customer 4858,customer4858@email.com,USA,Leeds,2021-04-20,SMB
4859,Customer 4859,customer4859@email.com,UK,Glasgow,2025-02-04,SMB
4860,Customer 4860,customer4860@email.com,UK,London,2023-12-25,Corporate
4861,Customer 4861,customer4861@email.com,Canada,London,2025-02-04,Corporate
4862,Customer 4862,customer4862@email.com,Canada,Birmingham,2022-11-01,Consumer
4863,Customer 4863,customer4863@email.com,UK,Manchester,2024-01-05,SMB
4864,Customer 4864,customer4864@email.com,Australia,London,2023-11-09,SMB
4865,Customer 4865,customer4865@email.com,France,Glasgow,2022-01-19,Consumer
4866,Customer 4866,customer4866@email.com,Canada,Leeds,2021-07-09,SMB
4867,Customer 4867,customer4867@email.com,France,Leeds,2023-02-01,SMB
4868,Customer 4868,customer4868@email.com,Australia,Birmingham,2021-12-26,Consumer
4869,Customer 4869,customer4869@email.com,UK,Leeds,2023-05-25,Corporate
4870,Customer 4870,customer4870@email.com,Australia,London,2023-06-05,Corporate
4871,Customer 4871,customer4871@email.com,Canada,Leeds,2025-01-15,Corporate
4872,Customer 4872,customer4872@email.com,USA,London,2021-03-20,Consumer
4873,Customer 4873,customer4873@email.com,UK,London,2022-08-19,Corporate
4874,Customer 4874,customer4874@email.com,Germany,Manchester,2024-04-10,Consumer
4875,Customer 4875,customer4875@email.com,France,Birmingham,2024-05-20,Consumer
4876,Customer 4876,customer4876@email.com,Australia,Glasgow,2023-06-05,SMB
4877,Customer 4877,customer4877@email.com,UK,London,2023-10-12,SMB
4878,Customer 4878,customer4878@email.com,Australia,Birmingham,2025-01-08,Corporate
4879,Customer 4879,customer4879@email.com,UK,Glasgow,2021-05-29,Consumer
4880,Customer 4880,customer4880@email.com,Canada,Leeds,2021-01-10,Corporate
4881,Customer 4881,customer4881@email.com,Canada,Birmingham,2023-03-03,Corporate
4882,Customer 4882,customer4882@email.com,Canada,Birmingham,2023-12-15,SMB
4883,Customer 4883,customer4883@email.com,Australia,Birmingham,2023-05-22,Corporate
4884,Customer 4884,customer4884@email.com,Germany,Leeds,2021-06-29,Corporate
4885,Customer 4885,customer4885@email.com,Canada,Leeds,2023-01-14,SMB
4886,Customer 4886,customer4886@email.com,UK,Birmingham,2022-01-16,Corporate
4887,Customer 4887,customer4887@email.com,Canada,Manchester,2024-12-16,Corporate
4888,Customer 4888,customer4888@email.com,USA,London,2022-03-27,Consumer
4889,Customer 4889,customer4889@email.com,Canada,Leeds,2024-01-22,Corporate
4890,Customer 4890,customer4890@email.com,Australia,Manchester,2024-12-07,SMB
4891,Customer 4891,customer4891@email.com,Germany,Leeds,2022-01-29,SMB
4892,Customer 4892,customer4892@email.com,USA,Birmingham,2023-08-23,Consumer
4893,Customer 4893,customer4893@email.com,Australia,Manchester,2024-09-16,SMB
4894,Customer 4894,customer4894@email.com,Australia,Glasgow,2022-03-09,SMB
4895,Customer 4895,customer4895@email.com,Australia,London,2023-08-12,SMB
4896,Customer 4896,customer4896@email.com,UK,London,2024-04-01,Corporate
4897,Customer 4897,customer4897@email.com,Australia,Leeds,2023-08-04,Consumer
4898,Customer 4898,customer4898@email.com,UK,London,2023-11-30,Consumer
4899,Customer 4899,customer4899@email.com,Australia,Glasgow,2023-02-05,Consumer
4900,Customer 4900,customer4900@email.com,France,Manchester,2023-06-27,Consumer
4901,Customer 4901,customer4901@email.com,USA,Manchester,2021-03-26,SMB
4902,Customer 4902,customer4902@email.com,France,Birmingham,2023-02-23,Corporate
4903,Customer 4903,customer4903@email.com,Australia,Manchester,2023-03-27,SMB
4904,Customer 4904,customer4904@email.com,USA,Leeds,2024-01-20,SMB
4905,Customer 4905,customer4905@email.com,USA,Glasgow,2024-11-09,SMB
4906,Customer 4906,customer4906@email.com,Germany,Birmingham,2024-05-01,SMB
4907,Customer 4907,customer4907@email.com,France,Leeds,2024-06-30,Consumer
4908,Customer 4908,customer4908@email.com,Germany,Leeds,2024-06-21,Consumer
4909,Customer 4909,customer4909@email.com,USA,Leeds,2022-12-08,Corporate
4910,Customer 4910,customer4910@email.com,UK,London,2021-09-27,SMB
4911,Customer 4911,customer4911@email.com,USA,Leeds,2023-04-21,Consumer
4912,Customer 4912,customer4912@email.com,Germany,London,2023-11-09,Corporate
4913,Customer 4913,customer4913@email.com,France,Manchester,2023-11-30,SMB
4914,Customer 4914,customer4914@email.com,Australia,London,2022-05-31,SMB
4915,Customer 4915,customer4915@email.com,Australia,Leeds,2023-11-23,Consumer
4916,Customer 4916,customer4916@email.com,France,Glasgow,2022-03-26,SMB
4917,Customer 4917,customer4917@email.com,Australia,Glasgow,2022-11-16,SMB
4918,Customer 4918,customer4918@email.com,Australia,Manchester,2022-09-17,Consumer
4919,Customer 4919,customer4919@email.com,Germany,Leeds,2023-06-04,Corporate
4920,Customer 4920,customer4920@email.com,France,London,2021-11-15,Corporate
4921,Customer 4921,customer4921@email.com,Canada,Glasgow,2024-02-22,Consumer
4922,Customer 4922,customer4922@email.com,UK,Birmingham,2024-10-27,Consumer
4923,Customer 4923,customer4923@email.com,UK,Leeds,2024-10-06,Corporate
4924,Customer 4924,customer4924@email.com,Australia,Leeds,2024-09-08,Corporate
4925,Customer 4925,customer4925@email.com,UK,Birmingham,2022-05-03,Consumer
4926,Customer 4926,customer4926@email.com,France,Glasgow,2022-03-27,Consumer
4927,Customer 4927,customer4927@email.com,France,Birmingham,2021-12-19,Consumer
4928,Customer 4928,customer4928@email.com,USA,Manchester,2024-02-14,SMB
4929,Customer 4929,customer4929@email.com,USA,London,2023-08-13,Consumer
4930,Customer 4930,customer4930@email.com,UK,London,2023-11-03,SMB
4931,Customer 4931,customer4931@email.com,Canada,Glasgow,2021-11-16,Corporate
4932,Customer 4932,customer4932@email.com,USA,Birmingham,2024-04-03,Corporate
4933,Customer 4933,customer4933@email.com,USA,Leeds,2021-03-26,Consumer
4934,Customer 4934,customer4934@email.com,France,Leeds,2021-09-05,Consumer
4935,Customer 4935,customer4935@email.com,Canada,Leeds,2024-12-26,Corporate
4936,Customer 4936,customer4936@email.com,Australia,Manchester,2022-07-22,Corporate
4937,Customer 4937,customer4937@email.com,UK,Manchester,2022-11-15,Corporate
4938,Customer 4938,customer4938@email.com,USA,Leeds,2022-10-06,Corporate
4939,Customer 4939,customer4939@email.com,Canada,Glasgow,2022-04-24,Consumer
4940,Customer 4940,customer4940@email.com,Canada,Manchester,2022-12-14,SMB
4941,Customer 4941,customer4941@email.com,UK,Manchester,2022-01-03,Corporate
4942,Customer 4942,customer4942@email.com,Canada,London,2021-12-23,Corporate
4943,Customer 4943,customer4943@email.com,Canada,London,2022-02-12,SMB
4944,Customer 4944,customer4944@email.com,Canada,Glasgow,2024-09-30,Consumer
4945,Customer 4945,customer4945@email.com,USA,Manchester,2021-06-28,SMB
4946,Customer 4946,customer4946@email.com,UK,Manchester,2024-12-19,Consumer
4947,Customer 4947,customer4947@email.com,Canada,Birmingham,2025-01-06,Consumer
4948,Customer 4948,customer4948@email.com,Canada,Glasgow,2024-08-22,Consumer
4949,Customer 4949,customer4949@email.com,USA,Glasgow,2022-01-02,Consumer
4950,Customer 4950,customer4950@email.com,UK,Birmingham,2023-11-26,Consumer
4951,Customer 4951,customer4951@email.com,France,Birmingham,2022-04-08,Corporate
4952,Customer 4952,customer4952@email.com,USA,London,2023-04-08,Consumer
4953,Customer 4953,customer4953@email.com,UK,Glasgow,2024-03-15,Corporate
4954,Customer 4954,customer4954@email.com,Canada,Glasgow,2021-05-26,Consumer
4955,Customer 4955,customer4955@email.com,UK,Birmingham,2022-01-15,Corporate
4956,Customer 4956,customer4956@email.com,UK,Leeds,2021-06-17,SMB
4957,Customer 4957,customer4957@email.com,Australia,Leeds,2024-07-22,SMB
4958,Customer 4958,customer4958@email.com,UK,London,2021-03-28,Corporate
4959,Customer 4959,customer4959@email.com,France,Leeds,2021-06-03,Consumer
4960,Customer 4960,customer4960@email.com,UK,Leeds,2022-05-12,Corporate
4961,Customer 4961,customer4961@email.com,France,Leeds,2021-11-11,Corporate
4962,Customer 4962,customer4962@email.com,Canada,Manchester,2022-12-24,Consumer
4963,Customer 4963,customer4963@email.com,France,London,2024-07-21,SMB
4964,Customer 4964,customer4964@email.com,Canada,Birmingham,2023-02-03,Corporate
4965,Customer 4965,customer4965@email.com,Canada,Leeds,2021-09-19,SMB
4966,Customer 4966,customer4966@email.com,France,Manchester,2022-05-02,SMB
4967,Customer 4967,customer4967@email.com,USA,Leeds,2022-03-30,SMB
4968,Customer 4968,customer4968@email.com,Germany,Manchester,2022-03-19,Corporate
4969,Customer 4969,customer4969@email.com,UK,London,2024-07-09,Corporate
4970,Customer 4970,customer4970@email.com,Australia,Leeds,2022-06-27,Consumer
4971,Customer 4971,customer4971@email.com,Germany,Manchester,2024-02-03,Consumer
4972,Customer 4972,customer4972@email.com,UK,Glasgow,2021-12-16,Corporate
4973,Customer 4973,customer4973@email.com,UK,Glasgow,2023-04-04,Consumer
4974,Customer 4974,customer4974@email.com,Canada,Manchester,2022-03-14,SMB
4975,Customer 4975,customer4975@email.com,UK,Leeds,2021-06-18,SMB
4976,Customer 4976,customer4976@email.com,Australia,Leeds,2024-09-28,Corporate
4977,Customer 4977,customer4977@email.com,UK,London,2024-06-07,SMB
4978,Customer 4978,customer4978@email.com,France,London,2021-01-23,Corporate
4979,Customer 4979,customer4979@email.com,Germany,Birmingham,2023-09-15,Corporate
4980,Customer 4980,customer4980@email.com,France,London,2022-11-07,Corporate
4981,Customer 4981,customer4981@email.com,Australia,Leeds,2021-10-08,SMB
4982,Customer 4982,customer4982@email.com,UK,Birmingham,2022-12-23,Corporate
4983,Customer 4983,customer4983@email.com,Australia,London,2021-09-10,Corporate
4984,Customer 4984,customer4984@email.com,Canada,Manchester,2022-02-08,Consumer
4985,Customer 4985,customer4985@email.com,France,Glasgow,2021-05-13,SMB
4986,Customer 4986,customer4986@email.com,France,London,2024-07-21,Corporate
4987,Customer 4987,customer4987@email.com,USA,London,2022-09-10,Consumer
4988,Customer 4988,customer4988@email.com,UK,Manchester,2021-08-20,Corporate
4989,Customer 4989,customer4989@email.com,Canada,Leeds,2022-06-29,SMB
4990,Customer 4990,customer4990@email.com,France,Manchester,2021-03-20,Consumer
4991,Customer 4991,customer4991@email.com,France,London,2023-11-25,Consumer
4992,Customer 4992,customer4992@email.com,Canada,Leeds,2022-05-10,Corporate
4993,Customer 4993,customer4993@email.com,Australia,Birmingham,2024-02-08,Corporate
4994,Customer 4994,customer4994@email.com,Australia,London,2024-09-06,SMB
4995,Customer 4995,customer4995@email.com,UK,Manchester,2021-11-24,SMB
4996,Customer 4996,customer4996@email.com,USA,Birmingham,2023-08-25,Corporate
4997,Customer 4997,customer4997@email.com,France,Glasgow,2022-11-21,Consumer
4998,Customer 4998,customer4998@email.com,USA,Birmingham,2022-01-19,SMB
4999,Customer 4999,customer4999@email.com,Australia,Manchester,2024-10-19,SMB
5000,Customer 5000,customer5000@email.com,Australia,Birmingham,2024-06-09,Consumer
5001,Customer 5001,customer5001@email.com,Germany,Manchester,2024-12-08,Corporate
5002,Customer 5002,customer5002@email.com,UK,London,2024-08-10,SMB
5003,Customer 5003,customer5003@email.com,Germany,Leeds,2022-07-01,Consumer
5004,Customer 5004,customer5004@email.com,Germany,Glasgow,2024-04-12,SMB
5005,Customer 5005,customer5005@email.com,Germany,Leeds,2022-01-27,Consumer
5006,Customer 5006,customer5006@email.com,UK,Leeds,2024-01-31,SMB
5007,Customer 5007,customer5007@email.com,UK,Leeds,2024-08-09,Corporate
5008,Customer 5008,customer5008@email.com,Canada,Manchester,2024-01-14,Consumer
5009,Customer 5009,customer5009@email.com,USA,Manchester,2023-06-28,SMB
5010,Customer 5010,customer5010@email.com,USA,Glasgow,2024-05-09,SMB
5011,Customer 5011,customer5011@email.com,Canada,Manchester,2022-11-16,Consumer
5012,Customer 5012,customer5012@email.com,Canada,Manchester,2022-06-25,Consumer
5013,Customer 5013,customer5013@email.com,Australia,Manchester,2021-10-24,Corporate
5014,Customer 5014,customer5014@email.com,Germany,Manchester,2021-02-25,Consumer
5015,Customer 5015,customer5015@email.com,Canada,London,2025-02-04,SMB
5016,Customer 5016,customer5016@email.com,France,Glasgow,2023-11-06,Corporate
5017,Customer 5017,customer5017@email.com,USA,Manchester,2021-03-07,Consumer
5018,Customer 5018,customer5018@email.com,Canada,Glasgow,2023-08-16,SMB
5019,Customer 5019,customer5019@email.com,France,Birmingham,2025-02-04,Consumer
5020,Customer 5020,customer5020@email.com,France,London,2023-11-13,SMB
5021,Customer 5021,customer5021@email.com,France,Manchester,2022-12-03,SMB
5022,Customer 5022,customer5022@email.com,Australia,London,2023-01-30,Corporate
5023,Customer 5023,customer5023@email.com,Australia,London,2022-05-01,Corporate
5024,Customer 5024,customer5024@email.com,France,Birmingham,2024-12-09,Consumer
5025,Customer 5025,customer5025@email.com,Australia,Glasgow,2023-04-01,Corporate
5026,Customer 5026,customer5026@email.com,Germany,London,2023-06-07,Consumer
5027,Customer 5027,customer5027@email.com,France,Leeds,2024-08-21,Corporate
5028,Customer 5028,customer5028@email.com,Germany,Birmingham,2021-06-26,Corporate
5029,Customer 5029,customer5029@email.com,Germany,Leeds,2021-07-14,Consumer
5030,Customer 5030,customer5030@email.com,France,Birmingham,2023-11-03,Corporate
5031,Customer 5031,customer5031@email.com,USA,Leeds,2023-05-26,Corporate
5032,Customer 5032,customer5032@email.com,France,Leeds,2021-06-15,Corporate
5033,Customer 5033,customer5033@email.com,France,London,2024-03-19,Corporate
5034,Customer 5034,customer5034@email.com,Australia,London,2024-09-26,Consumer
5035,Customer 5035,customer5035@email.com,France,Birmingham,2022-07-11,SMB
5036,Customer 5036,customer5036@email.com,USA,Glasgow,2024-04-12,Consumer
5037,Customer 5037,customer5037@email.com,Australia,London,2021-06-16,Consumer
5038,Customer 5038,customer5038@email.com,UK,London,2022-12-10,Consumer
5039,Customer 5039,customer5039@email.com,UK,Manchester,2022-12-19,Corporate
5040,Customer 5040,customer5040@email.com,Germany,London,2021-04-07,Corporate
5041,Customer 5041,customer5041@email.com,Germany,Glasgow,2022-11-10,SMB
5042,Customer 5042,customer5042@email.com,USA,Manchester,2022-02-08,Corporate
5043,Customer 5043,customer5043@email.com,Canada,Leeds,2024-01-06,SMB
5044,Customer 5044,customer5044@email.com,UK,Leeds,2024-06-14,SMB
5045,Customer 5045,customer5045@email.com,Germany,Manchester,2021-10-18,Corporate
5046,Customer 5046,customer5046@email.com,UK,Manchester,2021-05-16,SMB
5047,Customer 5047,customer5047@email.com,USA,Manchester,2023-06-08,Consumer
5048,Customer 5048,customer5048@email.com,USA,Birmingham,2023-05-31,Consumer
5049,Customer 5049,customer5049@email.com,Canada,Glasgow,2022-01-02,Consumer
5050,Customer 5050,customer5050@email.com,Canada,Glasgow,2022-07-02,SMB
5051,Customer 5051,customer5051@email.com,Australia,Leeds,2023-06-21,SMB
5052,Customer 5052,customer5052@email.com,USA,Leeds,2021-09-05,Consumer
5053,Customer 5053,customer5053@email.com,Germany,Leeds,2023-02-05,Corporate
5054,Customer 5054,customer5054@email.com,UK,London,2024-05-22,Consumer
5055,Customer 5055,customer5055@email.com,France,Leeds,2021-03-11,Corporate
5056,Customer 5056,customer5056@email.com,Canada,Manchester,2023-01-16,Corporate
5057,Customer 5057,customer5057@email.com,France,Leeds,2023-09-23,SMB
5058,Customer 5058,customer5058@email.com,Germany,Manchester,2021-11-25,SMB
5059,Customer 5059,customer5059@email.com,Canada,Birmingham,2023-11-06,Corporate
5060,Customer 5060,customer5060@email.com,France,London,2024-04-12,Corporate
5061,Customer 5061,customer5061@email.com,Germany,London,2022-11-30,Corporate
5062,Customer 5062,customer5062@email.com,UK,Glasgow,2023-03-17,SMB
5063,Customer 5063,customer5063@email.com,Germany,Birmingham,2021-10-01,Consumer
5064,Customer 5064,customer5064@email.com,Australia,Manchester,2022-06-08,Corporate
5065,Customer 5065,customer5065@email.com,Canada,Birmingham,2021-08-07,SMB
5066,Customer 5066,customer5066@email.com,USA,London,2023-10-21,Consumer
5067,Customer 5067,customer5067@email.com,UK,Manchester,2022-05-28,SMB
5068,Customer 5068,customer5068@email.com,France,Birmingham,2024-11-23,Consumer
5069,Customer 5069,customer5069@email.com,Canada,London,2024-02-09,SMB
5070,Customer 5070,customer5070@email.com,USA,Manchester,2022-04-09,Consumer
5071,Customer 5071,customer5071@email.com,Germany,Manchester,2024-01-22,Corporate
5072,Customer 5072,customer5072@email.com,USA,London,2022-03-27,SMB
5073,Customer 5073,customer5073@email.com,Canada,Manchester,2024-11-20,Consumer
5074,Customer 5074,customer5074@email.com,Canada,London,2023-07-13,Consumer
5075,Customer 5075,customer5075@email.com,Australia,Leeds,2023-07-22,Consumer
5076,Customer 5076,customer5076@email.com,Australia,Leeds,2022-04-24,Corporate
5077,Customer 5077,customer5077@email.com,USA,Manchester,2021-11-12,SMB
5078,Customer 5078,customer5078@email.com,Germany,Manchester,2022-11-02,Consumer
5079,Customer 5079,customer5079@email.com,USA,London,2022-11-29,Corporate
5080,Customer 5080,customer5080@email.com,Canada,Manchester,2023-09-20,Corporate
5081,Customer 5081,customer5081@email.com,Canada,Glasgow,2024-10-08,Corporate
5082,Customer 5082,customer5082@email.com,France,Leeds,2023-02-07,Corporate
5083,Customer 5083,customer5083@email.com,Australia,Manchester,2024-06-16,Corporate
5084,Customer 5084,customer5084@email.com,France,Manchester,2024-02-02,Corporate
5085,Customer 5085,customer5085@email.com,UK,Birmingham,2023-06-26,Corporate
5086,Customer 5086,customer5086@email.com,Canada,Manchester,2023-05-28,SMB
5087,Customer 5087,customer5087@email.com,France,Glasgow,2023-11-19,SMB
5088,Customer 5088,customer5088@email.com,USA,Leeds,2021-03-30,Corporate
5089,Customer 5089,customer5089@email.com,Australia,Birmingham,2022-01-10,Consumer
5090,Customer 5090,customer5090@email.com,Australia,London,2024-11-21,Consumer
5091,Customer 5091,customer5091@email.com,Germany,London,2021-12-30,Consumer
5092,Customer 5092,customer5092@email.com,USA,Leeds,2021-05-27,Corporate
5093,Customer 5093,customer5093@email.com,Germany,London,2021-11-10,Consumer
5094,Customer 5094,customer5094@email.com,France,Glasgow,2022-07-02,SMB
5095,Customer 5095,customer5095@email.com,UK,Manchester,2023-03-07,SMB
5096,Customer 5096,customer5096@email.com,USA,Leeds,2025-01-15,SMB
5097,Customer 5097,customer5097@email.com,USA,Birmingham,2023-06-18,SMB
5098,Customer 5098,customer5098@email.com,USA,Manchester,2021-04-11,Corporate
5099,Customer 5099,customer5099@email.com,Germany,London,2021-04-17,SMB
5100,Customer 5100,customer5100@email.com,France,London,2023-05-07,Consumer
5101,Customer 5101,customer5101@email.com,USA,Birmingham,2023-07-26,Consumer
5102,Customer 5102,customer5102@email.com,USA,Glasgow,2021-10-18,SMB
5103,Customer 5103,customer5103@email.com,Australia,Birmingham,2024-10-04,SMB
5104,Customer 5104,customer5104@email.com,UK,Leeds,2022-09-09,SMB
5105,Customer 5105,customer5105@email.com,Australia,Birmingham,2022-08-11,Consumer
5106,Customer 5106,customer5106@email.com,Australia,London,2024-06-04,Consumer
5107,Customer 5107,customer5107@email.com,UK,Glasgow,2022-08-19,SMB
5108,Customer 5108,customer5108@email.com,France,Glasgow,2023-09-04,Consumer
5109,Customer 5109,customer5109@email.com,Australia,Birmingham,2023-12-10,Consumer
5110,Customer 5110,customer5110@email.com,France,Leeds,2023-05-18,Corporate
5111,Customer 5111,customer5111@email.com,Australia,London,2023-08-28,SMB
5112,Customer 5112,customer5112@email.com,Canada,Manchester,2022-12-23,SMB
5113,Customer 5113,customer5113@email.com,UK,Glasgow,2021-06-07,Corporate
5114,Customer 5114,customer5114@email.com,Australia,Birmingham,2021-11-24,Corporate
5115,Customer 5115,customer5115@email.com,Canada,Leeds,2024-01-06,Consumer
5116,Customer 5116,customer5116@email.com,Germany,Leeds,2023-01-05,Corporate
5117,Customer 5117,customer5117@email.com,Canada,London,2022-09-25,SMB
5118,Customer 5118,customer5118@email.com,USA,Glasgow,2025-01-17,SMB
5119,Customer 5119,customer5119@email.com,Australia,London,2024-08-26,SMB
5120,Customer 5120,customer5120@email.com,Canada,Manchester,2021-11-23,Consumer
5121,Customer 5121,customer5121@email.com,France,Manchester,2022-05-23,Consumer
5122,Customer 5122,customer5122@email.com,Germany,Manchester,2023-05-20,SMB
5123,Customer 5123,customer5123@email.com,Australia,Leeds,2024-02-05,SMB
5124,Customer 5124,customer5124@email.com,USA,Glasgow,2021-08-29,Consumer
5125,Customer 5125,customer5125@email.com,Canada,London,2022-03-11,Consumer
5126,Customer 5126,customer5126@email.com,Germany,London,2023-11-18,Corporate
5127,Customer 5127,customer5127@email.com,Australia,Manchester,2022-12-05,Consumer
5128,Customer 5128,customer5128@email.com,Germany,Glasgow,2024-06-26,Consumer
5129,Customer 5129,customer5129@email.com,USA,Glasgow,2024-10-19,SMB
5130,Customer 5130,customer5130@email.com,Canada,Birmingham,2025-02-04,SMB
5131,Customer 5131,customer5131@email.com,Germany,Glasgow,2022-08-12,SMB
5132,Customer 5132,customer5132@email.com,Germany,Glasgow,2022-02-17,Corporate
5133,Customer 5133,customer5133@email.com,UK,London,2022-07-23,Consumer
5134,Customer 5134,customer5134@email.com,Germany,Glasgow,2024-04-03,Corporate
5135,Customer 5135,customer5135@email.com,UK,Glasgow,2023-09-16,Consumer
5136,Customer 5136,customer5136@email.com,Canada,London,2023-12-08,Consumer
5137,Customer 5137,customer5137@email.com,Australia,Glasgow,2022-04-29,SMB
5138,Customer 5138,customer5138@email.com,Australia,London,2024-03-27,Consumer
5139,Customer 5139,customer5139@email.com,Canada,Birmingham,2022-10-30,Corporate
5140,Customer 5140,customer5140@email.com,Canada,Leeds,2021-05-31,SMB
5141,Customer 5141,customer5141@email.com,France,London,2021-08-13,Corporate
5142,Customer 5142,customer5142@email.com,Canada,London,2024-07-07,Corporate
5143,Customer 5143,customer5143@email.com,Germany,Glasgow,2024-11-11,SMB
5144,Customer 5144,customer5144@email.com,Australia,London,2021-09-13,Consumer
5145,Customer 5145,customer5145@email.com,USA,Manchester,2021-03-02,Corporate
5146,Customer 5146,customer5146@email.com,Australia,Manchester,2022-01-31,Consumer
5147,Customer 5147,customer5147@email.com,UK,Birmingham,2024-11-21,SMB
5148,Customer 5148,customer5148@email.com,Australia,London,2024-03-31,Consumer
5149,Customer 5149,customer5149@email.com,France,Glasgow,2022-01-15,Consumer
5150,Customer 5150,customer5150@email.com,Canada,Glasgow,2025-01-06,SMB
5151,Customer 5151,customer5151@email.com,Canada,Leeds,2021-12-15,Consumer
5152,Customer 5152,customer5152@email.com,Australia,Birmingham,2021-01-31,Corporate
5153,Customer 5153,customer5153@email.com,USA,Glasgow,2021-03-12,Corporate
5154,Customer 5154,customer5154@email.com,USA,Leeds,2022-02-01,Corporate
5155,Customer 5155,customer5155@email.com,France,Glasgow,2025-01-01,Consumer
5156,Customer 5156,customer5156@email.com,UK,Leeds,2021-01-02,Corporate
5157,Customer 5157,customer5157@email.com,Australia,Manchester,2023-07-18,Consumer
5158,Customer 5158,customer5158@email.com,Canada,Manchester,2022-07-16,Consumer
5159,Customer 5159,customer5159@email.com,Australia,Glasgow,2024-03-04,Consumer
5160,Customer 5160,customer5160@email.com,France,Birmingham,2021-05-26,Consumer
5161,Customer 5161,customer5161@email.com,Germany,London,2021-06-28,SMB
5162,Customer 5162,customer5162@email.com,Germany,Birmingham,2021-09-21,Corporate
5163,Customer 5163,customer5163@email.com,France,Birmingham,2024-08-27,Corporate
5164,Customer 5164,customer5164@email.com,Canada,London,2021-07-23,Consumer
5165,Customer 5165,customer5165@email.com,France,Manchester,2022-11-30,SMB
5166,Customer 5166,customer5166@email.com,Canada,Manchester,2023-11-20,Consumer
5167,Customer 5167,customer5167@email.com,USA,London,2021-02-28,Corporate
5168,Customer 5168,customer5168@email.com,France,Leeds,2023-10-30,Corporate
5169,Customer 5169,customer5169@email.com,Canada,Birmingham,2023-09-15,SMB
5170,Customer 5170,customer5170@email.com,France,Glasgow,2024-09-09,Consumer
5171,Customer 5171,customer5171@email.com,France,Manchester,2021-06-16,SMB
5172,Customer 5172,customer5172@email.com,Canada,Glasgow,2024-09-22,Consumer
5173,Customer 5173,customer5173@email.com,Canada,London,2023-06-26,SMB
5174,Customer 5174,customer5174@email.com,UK,Glasgow,2024-11-03,Corporate
5175,Customer 5175,customer5175@email.com,France,Glasgow,2023-06-17,SMB
5176,Customer 5176,customer5176@email.com,Germany,Birmingham,2023-03-02,Corporate
5177,Customer 5177,customer5177@email.com,France,London,2021-08-30,Corporate
5178,Customer 5178,customer5178@email.com,France,Glasgow,2023-06-27,Consumer
5179,Customer 5179,customer5179@email.com,Canada,Manchester,2024-03-29,SMB
5180,Customer 5180,customer5180@email.com,France,London,2023-02-16,SMB
5181,Customer 5181,customer5181@email.com,Australia,Manchester,2024-06-12,SMB
5182,Customer 5182,customer5182@email.com,France,Leeds,2025-01-16,SMB
5183,Customer 5183,customer5183@email.com,Australia,Glasgow,2021-07-18,Consumer
5184,Customer 5184,customer5184@email.com,Germany,London,2023-11-23,Consumer
5185,Customer 5185,customer5185@email.com,Canada,Manchester,2022-02-12,Consumer
5186,Customer 5186,customer5186@email.com,France,Glasgow,2024-01-18,Corporate
5187,Customer 5187,customer5187@email.com,Australia,Birmingham,2021-08-09,Corporate
5188,Customer 5188,customer5188@email.com,Australia,Manchester,2023-12-29,Corporate
5189,Customer 5189,customer5189@email.com,Australia,Manchester,2024-08-10,Consumer
5190,Customer 5190,customer5190@email.com,USA,Leeds,2024-06-14,Corporate
5191,Customer 5191,customer5191@email.com,UK,Birmingham,2024-03-29,SMB
5192,Customer 5192,customer5192@email.com,Germany,Leeds,2023-04-20,Corporate
5193,Customer 5193,customer5193@email.com,France,Birmingham,2023-02-27,Consumer
5194,Customer 5194,customer5194@email.com,USA,Manchester,2024-08-06,Consumer
5195,Customer 5195,customer5195@email.com,France,Leeds,2022-07-08,Consumer
5196,Customer 5196,customer5196@email.com,France,Glasgow,2022-08-01,Consumer
5197,Customer 5197,customer5197@email.com,Canada,Birmingham,2022-06-17,SMB
5198,Customer 5198,customer5198@email.com,Canada,Manchester,2021-12-01,Corporate
5199,Customer 5199,customer5199@email.com,Canada,London,2023-10-18,Corporate
5200,Customer 5200,customer5200@email.com,USA,Birmingham,2021-09-03,Consumer
5201,Customer 5201,customer5201@email.com,France,Birmingham,2024-09-08,Corporate
5202,Customer 5202,customer5202@email.com,UK,Glasgow,2022-09-03,SMB
5203,Customer 5203,customer5203@email.com,Germany,Birmingham,2021-11-25,Consumer
5204,Customer 5204,customer5204@email.com,Canada,Birmingham,2022-07-01,Corporate
5205,Customer 5205,customer5205@email.com,Canada,Glasgow,2021-12-05,Corporate
5206,Customer 5206,customer5206@email.com,France,Glasgow,2024-04-09,Corporate
5207,Customer 5207,customer5207@email.com,France,Leeds,2024-02-08,Corporate
5208,Customer 5208,customer5208@email.com,USA,Manchester,2023-09-21,Consumer
5209,Customer 5209,customer5209@email.com,USA,Manchester,2023-03-18,Consumer
5210,Customer 5210,customer5210@email.com,Canada,Leeds,2023-10-31,SMB
5211,Customer 5211,customer5211@email.com,France,Manchester,2024-05-10,Consumer
5212,Customer 5212,customer5212@email.com,UK,Birmingham,2024-07-04,Corporate
5213,Customer 5213,customer5213@email.com,Germany,Leeds,2024-07-09,Corporate
5214,Customer 5214,customer5214@email.com,France,Leeds,2022-11-24,Corporate
5215,Customer 5215,customer5215@email.com,France,Manchester,2022-03-06,SMB
5216,Customer 5216,customer5216@email.com,Australia,London,2023-12-26,Consumer
5217,Customer 5217,customer5217@email.com,USA,Manchester,2023-03-17,Consumer
5218,Customer 5218,customer5218@email.com,Germany,London,2022-09-04,Consumer
5219,Customer 5219,customer5219@email.com,Canada,Leeds,2021-02-04,Corporate
5220,Customer 5220,customer5220@email.com,France,London,2022-07-11,Corporate
5221,Customer 5221,customer5221@email.com,Canada,Birmingham,2022-05-06,Corporate
5222,Customer 5222,customer5222@email.com,France,Glasgow,2021-09-11,SMB
5223,Customer 5223,customer5223@email.com,Canada,London,2021-01-17,SMB
5224,Customer 5224,customer5224@email.com,Germany,Glasgow,2021-09-18,Corporate
5225,Customer 5225,customer5225@email.com,USA,Birmingham,2024-07-03,SMB
5226,Customer 5226,customer5226@email.com,Germany,Glasgow,2022-12-29,SMB
5227,Customer 5227,customer5227@email.com,Australia,Birmingham,2024-12-18,SMB
5228,Customer 5228,customer5228@email.com,UK,Glasgow,2022-05-16,Consumer
5229,Customer 5229,customer5229@email.com,USA,Glasgow,2023-10-13,SMB
5230,Customer 5230,customer5230@email.com,Germany,Manchester,2021-10-13,Corporate
5231,Customer 5231,customer5231@email.com,Australia,London,2021-01-07,Consumer
5232,Customer 5232,customer5232@email.com,UK,Glasgow,2024-05-07,SMB
5233,Customer 5233,customer5233@email.com,Australia,Leeds,2022-10-21,Corporate
5234,Customer 5234,customer5234@email.com,France,Manchester,2023-07-26,SMB
5235,Customer 5235,customer5235@email.com,France,London,2024-12-12,Corporate
5236,Customer 5236,customer5236@email.com,Canada,Manchester,2021-02-21,Corporate
5237,Customer 5237,customer5237@email.com,USA,London,2021-08-31,SMB
5238,Customer 5238,customer5238@email.com,France,Birmingham,2024-05-27,SMB
5239,Customer 5239,customer5239@email.com,Australia,Glasgow,2022-06-02,Consumer
5240,Customer 5240,customer5240@email.com,USA,Leeds,2023-08-28,SMB
5241,Customer 5241,customer5241@email.com,France,Manchester,2021-04-19,Corporate
5242,Customer 5242,customer5242@email.com,Canada,Manchester,2024-10-06,Consumer
5243,Customer 5243,customer5243@email.com,Germany,Manchester,2023-07-10,Corporate
5244,Customer 5244,customer5244@email.com,Canada,Manchester,2021-03-07,Corporate
5245,Customer 5245,customer5245@email.com,UK,Glasgow,2023-10-31,SMB
5246,Customer 5246,customer5246@email.com,France,London,2021-07-21,Corporate
5247,Customer 5247,customer5247@email.com,UK,Glasgow,2023-06-20,SMB
5248,Customer 5248,customer5248@email.com,UK,Birmingham,2021-08-02,Corporate
5249,Customer 5249,customer5249@email.com,Australia,Glasgow,2021-03-09,Consumer
5250,Customer 5250,customer5250@email.com,USA,Glasgow,2023-01-29,SMB
5251,Customer 5251,customer5251@email.com,Australia,Birmingham,2023-05-16,Consumer
5252,Customer 5252,customer5252@email.com,France,Glasgow,2021-11-23,SMB
5253,Customer 5253,customer5253@email.com,UK,London,2023-12-10,Consumer
5254,Customer 5254,customer5254@email.com,Germany,Leeds,2023-11-07,SMB
5255,Customer 5255,customer5255@email.com,UK,Birmingham,2022-06-07,Consumer
5256,Customer 5256,customer5256@email.com,Germany,Manchester,2024-08-22,Consumer
5257,Customer 5257,customer5257@email.com,Australia,London,2024-11-16,SMB
5258,Customer 5258,customer5258@email.com,Australia,Leeds,2023-09-15,SMB
5259,Customer 5259,customer5259@email.com,USA,London,2024-02-22,Corporate
5260,Customer 5260,customer5260@email.com,UK,London,2023-10-01,Corporate
5261,Customer 5261,customer5261@email.com,Canada,Manchester,2022-05-19,SMB
5262,Customer 5262,customer5262@email.com,Australia,Leeds,2024-06-02,SMB
5263,Customer 5263,customer5263@email.com,Australia,London,2023-01-26,Consumer
5264,Customer 5264,customer5264@email.com,USA,Manchester,2024-09-03,Consumer
5265,Customer 5265,customer5265@email.com,Germany,Birmingham,2022-04-18,Corporate
5266,Customer 5266,customer5266@email.com,USA,Manchester,2023-05-08,Corporate
5267,Customer 5267,customer5267@email.com,UK,Glasgow,2022-06-25,Corporate
5268,Customer 5268,customer5268@email.com,France,Manchester,2024-10-13,Consumer
5269,Customer 5269,customer5269@email.com,France,Manchester,2023-05-19,Consumer
5270,Customer 5270,customer5270@email.com,Germany,Manchester,2023-05-28,Consumer
5271,Customer 5271,customer5271@email.com,Australia,London,2023-07-29,Corporate
5272,Customer 5272,customer5272@email.com,Germany,Leeds,2023-05-27,SMB
5273,Customer 5273,customer5273@email.com,Australia,Manchester,2024-12-23,Corporate
5274,Customer 5274,customer5274@email.com,Australia,Manchester,2023-03-08,Consumer
5275,Customer 5275,customer5275@email.com,France,Glasgow,2022-04-17,Corporate
5276,Customer 5276,customer5276@email.com,Germany,Glasgow,2023-04-18,Corporate
5277,Customer 5277,customer5277@email.com,USA,Birmingham,2024-08-16,Corporate
5278,Customer 5278,customer5278@email.com,Australia,Birmingham,2021-03-25,Corporate
5279,Customer 5279,customer5279@email.com,Canada,Glasgow,2022-01-12,Consumer
5280,Customer 5280,customer5280@email.com,Canada,Leeds,2024-08-29,Corporate
5281,Customer 5281,customer5281@email.com,USA,Birmingham,2024-09-05,Consumer
5282,Customer 5282,customer5282@email.com,Canada,Leeds,2021-07-23,Corporate
5283,Customer 5283,customer5283@email.com,UK,Glasgow,2024-10-10,Consumer
5284,Customer 5284,customer5284@email.com,Australia,Birmingham,2023-10-06,SMB
5285,Customer 5285,customer5285@email.com,USA,Manchester,2024-08-10,Consumer
5286,Customer 5286,customer5286@email.com,Germany,Glasgow,2022-05-19,Consumer
5287,Customer 5287,customer5287@email.com,Australia,Birmingham,2024-03-14,SMB
5288,Customer 5288,customer5288@email.com,USA,Leeds,2022-06-23,SMB
5289,Customer 5289,customer5289@email.com,France,Leeds,2021-01-17,SMB
5290,Customer 5290,customer5290@email.com,Germany,Birmingham,2022-07-29,SMB
5291,Customer 5291,customer5291@email.com,France,Leeds,2022-07-30,SMB
5292,Customer 5292,customer5292@email.com,Australia,Birmingham,2023-10-12,SMB
5293,Customer 5293,customer5293@email.com,Germany,Birmingham,2023-11-29,Corporate
5294,Customer 5294,customer5294@email.com,Canada,Leeds,2021-05-10,Corporate
5295,Customer 5295,customer5295@email.com,USA,London,2021-04-25,SMB
5296,Customer 5296,customer5296@email.com,Australia,Manchester,2025-01-13,Consumer
5297,Customer 5297,customer5297@email.com,UK,Glasgow,2023-08-08,Consumer
5298,Customer 5298,customer5298@email.com,Germany,Manchester,2023-12-05,SMB
5299,Customer 5299,customer5299@email.com,Germany,Glasgow,2021-08-04,Corporate
5300,Customer 5300,customer5300@email.com,Australia,Glasgow,2023-04-28,Corporate
5301,Customer 5301,customer5301@email.com,Australia,Manchester,2024-12-09,Consumer
5302,Customer 5302,customer5302@email.com,France,Birmingham,2022-11-20,SMB
5303,Customer 5303,customer5303@email.com,Canada,Leeds,2023-09-30,Corporate
5304,Customer 5304,customer5304@email.com,France,London,2021-09-22,SMB
5305,Customer 5305,customer5305@email.com,France,London,2025-01-03,SMB
5306,Customer 5306,customer5306@email.com,Canada,London,2022-09-09,Consumer
5307,Customer 5307,customer5307@email.com,UK,Manchester,2024-11-05,SMB
5308,Customer 5308,customer5308@email.com,France,Manchester,2021-10-28,SMB
5309,Customer 5309,customer5309@email.com,France,Birmingham,2023-09-12,Consumer
5310,Customer 5310,customer5310@email.com,Germany,London,2024-04-09,Corporate
5311,Customer 5311,customer5311@email.com,Canada,Birmingham,2022-02-10,SMB
5312,Customer 5312,customer5312@email.com,USA,London,2024-10-10,Consumer
5313,Customer 5313,customer5313@email.com,UK,Manchester,2021-06-10,Corporate
5314,Customer 5314,customer5314@email.com,UK,Leeds,2021-01-26,SMB
5315,Customer 5315,customer5315@email.com,Canada,Leeds,2021-03-24,Corporate
5316,Customer 5316,customer5316@email.com,Australia,Leeds,2021-06-22,Consumer
5317,Customer 5317,customer5317@email.com,Australia,Leeds,2023-09-26,SMB
5318,Customer 5318,customer5318@email.com,Germany,Glasgow,2023-03-05,Consumer
5319,Customer 5319,customer5319@email.com,Germany,London,2023-12-30,Consumer
5320,Customer 5320,customer5320@email.com,Canada,Leeds,2023-04-15,SMB
5321,Customer 5321,customer5321@email.com,Germany,Glasgow,2021-01-06,Consumer
5322,Customer 5322,customer5322@email.com,UK,Glasgow,2023-03-07,Corporate
5323,Customer 5323,customer5323@email.com,UK,Glasgow,2024-05-03,Consumer
5324,Customer 5324,customer5324@email.com,USA,Birmingham,2022-06-09,SMB
5325,Customer 5325,customer5325@email.com,Australia,Birmingham,2021-03-04,SMB
5326,Customer 5326,customer5326@email.com,Canada,Glasgow,2023-11-03,Corporate
5327,Customer 5327,customer5327@email.com,France,Leeds,2023-01-31,SMB
5328,Customer 5328,customer5328@email.com,Australia,London,2021-07-24,Consumer
5329,Customer 5329,customer5329@email.com,France,Manchester,2023-06-16,Consumer
5330,Customer 5330,customer5330@email.com,USA,Birmingham,2021-02-09,SMB
5331,Customer 5331,customer5331@email.com,USA,Leeds,2024-04-03,Corporate
5332,Customer 5332,customer5332@email.com,Germany,Leeds,2023-11-21,Corporate
5333,Customer 5333,customer5333@email.com,USA,Manchester,2023-05-27,SMB
5334,Customer 5334,customer5334@email.com,USA,Manchester,2023-04-05,Consumer
5335,Customer 5335,customer5335@email.com,France,Leeds,2023-06-28,SMB
5336,Customer 5336,customer5336@email.com,Germany,Manchester,2022-02-02,SMB
5337,Customer 5337,customer5337@email.com,USA,Leeds,2025-01-22,Corporate
5338,Customer 5338,customer5338@email.com,Australia,Manchester,2024-05-31,Consumer
5339,Customer 5339,customer5339@email.com,USA,Manchester,2022-09-26,Corporate
5340,Customer 5340,customer5340@email.com,Germany,Leeds,2024-01-07,Corporate
5341,Customer 5341,customer5341@email.com,Canada,Glasgow,2023-04-19,Consumer
5342,Customer 5342,customer5342@email.com,Germany,Leeds,2022-08-23,Consumer
5343,Customer 5343,customer5343@email.com,France,London,2022-09-17,Consumer
5344,Customer 5344,customer5344@email.com,Canada,Manchester,2023-07-27,SMB
5345,Customer 5345,customer5345@email.com,Australia,Birmingham,2023-06-03,Consumer
5346,Customer 5346,customer5346@email.com,UK,Manchester,2024-12-22,SMB
5347,Customer 5347,customer5347@email.com,Germany,London,2022-03-01,Corporate
5348,Customer 5348,customer5348@email.com,France,Birmingham,2022-01-22,Consumer
5349,Customer 5349,customer5349@email.com,Australia,Birmingham,2024-06-16,SMB
5350,Customer 5350,customer5350@email.com,Canada,Leeds,2023-10-01,SMB
5351,Customer 5351,customer5351@email.com,Australia,Glasgow,2023-05-08,SMB
5352,Customer 5352,customer5352@email.com,Germany,Leeds,2022-09-15,SMB
5353,Customer 5353,customer5353@email.com,USA,Birmingham,2021-03-31,Corporate
5354,Customer 5354,customer5354@email.com,Germany,Birmingham,2022-01-20,Consumer
5355,Customer 5355,customer5355@email.com,UK,Glasgow,2024-03-08,Consumer
5356,Customer 5356,customer5356@email.com,Germany,Manchester,2023-09-24,Consumer
5357,Customer 5357,customer5357@email.com,Canada,Glasgow,2022-10-09,Consumer
5358,Customer 5358,customer5358@email.com,Canada,Leeds,2024-06-21,Consumer
5359,Customer 5359,customer5359@email.com,Germany,Manchester,2022-02-26,Consumer
5360,Customer 5360,customer5360@email.com,Canada,Leeds,2024-04-20,SMB
5361,Customer 5361,customer5361@email.com,USA,Glasgow,2024-05-03,Consumer
5362,Customer 5362,customer5362@email.com,Australia,Manchester,2023-05-24,SMB
5363,Customer 5363,customer5363@email.com,Germany,Glasgow,2021-02-22,Corporate
5364,Customer 5364,customer5364@email.com,USA,London,2023-09-13,SMB
5365,Customer 5365,customer5365@email.com,Australia,Birmingham,2023-10-11,Corporate
5366,Customer 5366,customer5366@email.com,Australia,Manchester,2022-11-16,Consumer
5367,Customer 5367,customer5367@email.com,USA,Birmingham,2021-06-28,Corporate
5368,Customer 5368,customer5368@email.com,France,London,2021-10-20,Corporate
5369,Customer 5369,customer5369@email.com,Germany,Manchester,2022-01-10,SMB
5370,Customer 5370,customer5370@email.com,Australia,Birmingham,2023-12-19,SMB
5371,Customer 5371,customer5371@email.com,Australia,Birmingham,2023-12-14,Corporate
5372,Customer 5372,customer5372@email.com,Canada,Manchester,2024-06-22,Corporate
5373,Customer 5373,customer5373@email.com,Australia,Birmingham,2024-03-18,Consumer
5374,Customer 5374,customer5374@email.com,USA,Birmingham,2023-03-07,SMB
5375,Customer 5375,customer5375@email.com,Australia,Manchester,2024-10-23,Corporate
5376,Customer 5376,customer5376@email.com,France,Birmingham,2021-01-16,SMB
5377,Customer 5377,customer5377@email.com,Germany,Birmingham,2021-06-25,Consumer
5378,Customer 5378,customer5378@email.com,Germany,Leeds,2024-11-30,Consumer
5379,Customer 5379,customer5379@email.com,Australia,Leeds,2025-01-30,Corporate
5380,Customer 5380,customer5380@email.com,UK,London,2021-05-09,Consumer
5381,Customer 5381,customer5381@email.com,UK,Leeds,2024-05-31,Corporate
5382,Customer 5382,customer5382@email.com,USA,Leeds,2023-06-03,SMB
5383,Customer 5383,customer5383@email.com,UK,London,2024-06-21,SMB
5384,Customer 5384,customer5384@email.com,USA,Birmingham,2022-03-02,Corporate
5385,Customer 5385,customer5385@email.com,Canada,Birmingham,2021-12-20,Corporate
5386,Customer 5386,customer5386@email.com,USA,Leeds,2023-01-20,Corporate
5387,Customer 5387,customer5387@email.com,UK,London,2023-01-14,SMB
5388,Customer 5388,customer5388@email.com,Australia,Birmingham,2024-09-11,SMB
5389,Customer 5389,customer5389@email.com,Canada,Glasgow,2023-10-24,Consumer
5390,Customer 5390,customer5390@email.com,UK,Manchester,2022-04-24,Consumer
5391,Customer 5391,customer5391@email.com,USA,Manchester,2023-09-03,SMB
5392,Customer 5392,customer5392@email.com,France,Manchester,2024-01-10,SMB
5393,Customer 5393,customer5393@email.com,Germany,Leeds,2021-02-13,Corporate
5394,Customer 5394,customer5394@email.com,UK,Manchester,2021-06-04,SMB
5395,Customer 5395,customer5395@email.com,USA,Manchester,2023-08-05,SMB
5396,Customer 5396,customer5396@email.com,Canada,Glasgow,2023-07-17,Consumer
5397,Customer 5397,customer5397@email.com,UK,Birmingham,2021-04-09,Consumer
5398,Customer 5398,customer5398@email.com,UK,Glasgow,2024-11-21,Corporate
5399,Customer 5399,customer5399@email.com,Germany,Leeds,2021-06-20,Consumer
5400,Customer 5400,customer5400@email.com,USA,Manchester,2021-05-28,Corporate
5401,Customer 5401,customer5401@email.com,France,Birmingham,2021-05-03,SMB
5402,Customer 5402,customer5402@email.com,Canada,Manchester,2021-04-22,SMB
5403,Customer 5403,customer5403@email.com,USA,Manchester,2023-10-20,Corporate
5404,Customer 5404,customer5404@email.com,Canada,Leeds,2023-10-09,Consumer
5405,Customer 5405,customer5405@email.com,UK,Manchester,2024-02-28,Consumer
5406,Customer 5406,customer5406@email.com,Germany,London,2021-03-09,SMB
5407,Customer 5407,customer5407@email.com,Germany,Birmingham,2023-04-08,Consumer
5408,Customer 5408,customer5408@email.com,Australia,Birmingham,2023-06-11,Corporate
5409,Customer 5409,customer5409@email.com,France,London,2024-08-02,SMB
5410,Customer 5410,customer5410@email.com,Germany,Leeds,2023-10-26,Consumer
5411,Customer 5411,customer5411@email.com,UK,Manchester,2024-02-16,SMB
5412,Customer 5412,customer5412@email.com,France,Manchester,2021-08-18,SMB
5413,Customer 5413,customer5413@email.com,USA,Birmingham,2021-06-09,Consumer
5414,Customer 5414,customer5414@email.com,Germany,Leeds,2024-08-10,Corporate
5415,Customer 5415,customer5415@email.com,France,Leeds,2021-07-05,Consumer
5416,Customer 5416,customer5416@email.com,UK,Leeds,2023-10-11,Consumer
5417,Customer 5417,customer5417@email.com,Australia,Manchester,2023-05-27,Consumer
5418,Customer 5418,customer5418@email.com,Canada,Leeds,2022-07-06,Consumer
5419,Customer 5419,customer5419@email.com,Canada,London,2024-06-01,Consumer
5420,Customer 5420,customer5420@email.com,UK,Glasgow,2024-03-21,Consumer
5421,Customer 5421,customer5421@email.com,UK,Leeds,2024-03-09,Corporate
5422,Customer 5422,customer5422@email.com,Canada,Glasgow,2024-10-22,SMB
5423,Customer 5423,customer5423@email.com,Australia,Manchester,2024-02-26,Corporate
5424,Customer 5424,customer5424@email.com,France,Leeds,2024-10-06,Consumer
5425,Customer 5425,customer5425@email.com,Canada,Birmingham,2021-05-27,Corporate
5426,Customer 5426,customer5426@email.com,UK,Manchester,2024-08-01,SMB
5427,Customer 5427,customer5427@email.com,Germany,London,2025-02-01,Corporate
5428,Customer 5428,customer5428@email.com,USA,London,2024-05-26,Consumer
5429,Customer 5429,customer5429@email.com,Australia,Glasgow,2022-03-12,SMB
5430,Customer 5430,customer5430@email.com,Australia,Glasgow,2023-01-02,Consumer
5431,Customer 5431,customer5431@email.com,Germany,Birmingham,2024-03-14,Consumer
5432,Customer 5432,customer5432@email.com,Germany,Birmingham,2024-07-24,SMB
5433,Customer 5433,customer5433@email.com,UK,London,2021-03-01,SMB
5434,Customer 5434,customer5434@email.com,Canada,Leeds,2023-04-23,Consumer
5435,Customer 5435,customer5435@email.com,France,London,2024-10-30,Corporate
5436,Customer 5436,customer5436@email.com,Australia,London,2022-02-08,SMB
5437,Customer 5437,customer5437@email.com,Australia,Birmingham,2023-05-31,Corporate
5438,Customer 5438,customer5438@email.com,Germany,Glasgow,2024-02-12,Corporate
5439,Customer 5439,customer5439@email.com,Canada,Birmingham,2022-09-07,SMB
5440,Customer 5440,customer5440@email.com,Australia,Birmingham,2021-12-02,Corporate
5441,Customer 5441,customer5441@email.com,France,Birmingham,2023-04-11,SMB
5442,Customer 5442,customer5442@email.com,Germany,London,2021-10-12,SMB
5443,Customer 5443,customer5443@email.com,France,Leeds,2021-05-09,SMB
5444,Customer 5444,customer5444@email.com,Canada,London,2021-11-11,SMB
5445,Customer 5445,customer5445@email.com,Australia,Manchester,2023-08-18,Corporate
5446,Customer 5446,customer5446@email.com,USA,Birmingham,2021-03-12,Corporate
5447,Customer 5447,customer5447@email.com,Australia,Birmingham,2021-12-11,SMB
5448,Customer 5448,customer5448@email.com,Canada,Manchester,2024-01-27,SMB
5449,Customer 5449,customer5449@email.com,Australia,Birmingham,2024-08-16,SMB
5450,Customer 5450,customer5450@email.com,Australia,Birmingham,2021-06-25,SMB
5451,Customer 5451,customer5451@email.com,UK,Birmingham,2023-06-03,Consumer
5452,Customer 5452,customer5452@email.com,Australia,Manchester,2024-01-04,Corporate
5453,Customer 5453,customer5453@email.com,Australia,London,2021-05-23,Corporate
5454,Customer 5454,customer5454@email.com,France,Birmingham,2023-07-20,SMB
5455,Customer 5455,customer5455@email.com,USA,Leeds,2023-11-13,Consumer
5456,Customer 5456,customer5456@email.com,France,Manchester,2021-06-30,Consumer
5457,Customer 5457,customer5457@email.com,France,Glasgow,2023-12-05,Consumer
5458,Customer 5458,customer5458@email.com,Germany,Manchester,2025-02-01,SMB
5459,Customer 5459,customer5459@email.com,UK,London,2021-04-02,Consumer
5460,Customer 5460,customer5460@email.com,France,Manchester,2024-07-16,SMB
5461,Customer 5461,customer5461@email.com,Canada,Glasgow,2021-02-03,Consumer
5462,Customer 5462,customer5462@email.com,Canada,Leeds,2022-11-09,SMB
5463,Customer 5463,customer5463@email.com,Australia,Glasgow,2024-10-19,SMB
5464,Customer 5464,customer5464@email.com,Germany,Manchester,2024-03-02,Corporate
5465,Customer 5465,customer5465@email.com,UK,Glasgow,2023-01-29,SMB
5466,Customer 5466,customer5466@email.com,UK,Manchester,2022-01-17,Consumer
5467,Customer 5467,customer5467@email.com,Australia,Leeds,2023-08-24,Corporate
5468,Customer 5468,customer5468@email.com,Canada,Leeds,2024-07-24,Consumer
5469,Customer 5469,customer5469@email.com,USA,London,2024-03-25,SMB
5470,Customer 5470,customer5470@email.com,Germany,Leeds,2022-01-22,Corporate
5471,Customer 5471,customer5471@email.com,Australia,Birmingham,2022-06-19,SMB
5472,Customer 5472,customer5472@email.com,Germany,Glasgow,2021-07-19,SMB
5473,Customer 5473,customer5473@email.com,Canada,Glasgow,2021-10-02,Consumer
5474,Customer 5474,customer5474@email.com,Canada,Manchester,2022-05-16,Consumer
5475,Customer 5475,customer5475@email.com,USA,Leeds,2022-04-04,Consumer
5476,Customer 5476,customer5476@email.com,USA,London,2021-02-19,Corporate
5477,Customer 5477,customer5477@email.com,UK,London,2023-08-28,Consumer
5478,Customer 5478,customer5478@email.com,Germany,London,2023-09-15,SMB
5479,Customer 5479,customer5479@email.com,Germany,Birmingham,2022-06-16,Corporate
5480,Customer 5480,customer5480@email.com,Canada,Leeds,2023-10-01,Consumer
5481,Customer 5481,customer5481@email.com,UK,London,2022-09-20,Consumer
5482,Customer 5482,customer5482@email.com,Australia,Birmingham,2024-01-21,Consumer
5483,Customer 5483,customer5483@email.com,Germany,Glasgow,2025-01-19,SMB
5484,Customer 5484,customer5484@email.com,UK,Manchester,2021-12-05,Consumer
5485,Customer 5485,customer5485@email.com,UK,Leeds,2023-12-13,SMB
5486,Customer 5486,customer5486@email.com,Canada,Leeds,2021-01-04,Corporate
5487,Customer 5487,customer5487@email.com,UK,Glasgow,2021-10-08,Consumer
5488,Customer 5488,customer5488@email.com,USA,Leeds,2024-08-06,SMB
5489,Customer 5489,customer5489@email.com,USA,Leeds,2021-03-14,Consumer
5490,Customer 5490,customer5490@email.com,France,Leeds,2024-03-06,Consumer
5491,Customer 5491,customer5491@email.com,Canada,Leeds,2023-02-07,Corporate
5492,Customer 5492,customer5492@email.com,Australia,Birmingham,2023-08-29,Corporate
5493,Customer 5493,customer5493@email.com,France,Birmingham,2023-09-25,SMB
5494,Customer 5494,customer5494@email.com,USA,Manchester,2024-11-17,SMB
5495,Customer 5495,customer5495@email.com,France,Leeds,2021-07-27,SMB
5496,Customer 5496,customer5496@email.com,Canada,Glasgow,2021-09-17,Corporate
5497,Customer 5497,customer5497@email.com,Canada,London,2023-07-19,SMB
5498,Customer 5498,customer5498@email.com,UK,Manchester,2021-09-20,Corporate
5499,Customer 5499,customer5499@email.com,Germany,London,2023-02-22,Corporate
5500,Customer 5500,customer5500@email.com,UK,London,2022-05-20,Consumer
5501,Customer 5501,customer5501@email.com,Canada,Leeds,2021-07-22,Consumer
5502,Customer 5502,customer5502@email.com,USA,Glasgow,2024-10-02,SMB
5503,Customer 5503,customer5503@email.com,Australia,London,2021-02-21,Corporate
5504,Customer 5504,customer5504@email.com,USA,London,2024-10-11,Corporate
5505,Customer 5505,customer5505@email.com,UK,Manchester,2021-12-29,Corporate
5506,Customer 5506,customer5506@email.com,Australia,Glasgow,2021-02-14,Consumer
5507,Customer 5507,customer5507@email.com,Canada,Glasgow,2023-04-07,Corporate
5508,Customer 5508,customer5508@email.com,USA,London,2024-11-02,SMB
5509,Customer 5509,customer5509@email.com,Canada,Glasgow,2023-02-28,SMB
5510,Customer 5510,customer5510@email.com,Australia,Manchester,2024-12-06,Consumer
5511,Customer 5511,customer5511@email.com,Australia,Manchester,2023-02-10,SMB
5512,Customer 5512,customer5512@email.com,USA,Manchester,2021-05-22,Corporate
5513,Customer 5513,customer5513@email.com,Canada,Leeds,2024-07-05,Corporate
5514,Customer 5514,customer5514@email.com,France,London,2023-03-08,SMB
5515,Customer 5515,customer5515@email.com,Canada,Glasgow,2021-02-06,Consumer
5516,Customer 5516,customer5516@email.com,Australia,Manchester,2021-02-14,Corporate
5517,Customer 5517,customer5517@email.com,Canada,London,2023-07-09,Corporate
5518,Customer 5518,customer5518@email.com,UK,London,2023-12-06,Consumer
5519,Customer 5519,customer5519@email.com,France,Leeds,2022-07-19,Corporate
5520,Customer 5520,customer5520@email.com,Germany,Glasgow,2021-10-28,SMB
5521,Customer 5521,customer5521@email.com,UK,Glasgow,2021-10-15,SMB
5522,Customer 5522,customer5522@email.com,Germany,Manchester,2023-02-25,Consumer
5523,Customer 5523,customer5523@email.com,USA,Manchester,2021-09-26,Consumer
5524,Customer 5524,customer5524@email.com,Germany,London,2023-03-02,SMB
5525,Customer 5525,customer5525@email.com,Canada,Glasgow,2023-12-22,Consumer
5526,Customer 5526,customer5526@email.com,Germany,Glasgow,2022-08-04,SMB
5527,Customer 5527,customer5527@email.com,Australia,Manchester,2024-06-19,Consumer
5528,Customer 5528,customer5528@email.com,UK,Birmingham,2023-07-25,SMB
5529,Customer 5529,customer5529@email.com,UK,London,2021-12-20,Corporate
5530,Customer 5530,customer5530@email.com,Germany,Glasgow,2023-08-26,Corporate
5531,Customer 5531,customer5531@email.com,UK,Leeds,2021-03-12,SMB
5532,Customer 5532,customer5532@email.com,Australia,Leeds,2023-04-15,Corporate
5533,Customer 5533,customer5533@email.com,UK,Birmingham,2022-02-17,SMB
5534,Customer 5534,customer5534@email.com,Germany,Manchester,2022-09-04,Consumer
5535,Customer 5535,customer5535@email.com,France,Manchester,2023-12-21,Corporate
5536,Customer 5536,customer5536@email.com,France,Manchester,2022-09-07,Corporate
5537,Customer 5537,customer5537@email.com,USA,Leeds,2025-01-15,Corporate
5538,Customer 5538,customer5538@email.com,UK,Manchester,2024-11-17,SMB
5539,Customer 5539,customer5539@email.com,Germany,Leeds,2022-06-13,Corporate
5540,Customer 5540,customer5540@email.com,UK,Birmingham,2024-08-21,Consumer
5541,Customer 5541,customer5541@email.com,Canada,London,2021-07-10,Corporate
5542,Customer 5542,customer5542@email.com,Australia,Glasgow,2021-03-19,Consumer
5543,Customer 5543,customer5543@email.com,UK,Birmingham,2023-06-08,Corporate
5544,Customer 5544,customer5544@email.com,UK,Leeds,2024-08-17,Corporate
5545,Customer 5545,customer5545@email.com,France,Birmingham,2023-08-07,Consumer
5546,Customer 5546,customer5546@email.com,Australia,Glasgow,2021-01-17,Corporate
5547,Customer 5547,customer5547@email.com,Germany,London,2023-03-26,Consumer
5548,Customer 5548,customer5548@email.com,UK,Glasgow,2022-03-10,Consumer
5549,Customer 5549,customer5549@email.com,France,Leeds,2023-12-03,Consumer
5550,Customer 5550,customer5550@email.com,USA,Glasgow,2023-12-28,Corporate
5551,Customer 5551,customer5551@email.com,Australia,Birmingham,2024-11-04,Corporate
5552,Customer 5552,customer5552@email.com,France,Manchester,2021-07-31,Consumer
5553,Customer 5553,customer5553@email.com,France,Birmingham,2021-07-22,Corporate
5554,Customer 5554,customer5554@email.com,France,Leeds,2022-12-27,SMB
5555,Customer 5555,customer5555@email.com,UK,London,2021-04-19,Consumer
5556,Customer 5556,customer5556@email.com,UK,Glasgow,2023-08-26,Consumer
5557,Customer 5557,customer5557@email.com,USA,London,2021-10-11,SMB
5558,Customer 5558,customer5558@email.com,Canada,Leeds,2023-07-30,SMB
5559,Customer 5559,customer5559@email.com,Canada,Glasgow,2024-06-02,Consumer
5560,Customer 5560,customer5560@email.com,Canada,Birmingham,2023-01-07,SMB
5561,Customer 5561,customer5561@email.com,Australia,Birmingham,2024-02-16,Consumer
5562,Customer 5562,customer5562@email.com,Australia,Leeds,2023-07-21,Corporate
5563,Customer 5563,customer5563@email.com,USA,Glasgow,2022-08-26,SMB
5564,Customer 5564,customer5564@email.com,Australia,Birmingham,2024-09-25,Consumer
5565,Customer 5565,customer5565@email.com,Canada,Leeds,2024-07-28,Consumer
5566,Customer 5566,customer5566@email.com,Canada,Leeds,2022-05-06,Consumer
5567,Customer 5567,customer5567@email.com,France,London,2021-01-19,SMB
5568,Customer 5568,customer5568@email.com,Australia,Birmingham,2024-04-13,Corporate
5569,Customer 5569,customer5569@email.com,UK,Glasgow,2025-02-01,Corporate
5570,Customer 5570,customer5570@email.com,UK,Birmingham,2023-03-12,SMB
5571,Customer 5571,customer5571@email.com,France,Birmingham,2023-01-30,Consumer
5572,Customer 5572,customer5572@email.com,France,Birmingham,2024-03-11,Consumer
5573,Customer 5573,customer5573@email.com,France,Leeds,2025-01-26,Consumer
5574,Customer 5574,customer5574@email.com,UK,Manchester,2023-07-18,SMB
5575,Customer 5575,customer5575@email.com,Canada,Manchester,2021-10-25,SMB
5576,Customer 5576,customer5576@email.com,France,London,2025-02-02,Consumer
5577,Customer 5577,customer5577@email.com,USA,Birmingham,2022-12-06,Consumer
5578,Customer 5578,customer5578@email.com,France,Manchester,2023-03-26,Consumer
5579,Customer 5579,customer5579@email.com,Germany,London,2023-03-14,SMB
5580,Customer 5580,customer5580@email.com,France,Leeds,2022-01-08,SMB
5581,Customer 5581,customer5581@email.com,UK,Birmingham,2025-01-31,Corporate
5582,Customer 5582,customer5582@email.com,Australia,Glasgow,2023-07-17,Consumer
5583,Customer 5583,customer5583@email.com,France,Leeds,2023-08-09,Consumer
5584,Customer 5584,customer5584@email.com,Australia,London,2025-01-01,Corporate
5585,Customer 5585,customer5585@email.com,Germany,Leeds,2023-04-24,Consumer
5586,Customer 5586,customer5586@email.com,USA,Glasgow,2023-08-05,Corporate
5587,Customer 5587,customer5587@email.com,Australia,Leeds,2022-03-19,SMB
5588,Customer 5588,customer5588@email.com,Canada,London,2025-01-19,Corporate
5589,Customer 5589,customer5589@email.com,France,Glasgow,2024-06-25,Corporate
5590,Customer 5590,customer5590@email.com,Germany,Glasgow,2021-05-22,SMB
5591,Customer 5591,customer5591@email.com,Germany,Leeds,2022-02-06,Consumer
5592,Customer 5592,customer5592@email.com,Australia,Glasgow,2023-04-03,Corporate
5593,Customer 5593,customer5593@email.com,USA,Leeds,2021-08-10,Corporate
5594,Customer 5594,customer5594@email.com,UK,Birmingham,2023-01-07,Consumer
5595,Customer 5595,customer5595@email.com,France,Glasgow,2024-04-22,Corporate
5596,Customer 5596,customer5596@email.com,Germany,Leeds,2024-10-19,SMB
5597,Customer 5597,customer5597@email.com,USA,Birmingham,2023-09-21,Corporate
5598,Customer 5598,customer5598@email.com,Canada,Glasgow,2024-04-26,Consumer
5599,Customer 5599,customer5599@email.com,Germany,Birmingham,2021-04-23,Consumer
5600,Customer 5600,customer5600@email.com,USA,Glasgow,2024-04-19,Corporate
5601,Customer 5601,customer5601@email.com,UK,London,2024-05-07,Consumer
5602,Customer 5602,customer5602@email.com,UK,London,2023-12-30,Consumer
5603,Customer 5603,customer5603@email.com,Germany,Leeds,2022-08-21,Corporate
5604,Customer 5604,customer5604@email.com,Germany,Manchester,2023-06-23,Corporate
5605,Customer 5605,customer5605@email.com,Australia,London,2022-04-30,Consumer
5606,Customer 5606,customer5606@email.com,France,Manchester,2024-11-23,Corporate
5607,Customer 5607,customer5607@email.com,USA,Birmingham,2022-07-05,SMB
5608,Customer 5608,customer5608@email.com,Germany,Birmingham,2023-10-31,Corporate
5609,Customer 5609,customer5609@email.com,France,Manchester,2021-01-03,Consumer
5610,Customer 5610,customer5610@email.com,Australia,Leeds,2022-10-24,SMB
5611,Customer 5611,customer5611@email.com,France,Glasgow,2021-03-08,Consumer
5612,Customer 5612,customer5612@email.com,Germany,Manchester,2022-12-06,Consumer
5613,Customer 5613,customer5613@email.com,UK,Manchester,2024-01-26,SMB
5614,Customer 5614,customer5614@email.com,USA,Manchester,2024-09-03,Corporate
5615,Customer 5615,customer5615@email.com,USA,Manchester,2021-04-08,Consumer
5616,Customer 5616,customer5616@email.com,UK,Manchester,2023-12-17,Corporate
5617,Customer 5617,customer5617@email.com,Germany,Leeds,2024-02-05,Corporate
5618,Customer 5618,customer5618@email.com,USA,London,2021-03-29,SMB
5619,Customer 5619,customer5619@email.com,Germany,Glasgow,2023-08-30,Consumer
5620,Customer 5620,customer5620@email.com,Australia,London,2022-10-15,SMB
5621,Customer 5621,customer5621@email.com,Germany,Manchester,2022-10-18,SMB
5622,Customer 5622,customer5622@email.com,France,London,2023-07-01,Consumer
5623,Customer 5623,customer5623@email.com,UK,Leeds,2022-01-06,Consumer
5624,Customer 5624,customer5624@email.com,Germany,Birmingham,2022-01-10,SMB
5625,Customer 5625,customer5625@email.com,Australia,London,2021-02-21,SMB
5626,Customer 5626,customer5626@email.com,Canada,Glasgow,2021-02-10,SMB
5627,Customer 5627,customer5627@email.com,UK,Leeds,2023-03-27,Consumer
5628,Customer 5628,customer5628@email.com,USA,Birmingham,2021-04-01,Consumer
5629,Customer 5629,customer5629@email.com,France,Leeds,2021-02-08,SMB
5630,Customer 5630,customer5630@email.com,USA,Manchester,2023-11-03,Consumer
5631,Customer 5631,customer5631@email.com,Australia,Birmingham,2023-06-19,Consumer
5632,Customer 5632,customer5632@email.com,Australia,Glasgow,2022-09-13,Consumer
5633,Customer 5633,customer5633@email.com,USA,Birmingham,2021-04-14,Corporate
5634,Customer 5634,customer5634@email.com,UK,Glasgow,2023-01-13,Corporate
5635,Customer 5635,customer5635@email.com,USA,Manchester,2021-02-12,SMB
5636,Customer 5636,customer5636@email.com,Germany,Glasgow,2021-07-28,Corporate
5637,Customer 5637,customer5637@email.com,USA,Leeds,2022-08-23,SMB
5638,Customer 5638,customer5638@email.com,France,London,2022-08-28,SMB
5639,Customer 5639,customer5639@email.com,France,Leeds,2022-04-21,Consumer
5640,Customer 5640,customer5640@email.com,Canada,Leeds,2021-04-19,SMB
5641,Customer 5641,customer5641@email.com,France,Birmingham,2021-08-02,SMB
5642,Customer 5642,customer5642@email.com,USA,Manchester,2022-02-13,SMB
5643,Customer 5643,customer5643@email.com,France,London,2023-02-10,SMB
5644,Customer 5644,customer5644@email.com,UK,Glasgow,2022-09-25,Consumer
5645,Customer 5645,customer5645@email.com,France,Birmingham,2021-03-18,Consumer
5646,Customer 5646,customer5646@email.com,Germany,Manchester,2021-04-05,SMB
5647,Customer 5647,customer5647@email.com,UK,London,2021-09-26,Corporate
5648,Customer 5648,customer5648@email.com,Canada,Leeds,2021-12-27,Corporate
5649,Customer 5649,customer5649@email.com,Germany,Manchester,2022-06-14,SMB
5650,Customer 5650,customer5650@email.com,USA,Manchester,2022-11-14,Consumer
5651,Customer 5651,customer5651@email.com,USA,Manchester,2021-06-11,SMB
5652,Customer 5652,customer5652@email.com,USA,Leeds,2022-04-10,SMB
5653,Customer 5653,customer5653@email.com,Germany,Glasgow,2023-04-03,Consumer
5654,Customer 5654,customer5654@email.com,Germany,Birmingham,2022-07-02,Corporate
5655,Customer 5655,customer5655@email.com,Germany,Glasgow,2024-04-25,SMB
5656,Customer 5656,customer5656@email.com,UK,London,2021-02-21,Consumer
5657,Customer 5657,customer5657@email.com,Australia,Birmingham,2022-05-03,Consumer
5658,Customer 5658,customer5658@email.com,UK,London,2024-11-20,SMB
5659,Customer 5659,customer5659@email.com,USA,Leeds,2021-04-02,Consumer
5660,Customer 5660,customer5660@email.com,Australia,Glasgow,2022-10-13,SMB
5661,Customer 5661,customer5661@email.com,France,Manchester,2021-12-23,Corporate
5662,Customer 5662,customer5662@email.com,USA,Birmingham,2022-12-20,SMB
5663,Customer 5663,customer5663@email.com,Canada,Manchester,2024-03-13,Corporate
5664,Customer 5664,customer5664@email.com,UK,London,2021-07-18,Consumer
5665,Customer 5665,customer5665@email.com,Germany,Manchester,2023-03-26,SMB
5666,Customer 5666,customer5666@email.com,UK,Manchester,2024-09-08,Consumer
5667,Customer 5667,customer5667@email.com,Germany,Leeds,2024-09-17,SMB
5668,Customer 5668,customer5668@email.com,Australia,Leeds,2024-07-11,Consumer
5669,Customer 5669,customer5669@email.com,Canada,Glasgow,2021-08-05,Corporate
5670,Customer 5670,customer5670@email.com,Australia,London,2022-07-10,SMB
5671,Customer 5671,customer5671@email.com,Canada,Leeds,2024-12-28,Consumer
5672,Customer 5672,customer5672@email.com,UK,Leeds,2023-03-14,SMB
5673,Customer 5673,customer5673@email.com,Germany,Glasgow,2025-01-23,SMB
5674,Customer 5674,customer5674@email.com,Australia,Birmingham,2022-12-02,Corporate
5675,Customer 5675,customer5675@email.com,Canada,Glasgow,2022-05-18,Consumer
5676,Customer 5676,customer5676@email.com,USA,Manchester,2022-04-14,SMB
5677,Customer 5677,customer5677@email.com,USA,Manchester,2022-01-01,SMB
5678,Customer 5678,customer5678@email.com,Australia,Leeds,2024-06-16,SMB
5679,Customer 5679,customer5679@email.com,Germany,Leeds,2022-09-16,SMB
5680,Customer 5680,customer5680@email.com,Australia,Glasgow,2023-07-09,SMB
5681,Customer 5681,customer5681@email.com,UK,Glasgow,2022-07-15,Consumer
5682,Customer 5682,customer5682@email.com,Canada,London,2023-04-03,SMB
5683,Customer 5683,customer5683@email.com,UK,Manchester,2023-08-25,SMB
5684,Customer 5684,customer5684@email.com,USA,Glasgow,2022-10-25,SMB
5685,Customer 5685,customer5685@email.com,Canada,Birmingham,2023-01-21,Consumer
5686,Customer 5686,customer5686@email.com,Australia,London,2024-11-20,SMB
5687,Customer 5687,customer5687@email.com,UK,Glasgow,2024-11-19,SMB
5688,Customer 5688,customer5688@email.com,France,Leeds,2024-01-04,Corporate
5689,Customer 5689,customer5689@email.com,Germany,Glasgow,2024-01-27,Corporate
5690,Customer 5690,customer5690@email.com,Germany,Leeds,2022-01-18,SMB
5691,Customer 5691,customer5691@email.com,France,Leeds,2024-10-25,SMB
5692,Customer 5692,customer5692@email.com,USA,Manchester,2024-08-01,Corporate
5693,Customer 5693,customer5693@email.com,Canada,Manchester,2024-07-03,Consumer
5694,Customer 5694,customer5694@email.com,Germany,Glasgow,2021-11-05,Consumer
5695,Customer 5695,customer5695@email.com,France,Glasgow,2021-06-25,Corporate
5696,Customer 5696,customer5696@email.com,Australia,Birmingham,2021-08-16,SMB
5697,Customer 5697,customer5697@email.com,France,London,2021-12-13,Corporate
5698,Customer 5698,customer5698@email.com,USA,London,2024-09-27,Consumer
5699,Customer 5699,customer5699@email.com,USA,Glasgow,2024-06-16,Corporate
5700,Customer 5700,customer5700@email.com,UK,Manchester,2023-10-18,Consumer
5701,Customer 5701,customer5701@email.com,Germany,Birmingham,2021-12-16,SMB
5702,Customer 5702,customer5702@email.com,UK,London,2022-03-31,SMB
5703,Customer 5703,customer5703@email.com,France,Glasgow,2022-03-17,SMB
5704,Customer 5704,customer5704@email.com,Canada,Manchester,2023-01-31,Consumer
5705,Customer 5705,customer5705@email.com,Canada,Manchester,2022-05-30,Corporate
5706,Customer 5706,customer5706@email.com,USA,Manchester,2024-01-10,SMB
5707,Customer 5707,customer5707@email.com,Canada,Leeds,2024-10-16,Consumer
5708,Customer 5708,customer5708@email.com,Canada,Manchester,2021-10-15,SMB
5709,Customer 5709,customer5709@email.com,Canada,Glasgow,2021-01-08,Corporate
5710,Customer 5710,customer5710@email.com,France,Birmingham,2021-03-28,SMB
5711,Customer 5711,customer5711@email.com,Canada,Glasgow,2023-09-25,Consumer
5712,Customer 5712,customer5712@email.com,Australia,Manchester,2021-10-13,Consumer
5713,Customer 5713,customer5713@email.com,Canada,Birmingham,2024-11-23,SMB
5714,Customer 5714,customer5714@email.com,Canada,London,2021-03-15,SMB
5715,Customer 5715,customer5715@email.com,UK,London,2025-01-02,Consumer
5716,Customer 5716,customer5716@email.com,France,Glasgow,2024-02-21,SMB
5717,Customer 5717,customer5717@email.com,USA,Birmingham,2024-11-01,SMB
5718,Customer 5718,customer5718@email.com,UK,Glasgow,2023-03-17,SMB
5719,Customer 5719,customer5719@email.com,Germany,Birmingham,2024-03-12,Corporate
5720,Customer 5720,customer5720@email.com,France,Birmingham,2021-06-07,Corporate
5721,Customer 5721,customer5721@email.com,Australia,Glasgow,2022-03-06,Corporate
5722,Customer 5722,customer5722@email.com,France,Birmingham,2025-01-11,SMB
5723,Customer 5723,customer5723@email.com,Germany,Manchester,2024-12-04,Consumer
5724,Customer 5724,customer5724@email.com,Germany,Birmingham,2024-10-26,SMB
5725,Customer 5725,customer5725@email.com,Germany,Birmingham,2024-02-07,SMB
5726,Customer 5726,customer5726@email.com,USA,Glasgow,2023-04-26,Corporate
5727,Customer 5727,customer5727@email.com,Canada,London,2021-02-05,Consumer
5728,Customer 5728,customer5728@email.com,France,Leeds,2024-01-19,Corporate
5729,Customer 5729,customer5729@email.com,Canada,Birmingham,2023-10-18,Consumer
5730,Customer 5730,customer5730@email.com,Canada,Leeds,2023-09-01,SMB
5731,Customer 5731,customer5731@email.com,Australia,Birmingham,2024-12-09,SMB
5732,Customer 5732,customer5732@email.com,Germany,Glasgow,2023-10-15,SMB
5733,Customer 5733,customer5733@email.com,USA,Glasgow,2024-08-12,Consumer
5734,Customer 5734,customer5734@email.com,Australia,Birmingham,2022-12-14,Corporate
5735,Customer 5735,customer5735@email.com,UK,Glasgow,2023-12-06,Corporate
5736,Customer 5736,customer5736@email.com,USA,Glasgow,2022-05-03,Corporate
5737,Customer 5737,customer5737@email.com,Canada,Birmingham,2022-09-11,Consumer
5738,Customer 5738,customer5738@email.com,USA,London,2021-06-19,Consumer
5739,Customer 5739,customer5739@email.com,Germany,Birmingham,2021-05-26,SMB
5740,Customer 5740,customer5740@email.com,UK,London,2023-05-18,Corporate
5741,Customer 5741,customer5741@email.com,Germany,Glasgow,2022-02-24,Consumer
5742,Customer 5742,customer5742@email.com,UK,London,2022-07-27,Corporate
5743,Customer 5743,customer5743@email.com,Australia,Glasgow,2023-10-24,Corporate
5744,Customer 5744,customer5744@email.com,Canada,London,2024-07-10,Consumer
5745,Customer 5745,customer5745@email.com,UK,London,2023-03-10,Consumer
5746,Customer 5746,customer5746@email.com,UK,Birmingham,2021-11-17,SMB
5747,Customer 5747,customer5747@email.com,UK,London,2021-09-03,SMB
5748,Customer 5748,customer5748@email.com,USA,Glasgow,2022-04-22,SMB
5749,Customer 5749,customer5749@email.com,Australia,Birmingham,2024-07-06,Corporate
5750,Customer 5750,customer5750@email.com,USA,London,2024-01-22,Corporate
5751,Customer 5751,customer5751@email.com,Canada,Birmingham,2023-02-22,SMB
5752,Customer 5752,customer5752@email.com,UK,Leeds,2022-06-17,Corporate
5753,Customer 5753,customer5753@email.com,Australia,Birmingham,2024-09-24,Corporate
5754,Customer 5754,customer5754@email.com,Australia,Leeds,2024-07-07,Corporate
5755,Customer 5755,customer5755@email.com,France,Leeds,2021-08-25,Corporate
5756,Customer 5756,customer5756@email.com,Canada,Birmingham,2024-03-10,Consumer
5757,Customer 5757,customer5757@email.com,Australia,Glasgow,2023-09-02,Consumer
5758,Customer 5758,customer5758@email.com,UK,Glasgow,2022-11-10,SMB
5759,Customer 5759,customer5759@email.com,UK,Glasgow,2022-08-02,SMB
5760,Customer 5760,customer5760@email.com,Australia,Manchester,2024-10-05,Corporate
5761,Customer 5761,customer5761@email.com,USA,Leeds,2021-05-10,Corporate
5762,Customer 5762,customer5762@email.com,Canada,Birmingham,2021-01-11,Consumer
5763,Customer 5763,customer5763@email.com,UK,Glasgow,2021-09-14,Corporate
5764,Customer 5764,customer5764@email.com,Australia,Glasgow,2023-03-27,Corporate
5765,Customer 5765,customer5765@email.com,UK,Birmingham,2022-01-04,SMB
5766,Customer 5766,customer5766@email.com,Australia,Leeds,2023-08-02,Corporate
5767,Customer 5767,customer5767@email.com,Canada,Birmingham,2024-11-18,Consumer
5768,Customer 5768,customer5768@email.com,Australia,Manchester,2024-12-13,Corporate
5769,Customer 5769,customer5769@email.com,France,Manchester,2023-06-01,Corporate
5770,Customer 5770,customer5770@email.com,Australia,Birmingham,2021-01-19,Corporate
5771,Customer 5771,customer5771@email.com,Australia,Leeds,2021-04-20,Corporate
5772,Customer 5772,customer5772@email.com,Canada,Glasgow,2024-12-31,Corporate
5773,Customer 5773,customer5773@email.com,Australia,Manchester,2022-05-20,Consumer
5774,Customer 5774,customer5774@email.com,Canada,Manchester,2023-11-24,SMB
5775,Customer 5775,customer5775@email.com,France,Leeds,2024-08-04,Corporate
5776,Customer 5776,customer5776@email.com,Canada,Manchester,2023-09-30,SMB
5777,Customer 5777,customer5777@email.com,UK,Manchester,2021-09-12,SMB
5778,Customer 5778,customer5778@email.com,Canada,Leeds,2022-09-30,Consumer
5779,Customer 5779,customer5779@email.com,France,Birmingham,2021-05-14,SMB
5780,Customer 5780,customer5780@email.com,Germany,Glasgow,2022-05-14,Corporate
5781,Customer 5781,customer5781@email.com,Australia,Glasgow,2022-02-01,Corporate
5782,Customer 5782,customer5782@email.com,Canada,Manchester,2022-10-09,Corporate
5783,Customer 5783,customer5783@email.com,Australia,Glasgow,2022-11-16,Corporate
5784,Customer 5784,customer5784@email.com,USA,Birmingham,2024-05-21,Consumer
5785,Customer 5785,customer5785@email.com,UK,Manchester,2024-10-05,SMB
5786,Customer 5786,customer5786@email.com,UK,Glasgow,2021-01-19,Consumer
5787,Customer 5787,customer5787@email.com,USA,London,2023-10-08,SMB
5788,Customer 5788,customer5788@email.com,USA,London,2021-04-29,Consumer
5789,Customer 5789,customer5789@email.com,Canada,London,2021-10-29,Consumer
5790,Customer 5790,customer5790@email.com,USA,London,2024-08-01,Consumer
5791,Customer 5791,customer5791@email.com,Germany,London,2021-08-15,Corporate
5792,Customer 5792,customer5792@email.com,Australia,Manchester,2024-05-20,Corporate
5793,Customer 5793,customer5793@email.com,Australia,Leeds,2021-12-22,Consumer
5794,Customer 5794,customer5794@email.com,France,Leeds,2022-12-02,SMB
5795,Customer 5795,customer5795@email.com,USA,Manchester,2022-05-02,SMB
5796,Customer 5796,customer5796@email.com,USA,Manchester,2024-09-06,Corporate
5797,Customer 5797,customer5797@email.com,Germany,Birmingham,2021-08-11,Consumer
5798,Customer 5798,customer5798@email.com,UK,Leeds,2024-04-29,Corporate
5799,Customer 5799,customer5799@email.com,UK,London,2023-09-22,Corporate
5800,Customer 5800,customer5800@email.com,Australia,Manchester,2022-05-15,Corporate
5801,Customer 5801,customer5801@email.com,Australia,London,2024-06-14,Consumer
5802,Customer 5802,customer5802@email.com,Canada,Leeds,2023-11-12,Consumer
5803,Customer 5803,customer5803@email.com,Germany,Glasgow,2024-09-12,Corporate
5804,Customer 5804,customer5804@email.com,France,Glasgow,2024-02-25,Consumer
5805,Customer 5805,customer5805@email.com,France,Manchester,2021-12-31,SMB
5806,Customer 5806,customer5806@email.com,Germany,Birmingham,2023-12-04,SMB
5807,Customer 5807,customer5807@email.com,France,London,2022-06-03,Corporate
5808,Customer 5808,customer5808@email.com,UK,Manchester,2024-02-26,SMB
5809,Customer 5809,customer5809@email.com,France,Birmingham,2024-02-28,Corporate
5810,Customer 5810,customer5810@email.com,France,London,2022-06-13,Corporate
5811,Customer 5811,customer5811@email.com,Germany,Leeds,2024-09-06,Corporate
5812,Customer 5812,customer5812@email.com,Germany,Glasgow,2021-07-05,Consumer
5813,Customer 5813,customer5813@email.com,France,Birmingham,2023-03-09,Consumer
5814,Customer 5814,customer5814@email.com,USA,London,2023-09-09,Consumer
5815,Customer 5815,customer5815@email.com,Germany,Manchester,2021-12-14,Consumer
5816,Customer 5816,customer5816@email.com,Canada,London,2023-07-11,Corporate
5817,Customer 5817,customer5817@email.com,Canada,Manchester,2023-07-10,Consumer
5818,Customer 5818,customer5818@email.com,UK,Glasgow,2023-08-15,SMB
5819,Customer 5819,customer5819@email.com,France,Glasgow,2021-12-27,SMB
5820,Customer 5820,customer5820@email.com,USA,London,2024-08-03,Consumer
5821,Customer 5821,customer5821@email.com,UK,London,2021-07-01,SMB
5822,Customer 5822,customer5822@email.com,France,Manchester,2025-01-14,SMB
5823,Customer 5823,customer5823@email.com,Germany,Manchester,2021-04-07,Consumer
5824,Customer 5824,customer5824@email.com,Canada,Birmingham,2022-07-17,Corporate
5825,Customer 5825,customer5825@email.com,Australia,Birmingham,2021-11-10,Corporate
5826,Customer 5826,customer5826@email.com,USA,Birmingham,2023-08-13,Corporate
5827,Customer 5827,customer5827@email.com,Australia,London,2021-01-21,Consumer
5828,Customer 5828,customer5828@email.com,Canada,Birmingham,2023-03-16,Corporate
5829,Customer 5829,customer5829@email.com,Australia,London,2022-07-30,Corporate
5830,Customer 5830,customer5830@email.com,Germany,Glasgow,2022-02-07,SMB
5831,Customer 5831,customer5831@email.com,France,Leeds,2024-02-22,Corporate
5832,Customer 5832,customer5832@email.com,Germany,Glasgow,2022-09-05,Consumer
5833,Customer 5833,customer5833@email.com,Australia,London,2024-02-17,Corporate
5834,Customer 5834,customer5834@email.com,Germany,London,2023-08-28,SMB
5835,Customer 5835,customer5835@email.com,Canada,Leeds,2022-11-24,SMB
5836,Customer 5836,customer5836@email.com,USA,Manchester,2023-08-17,SMB
5837,Customer 5837,customer5837@email.com,Germany,Manchester,2023-05-22,SMB
5838,Customer 5838,customer5838@email.com,Canada,Manchester,2023-04-20,Corporate
5839,Customer 5839,customer5839@email.com,USA,Birmingham,2021-04-13,SMB
5840,Customer 5840,customer5840@email.com,France,Manchester,2021-11-29,SMB
5841,Customer 5841,customer5841@email.com,Australia,Birmingham,2025-01-22,SMB
5842,Customer 5842,customer5842@email.com,France,Birmingham,2024-02-28,Corporate
5843,Customer 5843,customer5843@email.com,UK,Manchester,2023-01-23,Consumer
5844,Customer 5844,customer5844@email.com,Canada,Manchester,2021-05-14,SMB
5845,Customer 5845,customer5845@email.com,USA,Leeds,2024-03-26,SMB
5846,Customer 5846,customer5846@email.com,Germany,Leeds,2022-03-01,SMB
5847,Customer 5847,customer5847@email.com,France,Birmingham,2024-12-29,Corporate
5848,Customer 5848,customer5848@email.com,USA,Leeds,2024-11-13,Corporate
5849,Customer 5849,customer5849@email.com,Canada,Birmingham,2023-07-26,SMB
5850,Customer 5850,customer5850@email.com,UK,London,2024-09-03,Consumer
5851,Customer 5851,customer5851@email.com,France,Birmingham,2022-05-20,SMB
5852,Customer 5852,customer5852@email.com,Australia,Birmingham,2023-05-21,Consumer
5853,Customer 5853,customer5853@email.com,USA,Leeds,2021-07-09,Consumer
5854,Customer 5854,customer5854@email.com,Australia,London,2022-09-04,Corporate
5855,Customer 5855,customer5855@email.com,USA,Glasgow,2024-12-05,Corporate
5856,Customer 5856,customer5856@email.com,USA,Glasgow,2021-02-21,Corporate
5857,Customer 5857,customer5857@email.com,Canada,Glasgow,2025-01-09,Consumer
5858,Customer 5858,customer5858@email.com,Canada,London,2022-09-04,Consumer
5859,Customer 5859,customer5859@email.com,Canada,Manchester,2025-01-07,Consumer
5860,Customer 5860,customer5860@email.com,Germany,London,2024-11-06,Corporate
5861,Customer 5861,customer5861@email.com,USA,Leeds,2022-01-09,Corporate
5862,Customer 5862,customer5862@email.com,France,Birmingham,2022-01-10,Corporate
5863,Customer 5863,customer5863@email.com,Australia,Birmingham,2022-01-24,SMB
5864,Customer 5864,customer5864@email.com,Canada,Leeds,2022-11-05,Consumer
5865,Customer 5865,customer5865@email.com,Canada,Leeds,2023-03-15,Consumer
5866,Customer 5866,customer5866@email.com,Australia,Birmingham,2022-02-08,SMB
5867,Customer 5867,customer5867@email.com,Australia,Manchester,2022-08-16,Consumer
5868,Customer 5868,customer5868@email.com,USA,Manchester,2025-01-31,Consumer
5869,Customer 5869,customer5869@email.com,Canada,Manchester,2023-01-02,SMB
5870,Customer 5870,customer5870@email.com,Australia,Leeds,2022-05-20,Consumer
5871,Customer 5871,customer5871@email.com,Germany,Birmingham,2021-03-24,Corporate
5872,Customer 5872,customer5872@email.com,Germany,Birmingham,2021-11-15,SMB
5873,Customer 5873,customer5873@email.com,Canada,Birmingham,2023-12-27,Consumer
5874,Customer 5874,customer5874@email.com,Australia,London,2022-02-18,Corporate
5875,Customer 5875,customer5875@email.com,USA,London,2022-03-29,Consumer
5876,Customer 5876,customer5876@email.com,USA,Glasgow,2023-01-16,SMB
5877,Customer 5877,customer5877@email.com,USA,London,2021-07-17,Corporate
5878,Customer 5878,customer5878@email.com,UK,Manchester,2021-09-16,Consumer
5879,Customer 5879,customer5879@email.com,Canada,Manchester,2021-10-25,SMB
5880,Customer 5880,customer5880@email.com,USA,Manchester,2024-07-27,Consumer
5881,Customer 5881,customer5881@email.com,Germany,Manchester,2021-10-27,Consumer
5882,Customer 5882,customer5882@email.com,Australia,Glasgow,2021-05-09,Corporate
5883,Customer 5883,customer5883@email.com,France,Manchester,2022-05-13,Consumer
5884,Customer 5884,customer5884@email.com,France,Leeds,2022-03-14,SMB
5885,Customer 5885,customer5885@email.com,USA,Leeds,2024-08-08,SMB
5886,Customer 5886,customer5886@email.com,France,Leeds,2021-07-26,Corporate
5887,Customer 5887,customer5887@email.com,France,London,2021-10-21,Corporate
5888,Customer 5888,customer5888@email.com,UK,Birmingham,2021-01-29,Consumer
5889,Customer 5889,customer5889@email.com,Germany,Glasgow,2021-06-28,SMB
5890,Customer 5890,customer5890@email.com,Germany,Leeds,2021-02-10,Corporate
5891,Customer 5891,customer5891@email.com,UK,Leeds,2025-02-02,Consumer
5892,Customer 5892,customer5892@email.com,UK,Manchester,2024-04-30,Consumer
5893,Customer 5893,customer5893@email.com,France,Leeds,2021-12-10,SMB
5894,Customer 5894,customer5894@email.com,Canada,Manchester,2023-03-27,SMB
5895,Customer 5895,customer5895@email.com,Australia,Manchester,2023-01-07,Consumer
5896,Customer 5896,customer5896@email.com,Australia,Birmingham,2022-09-18,SMB
5897,Customer 5897,customer5897@email.com,France,London,2021-10-05,Consumer
5898,Customer 5898,customer5898@email.com,Australia,Manchester,2024-10-10,Consumer
5899,Customer 5899,customer5899@email.com,UK,Manchester,2022-06-13,SMB
5900,Customer 5900,customer5900@email.com,Germany,Birmingham,2021-03-27,Corporate
5901,Customer 5901,customer5901@email.com,Australia,Manchester,2021-11-13,Consumer
5902,Customer 5902,customer5902@email.com,France,Glasgow,2022-11-24,SMB
5903,Customer 5903,customer5903@email.com,Canada,London,2024-09-22,Consumer
5904,Customer 5904,customer5904@email.com,France,Glasgow,2023-05-13,Consumer
5905,Customer 5905,customer5905@email.com,USA,Leeds,2024-03-14,Consumer
5906,Customer 5906,customer5906@email.com,France,London,2021-11-11,SMB
5907,Customer 5907,customer5907@email.com,UK,Leeds,2021-08-13,SMB
5908,Customer 5908,customer5908@email.com,Germany,Manchester,2024-12-17,SMB
5909,Customer 5909,customer5909@email.com,Germany,Birmingham,2023-12-14,Corporate
5910,Customer 5910,customer5910@email.com,Australia,Glasgow,2021-03-09,Consumer
5911,Customer 5911,customer5911@email.com,UK,Leeds,2024-09-19,Corporate
5912,Customer 5912,customer5912@email.com,USA,Manchester,2023-10-18,Consumer
5913,Customer 5913,customer5913@email.com,UK,Glasgow,2024-01-06,SMB
5914,Customer 5914,customer5914@email.com,France,Glasgow,2023-05-06,Consumer
5915,Customer 5915,customer5915@email.com,UK,Leeds,2024-03-24,Consumer
5916,Customer 5916,customer5916@email.com,UK,Manchester,2024-01-01,Consumer
5917,Customer 5917,customer5917@email.com,USA,Birmingham,2025-01-10,Corporate
5918,Customer 5918,customer5918@email.com,France,Leeds,2024-10-14,SMB
5919,Customer 5919,customer5919@email.com,Canada,Glasgow,2024-07-24,SMB
5920,Customer 5920,customer5920@email.com,Canada,Glasgow,2023-06-02,Consumer
5921,Customer 5921,customer5921@email.com,Germany,London,2024-08-29,SMB
5922,Customer 5922,customer5922@email.com,Australia,Manchester,2024-02-03,Corporate
5923,Customer 5923,customer5923@email.com,UK,London,2023-08-29,Corporate
5924,Customer 5924,customer5924@email.com,Germany,Birmingham,2024-01-24,SMB
5925,Customer 5925,customer5925@email.com,USA,Leeds,2024-05-27,Corporate
5926,Customer 5926,customer5926@email.com,Canada,Glasgow,2024-02-26,Corporate
5927,Customer 5927,customer5927@email.com,UK,Manchester,2021-07-19,SMB
5928,Customer 5928,customer5928@email.com,USA,Glasgow,2021-11-28,SMB
5929,Customer 5929,customer5929@email.com,Australia,London,2022-07-01,Consumer
5930,Customer 5930,customer5930@email.com,USA,London,2024-08-08,Consumer
5931,Customer 5931,customer5931@email.com,UK,Leeds,2021-03-07,Corporate
5932,Customer 5932,customer5932@email.com,Australia,Manchester,2023-01-01,SMB
5933,Customer 5933,customer5933@email.com,USA,Manchester,2022-07-22,Corporate
5934,Customer 5934,customer5934@email.com,Australia,Leeds,2022-10-19,SMB
5935,Customer 5935,customer5935@email.com,UK,London,2022-02-08,Corporate
5936,Customer 5936,customer5936@email.com,UK,London,2022-09-10,Corporate
5937,Customer 5937,customer5937@email.com,Australia,London,2022-08-19,Corporate
5938,Customer 5938,customer5938@email.com,France,Glasgow,2022-10-10,Consumer
5939,Customer 5939,customer5939@email.com,Germany,Birmingham,2021-05-26,SMB
5940,Customer 5940,customer5940@email.com,USA,London,2023-01-31,Corporate
5941,Customer 5941,customer5941@email.com,USA,Birmingham,2024-11-26,Consumer
5942,Customer 5942,customer5942@email.com,France,Birmingham,2021-05-05,Corporate
5943,Customer 5943,customer5943@email.com,France,Manchester,2024-09-17,Corporate
5944,Customer 5944,customer5944@email.com,France,Leeds,2022-04-25,SMB
5945,Customer 5945,customer5945@email.com,Canada,Glasgow,2023-09-29,Corporate
5946,Customer 5946,customer5946@email.com,Canada,Birmingham,2022-12-13,SMB
5947,Customer 5947,customer5947@email.com,Australia,Glasgow,2022-12-16,Consumer
5948,Customer 5948,customer5948@email.com,Canada,Manchester,2024-11-22,Consumer
5949,Customer 5949,customer5949@email.com,UK,London,2023-03-26,Corporate
5950,Customer 5950,customer5950@email.com,Australia,Birmingham,2023-11-20,Consumer
5951,Customer 5951,customer5951@email.com,USA,Leeds,2021-02-25,SMB
5952,Customer 5952,customer5952@email.com,Germany,Manchester,2021-05-12,SMB
5953,Customer 5953,customer5953@email.com,UK,Glasgow,2021-08-19,Consumer
5954,Customer 5954,customer5954@email.com,USA,London,2022-01-30,SMB
5955,Customer 5955,customer5955@email.com,USA,Glasgow,2024-03-21,SMB
5956,Customer 5956,customer5956@email.com,Australia,Leeds,2023-09-09,Corporate
5957,Customer 5957,customer5957@email.com,France,Birmingham,2023-08-21,Corporate
5958,Customer 5958,customer5958@email.com,France,Leeds,2023-07-22,SMB
5959,Customer 5959,customer5959@email.com,UK,Glasgow,2024-11-10,Consumer
5960,Customer 5960,customer5960@email.com,France,Glasgow,2023-06-27,SMB
5961,Customer 5961,customer5961@email.com,USA,Leeds,2022-06-17,Corporate
5962,Customer 5962,customer5962@email.com,France,Leeds,2023-08-23,Consumer
5963,Customer 5963,customer5963@email.com,Canada,Leeds,2022-03-24,SMB
5964,Customer 5964,customer5964@email.com,France,London,2021-05-06,Consumer
5965,Customer 5965,customer5965@email.com,USA,Glasgow,2022-07-09,Consumer
5966,Customer 5966,customer5966@email.com,Australia,Manchester,2022-11-25,Consumer
5967,Customer 5967,customer5967@email.com,UK,London,2022-05-04,SMB
5968,Customer 5968,customer5968@email.com,Germany,London,2022-09-04,Corporate
5969,Customer 5969,customer5969@email.com,France,London,2023-06-10,Consumer
5970,Customer 5970,customer5970@email.com,USA,Manchester,2022-03-22,Consumer
5971,Customer 5971,customer5971@email.com,Germany,Leeds,2025-02-02,SMB
5972,Customer 5972,customer5972@email.com,Germany,Glasgow,2024-10-04,Corporate
5973,Customer 5973,customer5973@email.com,Canada,Birmingham,2022-05-23,Corporate
5974,Customer 5974,customer5974@email.com,Germany,Birmingham,2022-04-02,SMB
5975,Customer 5975,customer5975@email.com,Australia,Glasgow,2023-09-13,Consumer
5976,Customer 5976,customer5976@email.com,USA,Manchester,2022-01-20,SMB
5977,Customer 5977,customer5977@email.com,USA,Birmingham,2022-12-13,Corporate
5978,Customer 5978,customer5978@email.com,France,London,2023-07-18,Consumer
5979,Customer 5979,customer5979@email.com,France,Birmingham,2025-01-11,Consumer
5980,Customer 5980,customer5980@email.com,France,Glasgow,2024-02-13,Corporate
5981,Customer 5981,customer5981@email.com,Australia,London,2022-03-28,Consumer
5982,Customer 5982,customer5982@email.com,Germany,Birmingham,2022-10-16,SMB
5983,Customer 5983,customer5983@email.com,Germany,Glasgow,2024-02-17,Corporate
5984,Customer 5984,customer5984@email.com,Canada,Manchester,2024-01-22,Corporate
5985,Customer 5985,customer5985@email.com,Australia,Glasgow,2022-06-05,Consumer
5986,Customer 5986,customer5986@email.com,France,Manchester,2022-06-22,Corporate
5987,Customer 5987,customer5987@email.com,UK,London,2024-12-27,SMB
5988,Customer 5988,customer5988@email.com,Canada,Glasgow,2021-05-25,Corporate
5989,Customer 5989,customer5989@email.com,UK,Leeds,2023-12-28,Consumer
5990,Customer 5990,customer5990@email.com,Germany,Leeds,2022-12-01,Corporate
5991,Customer 5991,customer5991@email.com,Canada,Leeds,2021-05-11,Consumer
5992,Customer 5992,customer5992@email.com,Canada,Leeds,2023-01-03,Consumer
5993,Customer 5993,customer5993@email.com,USA,Leeds,2024-07-28,SMB
5994,Customer 5994,customer5994@email.com,Germany,Manchester,2022-05-28,Corporate
5995,Customer 5995,customer5995@email.com,Germany,Glasgow,2022-10-02,SMB
5996,Customer 5996,customer5996@email.com,Australia,London,2021-01-01,SMB
5997,Customer 5997,customer5997@email.com,Canada,Leeds,2022-03-08,Corporate
5998,Customer 5998,customer5998@email.com,Germany,Leeds,2022-01-26,SMB
5999,Customer 5999,customer5999@email.com,Canada,London,2024-07-13,SMB
6000,Customer 6000,customer6000@email.com,Australia,London,2022-02-03,Consumer
6001,Customer 6001,customer6001@email.com,Australia,Leeds,2023-03-19,SMB
6002,Customer 6002,customer6002@email.com,USA,Manchester,2024-07-03,Corporate
6003,Customer 6003,customer6003@email.com,Canada,London,2022-01-30,Consumer
6004,Customer 6004,customer6004@email.com,Germany,Glasgow,2023-08-10,SMB
6005,Customer 6005,customer6005@email.com,Germany,Glasgow,2021-06-23,SMB
6006,Customer 6006,customer6006@email.com,Canada,Manchester,2023-12-05,Corporate
6007,Customer 6007,customer6007@email.com,Canada,Birmingham,2023-05-05,SMB
6008,Customer 6008,customer6008@email.com,Canada,Manchester,2024-03-10,Corporate
6009,Customer 6009,customer6009@email.com,France,Leeds,2022-06-23,SMB
6010,Customer 6010,customer6010@email.com,Germany,Birmingham,2023-01-15,SMB
6011,Customer 6011,customer6011@email.com,Australia,Leeds,2022-12-22,Corporate
6012,Customer 6012,customer6012@email.com,Germany,Glasgow,2021-02-19,Consumer
6013,Customer 6013,customer6013@email.com,France,London,2023-12-21,Corporate
6014,Customer 6014,customer6014@email.com,Canada,Leeds,2021-08-31,Consumer
6015,Customer 6015,customer6015@email.com,USA,Glasgow,2024-07-16,Consumer
6016,Customer 6016,customer6016@email.com,Canada,Manchester,2024-03-09,Corporate
6017,Customer 6017,customer6017@email.com,Canada,Leeds,2024-03-26,Corporate
6018,Customer 6018,customer6018@email.com,France,Glasgow,2022-08-20,SMB
6019,Customer 6019,customer6019@email.com,Germany,London,2021-10-03,SMB
6020,Customer 6020,customer6020@email.com,Canada,Leeds,2023-11-21,Consumer
6021,Customer 6021,customer6021@email.com,Germany,Glasgow,2021-01-08,SMB
6022,Customer 6022,customer6022@email.com,UK,Leeds,2022-12-16,Corporate
6023,Customer 6023,customer6023@email.com,Australia,London,2021-02-02,Consumer
6024,Customer 6024,customer6024@email.com,Germany,Leeds,2023-03-21,SMB
6025,Customer 6025,customer6025@email.com,USA,Leeds,2025-01-15,SMB
6026,Customer 6026,customer6026@email.com,Australia,Glasgow,2025-01-12,Corporate
6027,Customer 6027,customer6027@email.com,USA,Birmingham,2023-07-17,Corporate
6028,Customer 6028,customer6028@email.com,Canada,Leeds,2023-05-12,SMB
6029,Customer 6029,customer6029@email.com,Australia,Birmingham,2021-02-06,Consumer
6030,Customer 6030,customer6030@email.com,Germany,Manchester,2021-02-03,Consumer
6031,Customer 6031,customer6031@email.com,Australia,Leeds,2022-03-31,Corporate
6032,Customer 6032,customer6032@email.com,Canada,Birmingham,2022-03-20,Corporate
6033,Customer 6033,customer6033@email.com,France,Manchester,2024-06-14,Corporate
6034,Customer 6034,customer6034@email.com,USA,Glasgow,2021-07-31,SMB
6035,Customer 6035,customer6035@email.com,Canada,Leeds,2024-03-09,SMB
6036,Customer 6036,customer6036@email.com,France,Glasgow,2022-12-03,Corporate
6037,Customer 6037,customer6037@email.com,Australia,Manchester,2022-08-31,Consumer
6038,Customer 6038,customer6038@email.com,Australia,Glasgow,2023-09-09,Corporate
6039,Customer 6039,customer6039@email.com,Canada,Glasgow,2021-12-27,Corporate
6040,Customer 6040,customer6040@email.com,Germany,London,2021-10-31,Consumer
6041,Customer 6041,customer6041@email.com,Australia,Manchester,2021-10-23,Consumer
6042,Customer 6042,customer6042@email.com,Germany,Glasgow,2021-06-01,Consumer
6043,Customer 6043,customer6043@email.com,Germany,Birmingham,2024-05-31,Consumer
6044,Customer 6044,customer6044@email.com,Germany,Manchester,2024-05-04,SMB
6045,Customer 6045,customer6045@email.com,UK,London,2022-08-23,SMB
6046,Customer 6046,customer6046@email.com,France,Leeds,2024-08-15,Corporate
6047,Customer 6047,customer6047@email.com,France,Glasgow,2021-07-30,SMB
6048,Customer 6048,customer6048@email.com,Australia,Birmingham,2021-08-20,Corporate
6049,Customer 6049,customer6049@email.com,Australia,London,2023-05-20,Corporate
6050,Customer 6050,customer6050@email.com,Germany,Manchester,2022-11-26,Consumer
6051,Customer 6051,customer6051@email.com,UK,Glasgow,2022-01-02,Consumer
6052,Customer 6052,customer6052@email.com,Germany,London,2022-04-26,SMB
6053,Customer 6053,customer6053@email.com,UK,London,2022-07-26,SMB
6054,Customer 6054,customer6054@email.com,Germany,Birmingham,2024-04-17,SMB
6055,Customer 6055,customer6055@email.com,USA,Leeds,2023-07-19,SMB
6056,Customer 6056,customer6056@email.com,USA,Leeds,2023-11-06,Consumer
6057,Customer 6057,customer6057@email.com,Canada,Leeds,2022-04-11,Consumer
6058,Customer 6058,customer6058@email.com,Germany,Manchester,2024-11-26,SMB
6059,Customer 6059,customer6059@email.com,Australia,London,2021-10-21,Corporate
6060,Customer 6060,customer6060@email.com,France,Manchester,2021-06-20,Consumer
6061,Customer 6061,customer6061@email.com,Canada,London,2023-11-22,Consumer
6062,Customer 6062,customer6062@email.com,Australia,Birmingham,2021-09-20,Consumer
6063,Customer 6063,customer6063@email.com,USA,Birmingham,2024-05-23,Consumer
6064,Customer 6064,customer6064@email.com,Germany,Manchester,2022-07-12,SMB
6065,Customer 6065,customer6065@email.com,Canada,Manchester,2021-07-08,SMB
6066,Customer 6066,customer6066@email.com,Germany,Birmingham,2023-02-25,Corporate
6067,Customer 6067,customer6067@email.com,USA,Glasgow,2022-08-06,Consumer
6068,Customer 6068,customer6068@email.com,Canada,Leeds,2023-09-29,SMB
6069,Customer 6069,customer6069@email.com,USA,Leeds,2022-08-23,SMB
6070,Customer 6070,customer6070@email.com,UK,Birmingham,2023-04-26,Consumer
6071,Customer 6071,customer6071@email.com,USA,Leeds,2024-07-08,SMB
6072,Customer 6072,customer6072@email.com,Germany,Glasgow,2024-04-20,SMB
6073,Customer 6073,customer6073@email.com,France,Glasgow,2021-12-08,SMB
6074,Customer 6074,customer6074@email.com,USA,London,2023-08-12,Corporate
6075,Customer 6075,customer6075@email.com,Australia,Manchester,2021-01-22,SMB
6076,Customer 6076,customer6076@email.com,France,Leeds,2024-01-03,Consumer
6077,Customer 6077,customer6077@email.com,UK,Glasgow,2021-06-15,Consumer
6078,Customer 6078,customer6078@email.com,Canada,Manchester,2021-08-22,Consumer
6079,Customer 6079,customer6079@email.com,Canada,Manchester,2024-10-30,SMB
6080,Customer 6080,customer6080@email.com,France,London,2024-12-27,Corporate
6081,Customer 6081,customer6081@email.com,Canada,Manchester,2022-10-03,SMB
6082,Customer 6082,customer6082@email.com,USA,Manchester,2024-09-19,Consumer
6083,Customer 6083,customer6083@email.com,France,Birmingham,2022-08-30,Corporate
6084,Customer 6084,customer6084@email.com,Germany,London,2022-06-24,Corporate
6085,Customer 6085,customer6085@email.com,USA,London,2023-11-25,SMB
6086,Customer 6086,customer6086@email.com,USA,Leeds,2025-01-07,Consumer
6087,Customer 6087,customer6087@email.com,USA,Manchester,2024-06-08,SMB
6088,Customer 6088,customer6088@email.com,Germany,Leeds,2021-11-14,Consumer
6089,Customer 6089,customer6089@email.com,UK,Glasgow,2021-12-09,Corporate
6090,Customer 6090,customer6090@email.com,Australia,Manchester,2024-12-24,SMB
6091,Customer 6091,customer6091@email.com,Canada,Glasgow,2023-09-06,Corporate
6092,Customer 6092,customer6092@email.com,France,Birmingham,2022-09-29,Consumer
6093,Customer 6093,customer6093@email.com,UK,Manchester,2025-01-29,Corporate
6094,Customer 6094,customer6094@email.com,France,Leeds,2021-03-20,Corporate
6095,Customer 6095,customer6095@email.com,Canada,Leeds,2023-06-12,Corporate
6096,Customer 6096,customer6096@email.com,Germany,Manchester,2022-07-27,SMB
6097,Customer 6097,customer6097@email.com,USA,Leeds,2022-03-25,Consumer
6098,Customer 6098,customer6098@email.com,USA,Manchester,2021-10-09,Corporate
6099,Customer 6099,customer6099@email.com,Germany,London,2022-11-06,Corporate
6100,Customer 6100,customer6100@email.com,UK,Leeds,2021-02-26,Corporate
6101,Customer 6101,customer6101@email.com,UK,Manchester,2021-07-10,Corporate
6102,Customer 6102,customer6102@email.com,France,Manchester,2022-10-06,Consumer
6103,Customer 6103,customer6103@email.com,Germany,Leeds,2025-01-26,Consumer
6104,Customer 6104,customer6104@email.com,UK,London,2021-02-11,SMB
6105,Customer 6105,customer6105@email.com,Germany,Leeds,2024-04-11,Consumer
6106,Customer 6106,customer6106@email.com,Canada,Manchester,2022-11-10,Consumer
6107,Customer 6107,customer6107@email.com,USA,London,2024-06-27,Corporate
6108,Customer 6108,customer6108@email.com,USA,Glasgow,2022-05-17,SMB
6109,Customer 6109,customer6109@email.com,USA,Birmingham,2024-05-01,SMB
6110,Customer 6110,customer6110@email.com,Germany,Leeds,2023-03-01,Corporate
6111,Customer 6111,customer6111@email.com,Germany,Manchester,2023-01-20,SMB
6112,Customer 6112,customer6112@email.com,France,London,2023-01-12,Consumer
6113,Customer 6113,customer6113@email.com,USA,London,2021-06-14,SMB
6114,Customer 6114,customer6114@email.com,France,Glasgow,2023-01-25,Corporate
6115,Customer 6115,customer6115@email.com,USA,Leeds,2021-03-31,SMB
6116,Customer 6116,customer6116@email.com,France,London,2023-09-14,SMB
6117,Customer 6117,customer6117@email.com,France,Glasgow,2023-12-18,SMB
6118,Customer 6118,customer6118@email.com,Canada,Manchester,2024-07-10,Corporate
6119,Customer 6119,customer6119@email.com,France,Glasgow,2022-10-10,Consumer
6120,Customer 6120,customer6120@email.com,Germany,Leeds,2023-01-20,SMB
6121,Customer 6121,customer6121@email.com,France,Glasgow,2023-03-30,Consumer
6122,Customer 6122,customer6122@email.com,USA,London,2021-08-31,Consumer
6123,Customer 6123,customer6123@email.com,France,London,2022-10-25,Consumer
6124,Customer 6124,customer6124@email.com,UK,Birmingham,2023-05-08,SMB
6125,Customer 6125,customer6125@email.com,Australia,Glasgow,2021-08-07,Consumer
6126,Customer 6126,customer6126@email.com,USA,Manchester,2021-01-09,SMB
6127,Customer 6127,customer6127@email.com,UK,Leeds,2022-03-06,SMB
6128,Customer 6128,customer6128@email.com,USA,Birmingham,2021-01-13,SMB
6129,Customer 6129,customer6129@email.com,Germany,Glasgow,2023-06-26,Consumer
6130,Customer 6130,customer6130@email.com,Australia,Manchester,2023-08-28,SMB
6131,Customer 6131,customer6131@email.com,Australia,Birmingham,2024-06-02,Corporate
6132,Customer 6132,customer6132@email.com,Germany,London,2022-11-21,Corporate
6133,Customer 6133,customer6133@email.com,Australia,Leeds,2023-12-27,Corporate
6134,Customer 6134,customer6134@email.com,Germany,Glasgow,2022-11-08,SMB
6135,Customer 6135,customer6135@email.com,UK,Manchester,2021-07-03,Corporate
6136,Customer 6136,customer6136@email.com,Canada,London,2023-10-02,SMB
6137,Customer 6137,customer6137@email.com,USA,Birmingham,2021-07-27,SMB
6138,Customer 6138,customer6138@email.com,Germany,Leeds,2022-06-12,SMB
6139,Customer 6139,customer6139@email.com,USA,Birmingham,2024-08-16,Consumer
6140,Customer 6140,customer6140@email.com,UK,Birmingham,2023-03-29,Corporate
6141,Customer 6141,customer6141@email.com,Canada,Manchester,2023-09-30,SMB
6142,Customer 6142,customer6142@email.com,UK,London,2024-06-18,Corporate
6143,Customer 6143,customer6143@email.com,Australia,Glasgow,2022-03-31,Corporate
6144,Customer 6144,customer6144@email.com,USA,Manchester,2023-06-21,Consumer
6145,Customer 6145,customer6145@email.com,Canada,Leeds,2021-09-01,Corporate
6146,Customer 6146,customer6146@email.com,Australia,Birmingham,2023-02-10,SMB
6147,Customer 6147,customer6147@email.com,Canada,Leeds,2021-08-26,SMB
6148,Customer 6148,customer6148@email.com,Australia,Manchester,2024-06-23,Corporate
6149,Customer 6149,customer6149@email.com,UK,Manchester,2021-12-11,Corporate
6150,Customer 6150,customer6150@email.com,Germany,Glasgow,2021-11-06,Consumer
6151,Customer 6151,customer6151@email.com,USA,Birmingham,2024-07-31,SMB
6152,Customer 6152,customer6152@email.com,France,Manchester,2021-02-07,Corporate
6153,Customer 6153,customer6153@email.com,France,Leeds,2021-02-01,Corporate
6154,Customer 6154,customer6154@email.com,UK,Glasgow,2024-06-20,SMB
6155,Customer 6155,customer6155@email.com,USA,Leeds,2021-10-19,Corporate
6156,Customer 6156,customer6156@email.com,USA,Birmingham,2021-10-19,Consumer
6157,Customer 6157,customer6157@email.com,UK,Glasgow,2023-01-28,Corporate
6158,Customer 6158,customer6158@email.com,USA,Glasgow,2024-11-06,Corporate
6159,Customer 6159,customer6159@email.com,Germany,Glasgow,2022-08-01,Consumer
6160,Customer 6160,customer6160@email.com,UK,London,2024-03-07,Consumer
6161,Customer 6161,customer6161@email.com,Germany,Glasgow,2024-05-08,Consumer
6162,Customer 6162,customer6162@email.com,USA,Leeds,2024-09-20,SMB
6163,Customer 6163,customer6163@email.com,UK,Leeds,2022-08-28,Corporate
6164,Customer 6164,customer6164@email.com,USA,Birmingham,2022-03-23,Corporate
6165,Customer 6165,customer6165@email.com,UK,Manchester,2024-10-03,Consumer
6166,Customer 6166,customer6166@email.com,USA,Manchester,2021-10-05,SMB
6167,Customer 6167,customer6167@email.com,Germany,London,2023-09-21,Consumer
6168,Customer 6168,customer6168@email.com,Germany,Glasgow,2022-06-16,Corporate
6169,Customer 6169,customer6169@email.com,USA,London,2024-11-23,SMB
6170,Customer 6170,customer6170@email.com,UK,Birmingham,2024-11-15,SMB
6171,Customer 6171,customer6171@email.com,France,Birmingham,2023-09-11,Corporate
6172,Customer 6172,customer6172@email.com,Germany,Manchester,2022-08-25,SMB
6173,Customer 6173,customer6173@email.com,Germany,Birmingham,2022-07-16,SMB
6174,Customer 6174,customer6174@email.com,Australia,Glasgow,2023-10-31,Consumer
6175,Customer 6175,customer6175@email.com,France,Leeds,2022-08-14,SMB
6176,Customer 6176,customer6176@email.com,USA,Birmingham,2021-02-28,Consumer
6177,Customer 6177,customer6177@email.com,UK,London,2024-01-17,SMB
6178,Customer 6178,customer6178@email.com,Australia,Glasgow,2022-04-04,Consumer
6179,Customer 6179,customer6179@email.com,USA,Birmingham,2021-04-14,Consumer
6180,Customer 6180,customer6180@email.com,Canada,Birmingham,2023-04-11,SMB
6181,Customer 6181,customer6181@email.com,Germany,Glasgow,2023-02-28,Consumer
6182,Customer 6182,customer6182@email.com,Canada,Birmingham,2021-04-14,Corporate
6183,Customer 6183,customer6183@email.com,Germany,Leeds,2024-07-01,Corporate
6184,Customer 6184,customer6184@email.com,Germany,Manchester,2023-01-12,SMB
6185,Customer 6185,customer6185@email.com,Canada,Glasgow,2024-09-20,SMB
6186,Customer 6186,customer6186@email.com,Canada,London,2025-01-26,SMB
6187,Customer 6187,customer6187@email.com,USA,Birmingham,2021-10-28,Corporate
6188,Customer 6188,customer6188@email.com,Australia,Manchester,2022-10-16,SMB
6189,Customer 6189,customer6189@email.com,Australia,London,2022-07-09,SMB
6190,Customer 6190,customer6190@email.com,Canada,London,2022-09-20,Consumer
6191,Customer 6191,customer6191@email.com,USA,Leeds,2024-09-26,SMB
6192,Customer 6192,customer6192@email.com,Australia,Manchester,2024-01-13,Corporate
6193,Customer 6193,customer6193@email.com,USA,Glasgow,2023-07-18,Corporate
6194,Customer 6194,customer6194@email.com,USA,Manchester,2024-07-06,SMB
6195,Customer 6195,customer6195@email.com,Germany,Manchester,2021-12-26,Corporate
6196,Customer 6196,customer6196@email.com,Australia,London,2021-03-28,Consumer
6197,Customer 6197,customer6197@email.com,Australia,Leeds,2022-03-04,Consumer
6198,Customer 6198,customer6198@email.com,Germany,Leeds,2022-01-02,SMB
6199,Customer 6199,customer6199@email.com,Canada,Manchester,2021-12-09,SMB
6200,Customer 6200,customer6200@email.com,Germany,Manchester,2021-12-13,Consumer
6201,Customer 6201,customer6201@email.com,Australia,Birmingham,2021-04-06,Consumer
6202,Customer 6202,customer6202@email.com,Australia,London,2024-07-02,SMB
6203,Customer 6203,customer6203@email.com,Canada,Glasgow,2024-03-05,Corporate
6204,Customer 6204,customer6204@email.com,Germany,Glasgow,2024-06-25,SMB
6205,Customer 6205,customer6205@email.com,UK,Leeds,2023-06-03,SMB
6206,Customer 6206,customer6206@email.com,UK,London,2022-05-01,SMB
6207,Customer 6207,customer6207@email.com,Canada,Leeds,2024-11-26,SMB
6208,Customer 6208,customer6208@email.com,Germany,Glasgow,2022-08-27,SMB
6209,Customer 6209,customer6209@email.com,Germany,Manchester,2022-02-16,SMB
6210,Customer 6210,customer6210@email.com,USA,London,2022-03-24,SMB
6211,Customer 6211,customer6211@email.com,Australia,London,2021-09-04,Corporate
6212,Customer 6212,customer6212@email.com,France,Birmingham,2023-02-09,SMB
6213,Customer 6213,customer6213@email.com,Canada,Manchester,2022-11-30,Consumer
6214,Customer 6214,customer6214@email.com,France,Manchester,2022-02-25,SMB
6215,Customer 6215,customer6215@email.com,France,Leeds,2021-05-04,Corporate
6216,Customer 6216,customer6216@email.com,Canada,London,2024-07-07,Consumer
6217,Customer 6217,customer6217@email.com,Germany,Leeds,2024-04-07,SMB
6218,Customer 6218,customer6218@email.com,Canada,Manchester,2023-07-30,SMB
6219,Customer 6219,customer6219@email.com,France,Birmingham,2023-05-27,Consumer
6220,Customer 6220,customer6220@email.com,Australia,London,2024-02-09,SMB
6221,Customer 6221,customer6221@email.com,Australia,Manchester,2024-08-06,Corporate
6222,Customer 6222,customer6222@email.com,Australia,Birmingham,2021-01-13,SMB
6223,Customer 6223,customer6223@email.com,Germany,Glasgow,2024-07-10,Corporate
6224,Customer 6224,customer6224@email.com,UK,Manchester,2023-03-11,SMB
6225,Customer 6225,customer6225@email.com,Canada,Glasgow,2023-11-13,Consumer
6226,Customer 6226,customer6226@email.com,Australia,Leeds,2023-08-03,Corporate
6227,Customer 6227,customer6227@email.com,Canada,Glasgow,2021-07-19,SMB
6228,Customer 6228,customer6228@email.com,Australia,Manchester,2024-06-19,SMB
6229,Customer 6229,customer6229@email.com,Germany,Glasgow,2024-06-16,Consumer
6230,Customer 6230,customer6230@email.com,UK,London,2021-10-30,Consumer
6231,Customer 6231,customer6231@email.com,UK,Manchester,2024-04-03,Corporate
6232,Customer 6232,customer6232@email.com,Australia,Birmingham,2023-01-08,Corporate
6233,Customer 6233,customer6233@email.com,Germany,Glasgow,2021-06-25,Corporate
6234,Customer 6234,customer6234@email.com,USA,London,2023-11-19,SMB
6235,Customer 6235,customer6235@email.com,Canada,Leeds,2022-11-08,SMB
6236,Customer 6236,customer6236@email.com,Canada,Leeds,2022-06-19,Corporate
6237,Customer 6237,customer6237@email.com,France,Glasgow,2024-08-10,SMB
6238,Customer 6238,customer6238@email.com,Germany,Leeds,2022-04-22,Consumer
6239,Customer 6239,customer6239@email.com,France,Birmingham,2022-01-18,SMB
6240,Customer 6240,customer6240@email.com,Australia,Manchester,2022-07-10,Corporate
6241,Customer 6241,customer6241@email.com,France,London,2024-08-12,SMB
6242,Customer 6242,customer6242@email.com,UK,Glasgow,2021-11-30,Consumer
6243,Customer 6243,customer6243@email.com,Canada,Leeds,2024-06-25,Corporate
6244,Customer 6244,customer6244@email.com,France,Manchester,2024-06-18,Corporate
6245,Customer 6245,customer6245@email.com,UK,Birmingham,2024-02-04,Corporate
6246,Customer 6246,customer6246@email.com,Germany,Leeds,2023-06-17,Corporate
6247,Customer 6247,customer6247@email.com,France,Leeds,2023-07-20,SMB
6248,Customer 6248,customer6248@email.com,Australia,London,2022-11-16,Consumer
6249,Customer 6249,customer6249@email.com,Australia,Birmingham,2022-07-15,SMB
6250,Customer 6250,customer6250@email.com,Australia,Birmingham,2021-05-03,SMB
6251,Customer 6251,customer6251@email.com,Canada,Glasgow,2023-11-25,Corporate
6252,Customer 6252,customer6252@email.com,France,London,2022-09-10,Consumer
6253,Customer 6253,customer6253@email.com,Germany,Glasgow,2023-09-15,SMB
6254,Customer 6254,customer6254@email.com,France,London,2023-04-20,Consumer
6255,Customer 6255,customer6255@email.com,Canada,Birmingham,2022-02-20,Consumer
6256,Customer 6256,customer6256@email.com,UK,London,2022-12-09,Consumer
6257,Customer 6257,customer6257@email.com,Canada,London,2022-09-29,Consumer
6258,Customer 6258,customer6258@email.com,Australia,London,2024-09-12,SMB
6259,Customer 6259,customer6259@email.com,UK,Manchester,2024-08-11,Consumer
6260,Customer 6260,customer6260@email.com,Australia,Manchester,2024-12-26,SMB
6261,Customer 6261,customer6261@email.com,USA,Birmingham,2021-12-13,Consumer
6262,Customer 6262,customer6262@email.com,Canada,London,2021-02-06,Consumer
6263,Customer 6263,customer6263@email.com,Canada,Birmingham,2022-05-27,SMB
6264,Customer 6264,customer6264@email.com,Germany,Manchester,2023-04-29,Corporate
6265,Customer 6265,customer6265@email.com,France,London,2022-06-19,SMB
6266,Customer 6266,customer6266@email.com,UK,Glasgow,2023-06-29,Consumer
6267,Customer 6267,customer6267@email.com,UK,Manchester,2023-02-12,SMB
6268,Customer 6268,customer6268@email.com,Germany,Manchester,2022-10-26,Consumer
6269,Customer 6269,customer6269@email.com,Germany,Manchester,2023-11-08,SMB
6270,Customer 6270,customer6270@email.com,France,London,2021-01-27,SMB
6271,Customer 6271,customer6271@email.com,Australia,Leeds,2022-06-20,SMB
6272,Customer 6272,customer6272@email.com,France,Glasgow,2023-11-19,Corporate
6273,Customer 6273,customer6273@email.com,Canada,Glasgow,2023-10-05,SMB
6274,Customer 6274,customer6274@email.com,Australia,Birmingham,2022-10-20,SMB
6275,Customer 6275,customer6275@email.com,USA,London,2022-10-02,Corporate
6276,Customer 6276,customer6276@email.com,France,Manchester,2024-02-15,Corporate
6277,Customer 6277,customer6277@email.com,Germany,Leeds,2024-03-01,Consumer
6278,Customer 6278,customer6278@email.com,Australia,London,2024-08-05,Consumer
6279,Customer 6279,customer6279@email.com,France,London,2024-06-13,SMB
6280,Customer 6280,customer6280@email.com,UK,Leeds,2021-02-11,Consumer
6281,Customer 6281,customer6281@email.com,USA,Manchester,2024-03-29,SMB
6282,Customer 6282,customer6282@email.com,Canada,London,2024-02-23,Corporate
6283,Customer 6283,customer6283@email.com,UK,Glasgow,2024-07-07,Corporate
6284,Customer 6284,customer6284@email.com,UK,Glasgow,2024-07-23,SMB
6285,Customer 6285,customer6285@email.com,USA,Leeds,2021-08-01,Consumer
6286,Customer 6286,customer6286@email.com,Canada,Manchester,2025-02-05,Consumer
6287,Customer 6287,customer6287@email.com,Germany,Leeds,2023-04-16,Consumer
6288,Customer 6288,customer6288@email.com,Australia,London,2022-12-03,SMB
6289,Customer 6289,customer6289@email.com,Canada,Glasgow,2024-12-25,Consumer
6290,Customer 6290,customer6290@email.com,France,Birmingham,2021-03-21,Corporate
6291,Customer 6291,customer6291@email.com,UK,Leeds,2023-08-13,Corporate
6292,Customer 6292,customer6292@email.com,France,Birmingham,2024-06-05,Corporate
6293,Customer 6293,customer6293@email.com,Germany,Birmingham,2023-06-21,Corporate
6294,Customer 6294,customer6294@email.com,France,Glasgow,2024-01-24,Corporate
6295,Customer 6295,customer6295@email.com,Canada,Leeds,2022-02-28,Corporate
6296,Customer 6296,customer6296@email.com,France,Birmingham,2023-07-08,Corporate
6297,Customer 6297,customer6297@email.com,Germany,London,2022-05-31,Corporate
6298,Customer 6298,customer6298@email.com,Germany,Manchester,2021-06-14,Corporate
6299,Customer 6299,customer6299@email.com,Germany,Manchester,2024-12-20,SMB
6300,Customer 6300,customer6300@email.com,Canada,Glasgow,2023-09-24,SMB
6301,Customer 6301,customer6301@email.com,Germany,Leeds,2023-09-20,Corporate
6302,Customer 6302,customer6302@email.com,UK,Leeds,2023-06-12,Corporate
6303,Customer 6303,customer6303@email.com,Germany,Manchester,2023-10-13,Corporate
6304,Customer 6304,customer6304@email.com,France,London,2023-12-02,Consumer
6305,Customer 6305,customer6305@email.com,Australia,Manchester,2023-01-11,SMB
6306,Customer 6306,customer6306@email.com,France,Manchester,2024-11-27,Corporate
6307,Customer 6307,customer6307@email.com,Australia,Leeds,2023-01-25,SMB
6308,Customer 6308,customer6308@email.com,France,Birmingham,2022-02-20,Corporate
6309,Customer 6309,customer6309@email.com,Canada,London,2024-08-16,Consumer
6310,Customer 6310,customer6310@email.com,France,Leeds,2023-12-15,Corporate
6311,Customer 6311,customer6311@email.com,Canada,Manchester,2021-12-02,SMB
6312,Customer 6312,customer6312@email.com,Canada,Birmingham,2023-05-31,SMB
6313,Customer 6313,customer6313@email.com,Germany,London,2024-12-24,SMB
6314,Customer 6314,customer6314@email.com,UK,Glasgow,2023-08-30,SMB
6315,Customer 6315,customer6315@email.com,Australia,London,2022-11-16,Corporate
6316,Customer 6316,customer6316@email.com,Germany,London,2024-09-19,Consumer
6317,Customer 6317,customer6317@email.com,Germany,Manchester,2023-01-11,Consumer
6318,Customer 6318,customer6318@email.com,Canada,Manchester,2024-11-30,Corporate
6319,Customer 6319,customer6319@email.com,Canada,Glasgow,2021-01-30,Corporate
6320,Customer 6320,customer6320@email.com,Australia,Glasgow,2022-07-29,SMB
6321,Customer 6321,customer6321@email.com,France,Glasgow,2021-08-09,Corporate
6322,Customer 6322,customer6322@email.com,France,Leeds,2023-04-07,Consumer
6323,Customer 6323,customer6323@email.com,Germany,Leeds,2022-08-17,Corporate
6324,Customer 6324,customer6324@email.com,USA,Manchester,2023-01-24,Corporate
6325,Customer 6325,customer6325@email.com,USA,Manchester,2024-06-30,Consumer
6326,Customer 6326,customer6326@email.com,France,Glasgow,2024-09-06,Consumer
6327,Customer 6327,customer6327@email.com,USA,Leeds,2023-11-29,Corporate
6328,Customer 6328,customer6328@email.com,France,Birmingham,2023-10-18,SMB
6329,Customer 6329,customer6329@email.com,Canada,Leeds,2025-01-28,SMB
6330,Customer 6330,customer6330@email.com,Germany,Manchester,2024-12-05,SMB
6331,Customer 6331,customer6331@email.com,UK,Leeds,2024-12-06,Consumer
6332,Customer 6332,customer6332@email.com,Germany,Manchester,2022-05-07,Consumer
6333,Customer 6333,customer6333@email.com,France,Glasgow,2022-03-14,SMB
6334,Customer 6334,customer6334@email.com,France,Glasgow,2022-04-24,Corporate
6335,Customer 6335,customer6335@email.com,Germany,Glasgow,2023-02-22,Corporate
6336,Customer 6336,customer6336@email.com,Australia,Birmingham,2023-08-07,Corporate
6337,Customer 6337,customer6337@email.com,France,Birmingham,2023-10-05,Consumer
6338,Customer 6338,customer6338@email.com,USA,Manchester,2021-03-13,Consumer
6339,Customer 6339,customer6339@email.com,USA,London,2022-08-05,SMB
6340,Customer 6340,customer6340@email.com,France,Birmingham,2021-08-08,Corporate
6341,Customer 6341,customer6341@email.com,France,Manchester,2023-10-25,Consumer
6342,Customer 6342,customer6342@email.com,Australia,Leeds,2023-09-30,Consumer
6343,Customer 6343,customer6343@email.com,USA,Glasgow,2021-10-17,SMB
6344,Customer 6344,customer6344@email.com,France,Glasgow,2022-01-15,Corporate
6345,Customer 6345,customer6345@email.com,France,Glasgow,2023-03-15,Consumer
6346,Customer 6346,customer6346@email.com,Australia,Manchester,2024-10-10,Consumer
6347,Customer 6347,customer6347@email.com,Australia,Glasgow,2023-01-13,Consumer
6348,Customer 6348,customer6348@email.com,Germany,Birmingham,2021-03-21,Consumer
6349,Customer 6349,customer6349@email.com,Australia,Leeds,2021-03-07,Corporate
6350,Customer 6350,customer6350@email.com,UK,Glasgow,2021-05-16,SMB
6351,Customer 6351,customer6351@email.com,USA,Manchester,2022-02-03,Corporate
6352,Customer 6352,customer6352@email.com,Germany,Leeds,2021-12-13,SMB
6353,Customer 6353,customer6353@email.com,UK,Glasgow,2021-02-28,Consumer
6354,Customer 6354,customer6354@email.com,France,London,2023-02-17,Corporate
6355,Customer 6355,customer6355@email.com,France,Glasgow,2022-06-03,SMB
6356,Customer 6356,customer6356@email.com,Germany,Birmingham,2022-12-15,SMB
6357,Customer 6357,customer6357@email.com,Australia,Leeds,2023-09-04,Consumer
6358,Customer 6358,customer6358@email.com,France,Birmingham,2024-06-14,SMB
6359,Customer 6359,customer6359@email.com,Canada,London,2021-03-20,SMB
6360,Customer 6360,customer6360@email.com,Germany,London,2021-04-25,SMB
6361,Customer 6361,customer6361@email.com,UK,Birmingham,2023-09-13,Consumer
6362,Customer 6362,customer6362@email.com,Germany,Leeds,2025-01-25,Corporate
6363,Customer 6363,customer6363@email.com,USA,London,2021-05-06,Consumer
6364,Customer 6364,customer6364@email.com,Australia,London,2022-07-27,SMB
6365,Customer 6365,customer6365@email.com,Australia,Glasgow,2023-08-23,SMB
6366,Customer 6366,customer6366@email.com,Germany,Manchester,2022-05-15,Corporate
6367,Customer 6367,customer6367@email.com,France,London,2023-04-09,SMB
6368,Customer 6368,customer6368@email.com,France,Leeds,2024-01-31,Corporate
6369,Customer 6369,customer6369@email.com,Canada,Leeds,2022-09-18,SMB
6370,Customer 6370,customer6370@email.com,Canada,Glasgow,2024-04-12,SMB
6371,Customer 6371,customer6371@email.com,Australia,Leeds,2022-03-28,Consumer
6372,Customer 6372,customer6372@email.com,Canada,Glasgow,2024-01-21,Consumer
6373,Customer 6373,customer6373@email.com,UK,London,2022-01-20,Corporate
6374,Customer 6374,customer6374@email.com,Canada,London,2024-05-13,Consumer
6375,Customer 6375,customer6375@email.com,UK,London,2021-12-29,Corporate
6376,Customer 6376,customer6376@email.com,Canada,London,2022-05-13,Consumer
6377,Customer 6377,customer6377@email.com,Australia,Manchester,2022-06-21,Corporate
6378,Customer 6378,customer6378@email.com,Australia,Manchester,2024-06-11,SMB
6379,Customer 6379,customer6379@email.com,UK,London,2021-01-16,Corporate
6380,Customer 6380,customer6380@email.com,Germany,Leeds,2023-09-08,Consumer
6381,Customer 6381,customer6381@email.com,Australia,Glasgow,2024-03-10,Corporate
6382,Customer 6382,customer6382@email.com,Germany,Birmingham,2022-09-12,Consumer
6383,Customer 6383,customer6383@email.com,France,Glasgow,2024-12-14,SMB
6384,Customer 6384,customer6384@email.com,UK,Birmingham,2025-01-19,Consumer
6385,Customer 6385,customer6385@email.com,Australia,Birmingham,2021-10-27,SMB
6386,Customer 6386,customer6386@email.com,USA,London,2021-12-05,SMB
6387,Customer 6387,customer6387@email.com,France,Birmingham,2021-10-30,Consumer
6388,Customer 6388,customer6388@email.com,Germany,London,2022-08-15,SMB
6389,Customer 6389,customer6389@email.com,Australia,Manchester,2021-03-17,Consumer
6390,Customer 6390,customer6390@email.com,UK,Leeds,2023-07-03,Corporate
6391,Customer 6391,customer6391@email.com,Canada,Birmingham,2023-02-19,SMB
6392,Customer 6392,customer6392@email.com,USA,Leeds,2023-07-10,Corporate
6393,Customer 6393,customer6393@email.com,Germany,London,2024-09-01,Corporate
6394,Customer 6394,customer6394@email.com,France,Birmingham,2024-01-04,Consumer
6395,Customer 6395,customer6395@email.com,UK,Glasgow,2022-01-01,Consumer
6396,Customer 6396,customer6396@email.com,USA,Manchester,2022-10-15,SMB
6397,Customer 6397,customer6397@email.com,UK,Manchester,2023-10-03,Consumer
6398,Customer 6398,customer6398@email.com,Australia,Birmingham,2022-01-31,Corporate
6399,Customer 6399,customer6399@email.com,Canada,Manchester,2024-06-08,Corporate
6400,Customer 6400,customer6400@email.com,France,Glasgow,2023-03-15,Corporate
6401,Customer 6401,customer6401@email.com,UK,Leeds,2023-11-18,SMB
6402,Customer 6402,customer6402@email.com,Germany,Glasgow,2025-02-07,Consumer
6403,Customer 6403,customer6403@email.com,Australia,Manchester,2024-08-11,Corporate
6404,Customer 6404,customer6404@email.com,Australia,Leeds,2023-04-25,SMB
6405,Customer 6405,customer6405@email.com,France,Glasgow,2024-12-21,Consumer
6406,Customer 6406,customer6406@email.com,Australia,London,2023-05-22,Consumer
6407,Customer 6407,customer6407@email.com,Germany,London,2024-01-20,Corporate
6408,Customer 6408,customer6408@email.com,UK,Leeds,2021-04-25,SMB
6409,Customer 6409,customer6409@email.com,France,Leeds,2024-03-28,Corporate
6410,Customer 6410,customer6410@email.com,Australia,Leeds,2024-07-05,Corporate
6411,Customer 6411,customer6411@email.com,Australia,London,2022-01-08,SMB
6412,Customer 6412,customer6412@email.com,Germany,Glasgow,2023-04-30,Corporate
6413,Customer 6413,customer6413@email.com,Canada,Leeds,2021-03-31,SMB
6414,Customer 6414,customer6414@email.com,Canada,London,2023-01-27,SMB
6415,Customer 6415,customer6415@email.com,Australia,Leeds,2024-08-14,Corporate
6416,Customer 6416,customer6416@email.com,UK,Leeds,2021-01-31,Corporate
6417,Customer 6417,customer6417@email.com,France,Leeds,2021-12-24,Consumer
6418,Customer 6418,customer6418@email.com,Australia,London,2022-04-15,Consumer
6419,Customer 6419,customer6419@email.com,USA,Glasgow,2024-02-26,SMB
6420,Customer 6420,customer6420@email.com,France,London,2021-09-27,SMB
6421,Customer 6421,customer6421@email.com,Canada,London,2024-12-07,SMB
6422,Customer 6422,customer6422@email.com,Australia,Leeds,2021-07-28,Consumer
6423,Customer 6423,customer6423@email.com,Germany,Birmingham,2022-11-21,Corporate
6424,Customer 6424,customer6424@email.com,USA,Birmingham,2024-08-22,Corporate
6425,Customer 6425,customer6425@email.com,Australia,Birmingham,2024-04-29,Consumer
6426,Customer 6426,customer6426@email.com,UK,London,2024-10-12,Corporate
6427,Customer 6427,customer6427@email.com,USA,Leeds,2022-04-02,Corporate
6428,Customer 6428,customer6428@email.com,Australia,Birmingham,2022-03-25,Corporate
6429,Customer 6429,customer6429@email.com,UK,Manchester,2021-03-09,Consumer
6430,Customer 6430,customer6430@email.com,USA,Manchester,2023-05-24,SMB
6431,Customer 6431,customer6431@email.com,UK,Manchester,2022-04-12,Corporate
6432,Customer 6432,customer6432@email.com,UK,Glasgow,2024-10-15,Corporate
6433,Customer 6433,customer6433@email.com,USA,Leeds,2024-11-11,SMB
6434,Customer 6434,customer6434@email.com,USA,London,2021-05-08,Corporate
6435,Customer 6435,customer6435@email.com,UK,London,2023-01-03,Corporate
6436,Customer 6436,customer6436@email.com,Canada,Leeds,2024-06-21,SMB
6437,Customer 6437,customer6437@email.com,USA,Glasgow,2023-11-09,Consumer
6438,Customer 6438,customer6438@email.com,Australia,Leeds,2024-11-20,Consumer
6439,Customer 6439,customer6439@email.com,France,Glasgow,2024-06-06,Corporate
6440,Customer 6440,customer6440@email.com,Germany,Birmingham,2022-01-03,Corporate
6441,Customer 6441,customer6441@email.com,UK,Birmingham,2021-02-27,SMB
6442,Customer 6442,customer6442@email.com,UK,Glasgow,2024-07-28,SMB
6443,Customer 6443,customer6443@email.com,Germany,Leeds,2022-07-11,Corporate
6444,Customer 6444,customer6444@email.com,Canada,Birmingham,2024-01-31,Corporate
6445,Customer 6445,customer6445@email.com,Germany,Leeds,2021-02-17,Consumer
6446,Customer 6446,customer6446@email.com,USA,Birmingham,2022-07-16,Consumer
6447,Customer 6447,customer6447@email.com,Germany,Leeds,2022-08-16,Consumer
6448,Customer 6448,customer6448@email.com,UK,Leeds,2023-03-23,Consumer
6449,Customer 6449,customer6449@email.com,Germany,Manchester,2021-02-28,SMB
6450,Customer 6450,customer6450@email.com,France,Glasgow,2021-06-10,Consumer
6451,Customer 6451,customer6451@email.com,Australia,London,2021-04-13,Consumer
6452,Customer 6452,customer6452@email.com,USA,Glasgow,2023-04-26,Corporate
6453,Customer 6453,customer6453@email.com,Germany,Leeds,2022-02-16,Consumer
6454,Customer 6454,customer6454@email.com,UK,Leeds,2023-02-25,Corporate
6455,Customer 6455,customer6455@email.com,Australia,Glasgow,2021-07-02,Corporate
6456,Customer 6456,customer6456@email.com,USA,Leeds,2022-02-21,Consumer
6457,Customer 6457,customer6457@email.com,UK,Birmingham,2024-02-14,Consumer
6458,Customer 6458,customer6458@email.com,Canada,Leeds,2022-02-03,Corporate
6459,Customer 6459,customer6459@email.com,France,Glasgow,2023-08-15,SMB
6460,Customer 6460,customer6460@email.com,Canada,Glasgow,2023-02-18,Corporate
6461,Customer 6461,customer6461@email.com,France,Glasgow,2022-10-17,SMB
6462,Customer 6462,customer6462@email.com,Germany,Manchester,2022-03-13,SMB
6463,Customer 6463,customer6463@email.com,USA,Manchester,2021-11-14,Consumer
6464,Customer 6464,customer6464@email.com,Germany,Manchester,2022-08-29,Consumer
6465,Customer 6465,customer6465@email.com,France,Manchester,2024-06-27,Consumer
6466,Customer 6466,customer6466@email.com,France,Manchester,2023-06-30,Consumer
6467,Customer 6467,customer6467@email.com,France,Manchester,2025-01-10,Corporate
6468,Customer 6468,customer6468@email.com,Australia,Manchester,2022-05-12,SMB
6469,Customer 6469,customer6469@email.com,UK,Glasgow,2024-09-28,Corporate
6470,Customer 6470,customer6470@email.com,USA,London,2022-03-03,SMB
6471,Customer 6471,customer6471@email.com,Germany,Manchester,2023-03-29,Corporate
6472,Customer 6472,customer6472@email.com,Germany,Glasgow,2023-10-20,SMB
6473,Customer 6473,customer6473@email.com,Canada,London,2021-08-28,Consumer
6474,Customer 6474,customer6474@email.com,France,Manchester,2023-12-19,SMB
6475,Customer 6475,customer6475@email.com,France,London,2023-03-08,Consumer
6476,Customer 6476,customer6476@email.com,France,London,2021-07-22,SMB
6477,Customer 6477,customer6477@email.com,Germany,Birmingham,2025-01-29,Corporate
6478,Customer 6478,customer6478@email.com,Canada,Leeds,2024-08-12,SMB
6479,Customer 6479,customer6479@email.com,UK,Birmingham,2021-10-14,Corporate
6480,Customer 6480,customer6480@email.com,Australia,London,2021-03-14,Corporate
6481,Customer 6481,customer6481@email.com,USA,Glasgow,2022-12-27,Consumer
6482,Customer 6482,customer6482@email.com,UK,Manchester,2021-12-03,SMB
6483,Customer 6483,customer6483@email.com,Germany,Leeds,2024-09-03,Corporate
6484,Customer 6484,customer6484@email.com,Australia,Manchester,2021-07-22,SMB
6485,Customer 6485,customer6485@email.com,Australia,Glasgow,2021-08-19,Consumer
6486,Customer 6486,customer6486@email.com,Australia,Leeds,2023-06-23,Consumer
6487,Customer 6487,customer6487@email.com,France,Birmingham,2023-12-17,SMB
6488,Customer 6488,customer6488@email.com,USA,London,2022-10-06,Corporate
6489,Customer 6489,customer6489@email.com,Germany,Glasgow,2024-12-14,Corporate
6490,Customer 6490,customer6490@email.com,Germany,London,2023-07-04,Corporate
6491,Customer 6491,customer6491@email.com,Australia,London,2021-10-07,SMB
6492,Customer 6492,customer6492@email.com,Germany,Manchester,2023-03-20,Corporate
6493,Customer 6493,customer6493@email.com,USA,Glasgow,2024-08-21,Corporate
6494,Customer 6494,customer6494@email.com,USA,London,2022-04-11,Corporate
6495,Customer 6495,customer6495@email.com,Canada,Birmingham,2023-01-07,Consumer
6496,Customer 6496,customer6496@email.com,Canada,Leeds,2024-04-12,Corporate
6497,Customer 6497,customer6497@email.com,UK,Glasgow,2023-03-15,SMB
6498,Customer 6498,customer6498@email.com,USA,Manchester,2021-09-23,SMB
6499,Customer 6499,customer6499@email.com,USA,Glasgow,2021-09-04,Corporate
6500,Customer 6500,customer6500@email.com,USA,Manchester,2021-03-19,SMB
6501,Customer 6501,customer6501@email.com,Canada,Leeds,2023-05-04,SMB
6502,Customer 6502,customer6502@email.com,Australia,Birmingham,2021-09-10,Corporate
6503,Customer 6503,customer6503@email.com,Australia,London,2022-04-20,Consumer
6504,Customer 6504,customer6504@email.com,Germany,Glasgow,2021-06-25,Corporate
6505,Customer 6505,customer6505@email.com,Australia,Manchester,2024-12-15,SMB
6506,Customer 6506,customer6506@email.com,France,Leeds,2023-08-29,SMB
6507,Customer 6507,customer6507@email.com,Canada,London,2025-01-24,Corporate
6508,Customer 6508,customer6508@email.com,USA,Leeds,2021-09-11,SMB
6509,Customer 6509,customer6509@email.com,Australia,Birmingham,2023-06-22,Consumer
6510,Customer 6510,customer6510@email.com,Canada,London,2021-04-17,Corporate
6511,Customer 6511,customer6511@email.com,Australia,London,2024-04-09,SMB
6512,Customer 6512,customer6512@email.com,UK,London,2021-02-27,Consumer
6513,Customer 6513,customer6513@email.com,USA,Manchester,2024-09-22,SMB
6514,Customer 6514,customer6514@email.com,UK,London,2024-09-27,Consumer
6515,Customer 6515,customer6515@email.com,USA,Leeds,2023-07-31,SMB
6516,Customer 6516,customer6516@email.com,Canada,Manchester,2024-08-06,Corporate
6517,Customer 6517,customer6517@email.com,Germany,London,2021-03-25,SMB
6518,Customer 6518,customer6518@email.com,Australia,Leeds,2024-02-15,Corporate
6519,Customer 6519,customer6519@email.com,Australia,Leeds,2022-12-13,Consumer
6520,Customer 6520,customer6520@email.com,France,Glasgow,2024-05-27,Consumer
6521,Customer 6521,customer6521@email.com,UK,Leeds,2023-06-20,SMB
6522,Customer 6522,customer6522@email.com,Australia,Birmingham,2024-01-31,Corporate
6523,Customer 6523,customer6523@email.com,Canada,London,2022-10-19,Corporate
6524,Customer 6524,customer6524@email.com,Germany,London,2022-04-01,Consumer
6525,Customer 6525,customer6525@email.com,Canada,London,2022-10-21,Consumer
6526,Customer 6526,customer6526@email.com,UK,Leeds,2023-02-12,SMB
6527,Customer 6527,customer6527@email.com,France,Leeds,2023-03-02,Consumer
6528,Customer 6528,customer6528@email.com,Australia,London,2023-05-01,Consumer
6529,Customer 6529,customer6529@email.com,Canada,Manchester,2022-06-10,Corporate
6530,Customer 6530,customer6530@email.com,USA,Manchester,2021-09-23,Corporate
6531,Customer 6531,customer6531@email.com,Germany,Birmingham,2024-08-03,Corporate
6532,Customer 6532,customer6532@email.com,Canada,Glasgow,2021-05-21,Consumer
6533,Customer 6533,customer6533@email.com,Germany,Birmingham,2023-06-14,SMB
6534,Customer 6534,customer6534@email.com,Australia,London,2022-02-10,SMB
6535,Customer 6535,customer6535@email.com,USA,London,2021-10-20,Consumer
6536,Customer 6536,customer6536@email.com,France,London,2023-11-21,SMB
6537,Customer 6537,customer6537@email.com,France,Glasgow,2024-04-09,Consumer
6538,Customer 6538,customer6538@email.com,USA,Leeds,2021-12-21,SMB
6539,Customer 6539,customer6539@email.com,Germany,Glasgow,2021-07-24,Consumer
6540,Customer 6540,customer6540@email.com,Australia,Birmingham,2023-09-21,Corporate
6541,Customer 6541,customer6541@email.com,Canada,Leeds,2021-10-18,SMB
6542,Customer 6542,customer6542@email.com,USA,Leeds,2021-04-21,Corporate
6543,Customer 6543,customer6543@email.com,UK,Birmingham,2023-12-28,Corporate
6544,Customer 6544,customer6544@email.com,Germany,Leeds,2022-01-08,SMB
6545,Customer 6545,customer6545@email.com,France,Manchester,2021-07-15,Consumer
6546,Customer 6546,customer6546@email.com,USA,Birmingham,2021-05-06,Corporate
6547,Customer 6547,customer6547@email.com,France,Birmingham,2021-09-19,Corporate
6548,Customer 6548,customer6548@email.com,Germany,Manchester,2023-06-06,Consumer
6549,Customer 6549,customer6549@email.com,France,Glasgow,2023-07-13,Consumer
6550,Customer 6550,customer6550@email.com,USA,Glasgow,2021-06-04,SMB
6551,Customer 6551,customer6551@email.com,Germany,Glasgow,2021-04-18,SMB
6552,Customer 6552,customer6552@email.com,UK,Leeds,2024-12-17,Consumer
6553,Customer 6553,customer6553@email.com,USA,Manchester,2021-02-04,Corporate
6554,Customer 6554,customer6554@email.com,Canada,Birmingham,2023-12-04,Consumer
6555,Customer 6555,customer6555@email.com,Australia,Birmingham,2022-10-17,SMB
6556,Customer 6556,customer6556@email.com,USA,Birmingham,2022-12-24,Corporate
6557,Customer 6557,customer6557@email.com,Germany,Leeds,2023-09-25,Corporate
6558,Customer 6558,customer6558@email.com,Australia,Leeds,2022-02-20,SMB
6559,Customer 6559,customer6559@email.com,USA,Glasgow,2023-09-27,Corporate
6560,Customer 6560,customer6560@email.com,UK,Leeds,2021-10-12,Consumer
6561,Customer 6561,customer6561@email.com,UK,Glasgow,2025-01-10,SMB
6562,Customer 6562,customer6562@email.com,Canada,Glasgow,2022-06-02,Corporate
6563,Customer 6563,customer6563@email.com,France,Birmingham,2021-01-27,SMB
6564,Customer 6564,customer6564@email.com,Australia,Leeds,2021-08-15,Corporate
6565,Customer 6565,customer6565@email.com,Germany,Glasgow,2024-12-19,Consumer
6566,Customer 6566,customer6566@email.com,Germany,Manchester,2024-10-23,SMB
6567,Customer 6567,customer6567@email.com,France,Manchester,2024-08-26,Corporate
6568,Customer 6568,customer6568@email.com,UK,Leeds,2023-04-28,Consumer
6569,Customer 6569,customer6569@email.com,UK,Birmingham,2024-02-03,Consumer
6570,Customer 6570,customer6570@email.com,USA,Birmingham,2021-01-18,Consumer
6571,Customer 6571,customer6571@email.com,Canada,Glasgow,2024-05-13,Corporate
6572,Customer 6572,customer6572@email.com,Australia,Leeds,2021-02-12,Corporate
6573,Customer 6573,customer6573@email.com,Canada,Manchester,2021-03-30,Consumer
6574,Customer 6574,customer6574@email.com,Canada,Glasgow,2022-08-09,Consumer
6575,Customer 6575,customer6575@email.com,USA,Glasgow,2021-06-06,Consumer
6576,Customer 6576,customer6576@email.com,Canada,London,2024-07-13,Consumer
6577,Customer 6577,customer6577@email.com,France,Leeds,2021-05-14,Consumer
6578,Customer 6578,customer6578@email.com,USA,Glasgow,2022-04-09,Corporate
6579,Customer 6579,customer6579@email.com,France,Manchester,2024-03-01,SMB
6580,Customer 6580,customer6580@email.com,USA,London,2023-01-11,SMB
6581,Customer 6581,customer6581@email.com,Canada,Manchester,2023-11-24,SMB
6582,Customer 6582,customer6582@email.com,France,Birmingham,2021-03-24,Corporate
6583,Customer 6583,customer6583@email.com,France,London,2023-07-18,SMB
6584,Customer 6584,customer6584@email.com,France,London,2024-03-01,SMB
6585,Customer 6585,customer6585@email.com,USA,Glasgow,2024-12-22,SMB
6586,Customer 6586,customer6586@email.com,Germany,Birmingham,2023-05-16,SMB
6587,Customer 6587,customer6587@email.com,Canada,Glasgow,2021-07-23,Consumer
6588,Customer 6588,customer6588@email.com,France,Leeds,2024-09-21,Corporate
6589,Customer 6589,customer6589@email.com,Australia,Manchester,2023-08-20,SMB
6590,Customer 6590,customer6590@email.com,Germany,Manchester,2022-05-12,Consumer
6591,Customer 6591,customer6591@email.com,Australia,Glasgow,2022-03-18,SMB
6592,Customer 6592,customer6592@email.com,Canada,Manchester,2023-04-08,SMB
6593,Customer 6593,customer6593@email.com,Canada,Manchester,2024-07-05,SMB
6594,Customer 6594,customer6594@email.com,France,Leeds,2024-08-08,SMB
6595,Customer 6595,customer6595@email.com,France,Birmingham,2024-02-23,SMB
6596,Customer 6596,customer6596@email.com,USA,London,2023-05-21,Consumer
6597,Customer 6597,customer6597@email.com,Germany,Glasgow,2024-04-13,SMB
6598,Customer 6598,customer6598@email.com,Germany,Glasgow,2023-05-19,Consumer
6599,Customer 6599,customer6599@email.com,France,Leeds,2021-03-21,SMB
6600,Customer 6600,customer6600@email.com,Canada,Leeds,2023-03-23,Corporate
6601,Customer 6601,customer6601@email.com,France,London,2023-07-04,Consumer
6602,Customer 6602,customer6602@email.com,Canada,Birmingham,2024-08-21,SMB
6603,Customer 6603,customer6603@email.com,Canada,Glasgow,2024-09-29,Consumer
6604,Customer 6604,customer6604@email.com,France,Leeds,2022-07-24,SMB
6605,Customer 6605,customer6605@email.com,UK,Glasgow,2024-01-20,SMB
6606,Customer 6606,customer6606@email.com,Germany,Manchester,2023-05-12,Consumer
6607,Customer 6607,customer6607@email.com,Australia,Glasgow,2021-06-18,SMB
6608,Customer 6608,customer6608@email.com,Canada,Birmingham,2024-09-19,SMB
6609,Customer 6609,customer6609@email.com,Canada,Birmingham,2023-10-09,SMB
6610,Customer 6610,customer6610@email.com,UK,Glasgow,2021-08-24,SMB
6611,Customer 6611,customer6611@email.com,Australia,Manchester,2022-02-03,SMB
6612,Customer 6612,customer6612@email.com,USA,Birmingham,2022-08-11,SMB
6613,Customer 6613,customer6613@email.com,UK,Leeds,2023-04-01,Consumer
6614,Customer 6614,customer6614@email.com,Australia,Glasgow,2023-10-10,Corporate
6615,Customer 6615,customer6615@email.com,UK,Manchester,2022-04-22,SMB
6616,Customer 6616,customer6616@email.com,Canada,Leeds,2023-04-25,Consumer
6617,Customer 6617,customer6617@email.com,Germany,Glasgow,2022-08-08,Corporate
6618,Customer 6618,customer6618@email.com,UK,Manchester,2024-01-17,Consumer
6619,Customer 6619,customer6619@email.com,USA,Leeds,2022-09-07,Corporate
6620,Customer 6620,customer6620@email.com,France,Birmingham,2022-08-29,Corporate
6621,Customer 6621,customer6621@email.com,Australia,Glasgow,2023-08-19,Corporate
6622,Customer 6622,customer6622@email.com,UK,Glasgow,2023-02-17,Consumer
6623,Customer 6623,customer6623@email.com,UK,Birmingham,2024-06-30,Corporate
6624,Customer 6624,customer6624@email.com,USA,London,2021-12-24,SMB
6625,Customer 6625,customer6625@email.com,Germany,Leeds,2023-12-18,SMB
6626,Customer 6626,customer6626@email.com,UK,Birmingham,2024-11-23,Corporate
6627,Customer 6627,customer6627@email.com,UK,Glasgow,2022-06-05,Corporate
6628,Customer 6628,customer6628@email.com,Germany,Leeds,2022-06-09,SMB
6629,Customer 6629,customer6629@email.com,USA,Leeds,2024-12-11,Consumer
6630,Customer 6630,customer6630@email.com,Australia,London,2022-01-28,Consumer
6631,Customer 6631,customer6631@email.com,Australia,Glasgow,2024-05-30,SMB
6632,Customer 6632,customer6632@email.com,UK,Manchester,2024-09-14,Consumer
6633,Customer 6633,customer6633@email.com,Germany,London,2024-10-27,Consumer
6634,Customer 6634,customer6634@email.com,UK,London,2021-06-02,Corporate
6635,Customer 6635,customer6635@email.com,France,Manchester,2023-06-12,Consumer
6636,Customer 6636,customer6636@email.com,Australia,Manchester,2023-09-11,SMB
6637,Customer 6637,customer6637@email.com,Canada,London,2022-04-25,Consumer
6638,Customer 6638,customer6638@email.com,France,Leeds,2022-08-06,Corporate
6639,Customer 6639,customer6639@email.com,UK,Birmingham,2023-05-07,SMB
6640,Customer 6640,customer6640@email.com,USA,Birmingham,2021-01-20,SMB
6641,Customer 6641,customer6641@email.com,Australia,London,2022-08-16,SMB
6642,Customer 6642,customer6642@email.com,Canada,Leeds,2021-08-16,Corporate
6643,Customer 6643,customer6643@email.com,France,Manchester,2024-10-01,SMB
6644,Customer 6644,customer6644@email.com,Australia,London,2021-01-19,Corporate
6645,Customer 6645,customer6645@email.com,Germany,Glasgow,2022-03-20,Corporate
6646,Customer 6646,customer6646@email.com,USA,Leeds,2022-01-03,Consumer
6647,Customer 6647,customer6647@email.com,France,Glasgow,2023-06-18,SMB
6648,Customer 6648,customer6648@email.com,Germany,Glasgow,2023-06-08,Consumer
6649,Customer 6649,customer6649@email.com,UK,London,2022-12-27,Consumer
6650,Customer 6650,customer6650@email.com,Germany,Leeds,2021-05-27,Corporate
6651,Customer 6651,customer6651@email.com,France,Glasgow,2022-03-06,Consumer
6652,Customer 6652,customer6652@email.com,France,Leeds,2023-04-28,Consumer
6653,Customer 6653,customer6653@email.com,UK,Birmingham,2025-01-03,Consumer
6654,Customer 6654,customer6654@email.com,Germany,Glasgow,2021-07-17,SMB
6655,Customer 6655,customer6655@email.com,Germany,Glasgow,2023-09-24,Consumer
6656,Customer 6656,customer6656@email.com,UK,Leeds,2024-08-03,Corporate
6657,Customer 6657,customer6657@email.com,Germany,Birmingham,2022-07-19,SMB
6658,Customer 6658,customer6658@email.com,Australia,Glasgow,2022-01-04,Corporate
6659,Customer 6659,customer6659@email.com,UK,London,2024-06-17,SMB
6660,Customer 6660,customer6660@email.com,USA,Leeds,2023-03-13,SMB
6661,Customer 6661,customer6661@email.com,France,Leeds,2024-08-03,SMB
6662,Customer 6662,customer6662@email.com,USA,Glasgow,2022-12-01,Corporate
6663,Customer 6663,customer6663@email.com,Australia,Birmingham,2024-11-19,Consumer
6664,Customer 6664,customer6664@email.com,Australia,Glasgow,2023-09-23,SMB
6665,Customer 6665,customer6665@email.com,Canada,Manchester,2022-06-02,Corporate
6666,Customer 6666,customer6666@email.com,Canada,Glasgow,2023-02-14,SMB
6667,Customer 6667,customer6667@email.com,Canada,Manchester,2022-07-15,Consumer
6668,Customer 6668,customer6668@email.com,UK,London,2021-03-01,SMB
6669,Customer 6669,customer6669@email.com,Germany,Leeds,2022-06-29,Corporate
6670,Customer 6670,customer6670@email.com,Australia,Leeds,2023-10-14,SMB
6671,Customer 6671,customer6671@email.com,USA,Birmingham,2021-10-30,Corporate
6672,Customer 6672,customer6672@email.com,USA,Glasgow,2024-06-21,Consumer
6673,Customer 6673,customer6673@email.com,USA,London,2024-05-15,Consumer
6674,Customer 6674,customer6674@email.com,USA,Manchester,2024-10-30,SMB
6675,Customer 6675,customer6675@email.com,Canada,Birmingham,2021-10-10,Consumer
6676,Customer 6676,customer6676@email.com,USA,London,2022-04-23,Corporate
6677,Customer 6677,customer6677@email.com,Germany,London,2023-11-12,SMB
6678,Customer 6678,customer6678@email.com,Canada,Manchester,2022-07-13,Corporate
6679,Customer 6679,customer6679@email.com,USA,Manchester,2021-12-15,SMB
6680,Customer 6680,customer6680@email.com,UK,Leeds,2022-11-01,Corporate
6681,Customer 6681,customer6681@email.com,France,Glasgow,2021-09-15,SMB
6682,Customer 6682,customer6682@email.com,France,Birmingham,2022-10-17,Corporate
6683,Customer 6683,customer6683@email.com,France,Glasgow,2023-12-07,Corporate
6684,Customer 6684,customer6684@email.com,Canada,Birmingham,2023-11-17,SMB
6685,Customer 6685,customer6685@email.com,USA,London,2023-11-17,Corporate
6686,Customer 6686,customer6686@email.com,Australia,Manchester,2024-11-21,Consumer
6687,Customer 6687,customer6687@email.com,Australia,Manchester,2021-05-25,Corporate
6688,Customer 6688,customer6688@email.com,Australia,London,2022-08-10,SMB
6689,Customer 6689,customer6689@email.com,Canada,London,2022-06-06,Consumer
6690,Customer 6690,customer6690@email.com,Germany,Birmingham,2024-02-19,Consumer
6691,Customer 6691,customer6691@email.com,UK,London,2023-03-12,Corporate
6692,Customer 6692,customer6692@email.com,UK,Birmingham,2025-01-25,Corporate
6693,Customer 6693,customer6693@email.com,France,Glasgow,2022-01-17,Corporate
6694,Customer 6694,customer6694@email.com,France,Manchester,2023-02-15,Consumer
6695,Customer 6695,customer6695@email.com,Australia,Manchester,2022-11-04,Consumer
6696,Customer 6696,customer6696@email.com,Australia,Manchester,2024-12-12,Consumer
6697,Customer 6697,customer6697@email.com,France,Glasgow,2021-11-23,SMB
6698,Customer 6698,customer6698@email.com,USA,Glasgow,2024-11-15,SMB
6699,Customer 6699,customer6699@email.com,Germany,Leeds,2024-08-13,Corporate
6700,Customer 6700,customer6700@email.com,Germany,Birmingham,2022-09-22,SMB
6701,Customer 6701,customer6701@email.com,Germany,Birmingham,2021-03-25,SMB
6702,Customer 6702,customer6702@email.com,Germany,Leeds,2021-05-26,Corporate
6703,Customer 6703,customer6703@email.com,France,Manchester,2024-04-09,Corporate
6704,Customer 6704,customer6704@email.com,UK,Birmingham,2024-09-19,Consumer
6705,Customer 6705,customer6705@email.com,France,Birmingham,2022-02-28,Consumer
6706,Customer 6706,customer6706@email.com,Germany,Manchester,2024-08-25,Corporate
6707,Customer 6707,customer6707@email.com,France,London,2022-10-23,Corporate
6708,Customer 6708,customer6708@email.com,Germany,London,2023-02-02,SMB
6709,Customer 6709,customer6709@email.com,Canada,Leeds,2022-07-23,SMB
6710,Customer 6710,customer6710@email.com,Australia,Glasgow,2021-12-13,SMB
6711,Customer 6711,customer6711@email.com,UK,Birmingham,2024-08-18,Corporate
6712,Customer 6712,customer6712@email.com,Canada,Birmingham,2021-12-13,Corporate
6713,Customer 6713,customer6713@email.com,USA,Leeds,2022-02-12,Consumer
6714,Customer 6714,customer6714@email.com,France,Leeds,2021-05-13,SMB
6715,Customer 6715,customer6715@email.com,USA,Birmingham,2022-09-06,Consumer
6716,Customer 6716,customer6716@email.com,France,Manchester,2023-09-15,Corporate
6717,Customer 6717,customer6717@email.com,Australia,Manchester,2021-04-16,SMB
6718,Customer 6718,customer6718@email.com,Canada,Glasgow,2021-06-20,Consumer
6719,Customer 6719,customer6719@email.com,Australia,Birmingham,2022-10-02,Corporate
6720,Customer 6720,customer6720@email.com,Germany,Birmingham,2024-06-27,Consumer
6721,Customer 6721,customer6721@email.com,Australia,Birmingham,2021-09-19,SMB
6722,Customer 6722,customer6722@email.com,Australia,Birmingham,2022-05-09,Consumer
6723,Customer 6723,customer6723@email.com,Germany,Leeds,2024-06-21,Consumer
6724,Customer 6724,customer6724@email.com,France,London,2025-01-14,Corporate
6725,Customer 6725,customer6725@email.com,Germany,Birmingham,2023-06-22,SMB
6726,Customer 6726,customer6726@email.com,Canada,London,2021-10-17,Consumer
6727,Customer 6727,customer6727@email.com,Australia,Manchester,2024-07-10,Corporate
6728,Customer 6728,customer6728@email.com,Germany,Glasgow,2024-08-30,SMB
6729,Customer 6729,customer6729@email.com,Australia,Manchester,2021-03-26,Corporate
6730,Customer 6730,customer6730@email.com,Canada,Birmingham,2024-12-09,SMB
6731,Customer 6731,customer6731@email.com,USA,Manchester,2024-09-14,Corporate
6732,Customer 6732,customer6732@email.com,Canada,Leeds,2021-02-14,Corporate
6733,Customer 6733,customer6733@email.com,UK,London,2023-03-26,Corporate
6734,Customer 6734,customer6734@email.com,UK,Birmingham,2021-11-29,Consumer
6735,Customer 6735,customer6735@email.com,UK,Leeds,2022-04-10,Consumer
6736,Customer 6736,customer6736@email.com,Australia,London,2021-07-19,Corporate
6737,Customer 6737,customer6737@email.com,France,Leeds,2024-05-09,SMB
6738,Customer 6738,customer6738@email.com,France,Manchester,2021-11-25,Corporate
6739,Customer 6739,customer6739@email.com,France,Birmingham,2021-08-28,Consumer
6740,Customer 6740,customer6740@email.com,Australia,Manchester,2023-03-09,SMB
6741,Customer 6741,customer6741@email.com,Canada,Glasgow,2022-12-03,Consumer
6742,Customer 6742,customer6742@email.com,France,Birmingham,2022-08-06,Corporate
6743,Customer 6743,customer6743@email.com,USA,Manchester,2022-10-19,Consumer
6744,Customer 6744,customer6744@email.com,UK,Birmingham,2024-10-14,Consumer
6745,Customer 6745,customer6745@email.com,Canada,London,2022-12-22,Consumer
6746,Customer 6746,customer6746@email.com,UK,Birmingham,2021-12-26,Corporate
6747,Customer 6747,customer6747@email.com,France,Birmingham,2024-11-02,Consumer
6748,Customer 6748,customer6748@email.com,Canada,London,2022-01-20,Corporate
6749,Customer 6749,customer6749@email.com,Germany,Manchester,2025-01-28,Corporate
6750,Customer 6750,customer6750@email.com,USA,Birmingham,2024-05-30,Consumer
6751,Customer 6751,customer6751@email.com,France,Leeds,2023-03-10,SMB
6752,Customer 6752,customer6752@email.com,France,Birmingham,2021-12-31,Consumer
6753,Customer 6753,customer6753@email.com,USA,Manchester,2021-03-13,Consumer
6754,Customer 6754,customer6754@email.com,USA,London,2024-06-17,Consumer
6755,Customer 6755,customer6755@email.com,Germany,Manchester,2022-05-19,SMB
6756,Customer 6756,customer6756@email.com,France,Glasgow,2024-12-08,SMB
6757,Customer 6757,customer6757@email.com,Australia,Birmingham,2021-05-07,Corporate
6758,Customer 6758,customer6758@email.com,France,Birmingham,2024-06-25,SMB
6759,Customer 6759,customer6759@email.com,UK,London,2022-04-27,SMB
6760,Customer 6760,customer6760@email.com,Canada,Birmingham,2024-08-28,Consumer
6761,Customer 6761,customer6761@email.com,Canada,Leeds,2025-01-07,Corporate
6762,Customer 6762,customer6762@email.com,UK,Leeds,2021-10-10,Corporate
6763,Customer 6763,customer6763@email.com,Canada,Manchester,2023-10-23,SMB
6764,Customer 6764,customer6764@email.com,USA,London,2021-03-15,SMB
6765,Customer 6765,customer6765@email.com,Canada,Glasgow,2023-12-24,Consumer
6766,Customer 6766,customer6766@email.com,Canada,Manchester,2023-02-12,SMB
6767,Customer 6767,customer6767@email.com,UK,London,2021-12-13,SMB
6768,Customer 6768,customer6768@email.com,Germany,London,2021-11-20,Corporate
6769,Customer 6769,customer6769@email.com,Canada,Manchester,2021-08-27,SMB
6770,Customer 6770,customer6770@email.com,Australia,Manchester,2024-11-21,Consumer
6771,Customer 6771,customer6771@email.com,Canada,Birmingham,2021-12-03,Corporate
6772,Customer 6772,customer6772@email.com,Germany,Glasgow,2021-12-07,Corporate
6773,Customer 6773,customer6773@email.com,UK,Leeds,2024-07-26,SMB
6774,Customer 6774,customer6774@email.com,Germany,Birmingham,2024-10-08,Consumer
6775,Customer 6775,customer6775@email.com,UK,London,2023-08-04,Corporate
6776,Customer 6776,customer6776@email.com,USA,Glasgow,2023-06-11,Consumer
6777,Customer 6777,customer6777@email.com,UK,Glasgow,2025-01-26,Consumer
6778,Customer 6778,customer6778@email.com,USA,Manchester,2022-04-07,SMB
6779,Customer 6779,customer6779@email.com,USA,Glasgow,2024-08-09,Consumer
6780,Customer 6780,customer6780@email.com,UK,Glasgow,2023-03-09,Corporate
6781,Customer 6781,customer6781@email.com,Australia,London,2023-01-03,SMB
6782,Customer 6782,customer6782@email.com,France,Birmingham,2024-12-01,Corporate
6783,Customer 6783,customer6783@email.com,UK,Glasgow,2021-06-11,Consumer
6784,Customer 6784,customer6784@email.com,Canada,Manchester,2022-03-24,Consumer
6785,Customer 6785,customer6785@email.com,Australia,Birmingham,2025-01-18,SMB
6786,Customer 6786,customer6786@email.com,Australia,Manchester,2021-09-22,SMB
6787,Customer 6787,customer6787@email.com,Canada,Glasgow,2023-10-07,Corporate
6788,Customer 6788,customer6788@email.com,France,Birmingham,2021-05-12,Corporate
6789,Customer 6789,customer6789@email.com,Australia,Glasgow,2021-04-30,Consumer
6790,Customer 6790,customer6790@email.com,USA,London,2024-05-27,SMB
6791,Customer 6791,customer6791@email.com,France,Birmingham,2024-12-11,Consumer
6792,Customer 6792,customer6792@email.com,Canada,Manchester,2022-11-03,Consumer
6793,Customer 6793,customer6793@email.com,France,London,2022-05-20,Corporate
6794,Customer 6794,customer6794@email.com,UK,Leeds,2024-08-16,Corporate
6795,Customer 6795,customer6795@email.com,France,Manchester,2021-04-19,Corporate
6796,Customer 6796,customer6796@email.com,USA,Glasgow,2024-06-15,SMB
6797,Customer 6797,customer6797@email.com,UK,Manchester,2021-10-20,Corporate
6798,Customer 6798,customer6798@email.com,Germany,Leeds,2023-09-15,SMB
6799,Customer 6799,customer6799@email.com,Canada,Manchester,2023-04-08,Consumer
6800,Customer 6800,customer6800@email.com,Canada,London,2021-07-06,SMB
6801,Customer 6801,customer6801@email.com,France,Manchester,2023-11-26,Corporate
6802,Customer 6802,customer6802@email.com,Australia,Birmingham,2021-09-13,SMB
6803,Customer 6803,customer6803@email.com,UK,Leeds,2024-12-29,SMB
6804,Customer 6804,customer6804@email.com,Germany,Manchester,2023-10-29,Corporate
6805,Customer 6805,customer6805@email.com,UK,Leeds,2023-01-18,Corporate
6806,Customer 6806,customer6806@email.com,Canada,London,2024-04-16,Consumer
6807,Customer 6807,customer6807@email.com,UK,Birmingham,2024-06-19,SMB
6808,Customer 6808,customer6808@email.com,Germany,Glasgow,2021-02-10,Consumer
6809,Customer 6809,customer6809@email.com,Australia,Manchester,2024-10-12,Consumer
6810,Customer 6810,customer6810@email.com,France,London,2023-01-27,SMB
6811,Customer 6811,customer6811@email.com,USA,Leeds,2021-04-23,Consumer
6812,Customer 6812,customer6812@email.com,UK,Leeds,2023-02-07,SMB
6813,Customer 6813,customer6813@email.com,USA,London,2024-04-04,Consumer
6814,Customer 6814,customer6814@email.com,Canada,Manchester,2023-05-04,Consumer
6815,Customer 6815,customer6815@email.com,France,Glasgow,2021-03-19,SMB
6816,Customer 6816,customer6816@email.com,France,Manchester,2022-12-20,Corporate
6817,Customer 6817,customer6817@email.com,UK,Birmingham,2023-05-28,SMB
6818,Customer 6818,customer6818@email.com,Australia,Manchester,2024-05-04,Corporate
6819,Customer 6819,customer6819@email.com,France,Birmingham,2022-02-06,SMB
6820,Customer 6820,customer6820@email.com,UK,Leeds,2023-04-13,SMB
6821,Customer 6821,customer6821@email.com,UK,Birmingham,2021-03-05,Corporate
6822,Customer 6822,customer6822@email.com,USA,Glasgow,2022-10-14,Corporate
6823,Customer 6823,customer6823@email.com,France,London,2023-06-05,SMB
6824,Customer 6824,customer6824@email.com,UK,Birmingham,2024-12-19,SMB
6825,Customer 6825,customer6825@email.com,USA,Manchester,2023-12-02,SMB
6826,Customer 6826,customer6826@email.com,Germany,Birmingham,2022-01-08,Corporate
6827,Customer 6827,customer6827@email.com,USA,Leeds,2021-11-02,SMB
6828,Customer 6828,customer6828@email.com,USA,Birmingham,2021-07-28,Corporate
6829,Customer 6829,customer6829@email.com,UK,Glasgow,2022-04-12,Consumer
6830,Customer 6830,customer6830@email.com,Canada,Birmingham,2023-07-21,Corporate
6831,Customer 6831,customer6831@email.com,Canada,Glasgow,2024-08-20,Consumer
6832,Customer 6832,customer6832@email.com,Australia,Manchester,2024-11-16,SMB
6833,Customer 6833,customer6833@email.com,Canada,Leeds,2024-03-22,SMB
6834,Customer 6834,customer6834@email.com,USA,London,2022-10-09,Corporate
6835,Customer 6835,customer6835@email.com,Australia,Manchester,2021-12-28,Consumer
6836,Customer 6836,customer6836@email.com,UK,Manchester,2024-07-11,SMB
6837,Customer 6837,customer6837@email.com,France,London,2024-05-24,SMB
6838,Customer 6838,customer6838@email.com,USA,Birmingham,2022-12-22,Consumer
6839,Customer 6839,customer6839@email.com,USA,Birmingham,2022-12-17,SMB
6840,Customer 6840,customer6840@email.com,Australia,Birmingham,2022-06-27,SMB
6841,Customer 6841,customer6841@email.com,UK,Leeds,2021-07-13,Corporate
6842,Customer 6842,customer6842@email.com,Germany,Manchester,2022-10-14,SMB
6843,Customer 6843,customer6843@email.com,USA,Glasgow,2023-11-17,Consumer
6844,Customer 6844,customer6844@email.com,Germany,London,2023-12-06,SMB
6845,Customer 6845,customer6845@email.com,Germany,Manchester,2022-10-09,Corporate
6846,Customer 6846,customer6846@email.com,Canada,Birmingham,2023-08-12,SMB
6847,Customer 6847,customer6847@email.com,UK,London,2023-12-18,Consumer
6848,Customer 6848,customer6848@email.com,Germany,Glasgow,2023-11-03,SMB
6849,Customer 6849,customer6849@email.com,UK,Manchester,2023-08-07,Consumer
6850,Customer 6850,customer6850@email.com,Canada,Manchester,2023-08-19,Corporate
6851,Customer 6851,customer6851@email.com,UK,Leeds,2021-02-18,SMB
6852,Customer 6852,customer6852@email.com,USA,Manchester,2023-03-14,SMB
6853,Customer 6853,customer6853@email.com,Germany,Manchester,2024-01-23,Corporate
6854,Customer 6854,customer6854@email.com,UK,Glasgow,2022-08-30,Consumer
6855,Customer 6855,customer6855@email.com,France,Glasgow,2025-01-14,Consumer
6856,Customer 6856,customer6856@email.com,UK,London,2024-11-03,SMB
6857,Customer 6857,customer6857@email.com,Germany,Birmingham,2021-01-10,Consumer
6858,Customer 6858,customer6858@email.com,Canada,Glasgow,2022-11-05,Consumer
6859,Customer 6859,customer6859@email.com,Canada,London,2022-12-27,SMB
6860,Customer 6860,customer6860@email.com,Germany,Manchester,2022-05-31,Consumer
6861,Customer 6861,customer6861@email.com,USA,London,2021-08-12,Consumer
6862,Customer 6862,customer6862@email.com,USA,London,2024-11-05,SMB
6863,Customer 6863,customer6863@email.com,Canada,London,2024-08-18,SMB
6864,Customer 6864,customer6864@email.com,Canada,London,2021-07-22,Consumer
6865,Customer 6865,customer6865@email.com,Germany,Glasgow,2023-07-31,SMB
6866,Customer 6866,customer6866@email.com,USA,Birmingham,2022-08-12,Consumer
6867,Customer 6867,customer6867@email.com,Canada,London,2022-07-25,Consumer
6868,Customer 6868,customer6868@email.com,USA,Leeds,2023-08-15,Consumer
6869,Customer 6869,customer6869@email.com,Canada,Manchester,2021-07-15,Consumer
6870,Customer 6870,customer6870@email.com,UK,Manchester,2024-09-07,SMB
6871,Customer 6871,customer6871@email.com,France,Manchester,2022-02-22,SMB
6872,Customer 6872,customer6872@email.com,Australia,Manchester,2024-09-27,Corporate
6873,Customer 6873,customer6873@email.com,UK,Manchester,2024-11-13,SMB
6874,Customer 6874,customer6874@email.com,Australia,London,2021-01-09,Corporate
6875,Customer 6875,customer6875@email.com,Canada,Birmingham,2022-06-16,Consumer
6876,Customer 6876,customer6876@email.com,France,Leeds,2021-05-29,SMB
6877,Customer 6877,customer6877@email.com,France,Glasgow,2022-01-18,Consumer
6878,Customer 6878,customer6878@email.com,Canada,Leeds,2023-11-02,Corporate
6879,Customer 6879,customer6879@email.com,Canada,Glasgow,2022-04-21,SMB
6880,Customer 6880,customer6880@email.com,USA,Glasgow,2022-08-02,SMB
6881,Customer 6881,customer6881@email.com,Canada,Leeds,2023-12-13,SMB
6882,Customer 6882,customer6882@email.com,Germany,London,2024-12-30,SMB
6883,Customer 6883,customer6883@email.com,Canada,Manchester,2021-07-25,Consumer
6884,Customer 6884,customer6884@email.com,Germany,London,2023-09-13,SMB
6885,Customer 6885,customer6885@email.com,Canada,Manchester,2023-07-04,Corporate
6886,Customer 6886,customer6886@email.com,USA,Birmingham,2023-01-15,SMB
6887,Customer 6887,customer6887@email.com,Germany,Glasgow,2023-07-02,Corporate
6888,Customer 6888,customer6888@email.com,UK,Leeds,2021-02-23,Corporate
6889,Customer 6889,customer6889@email.com,Germany,Birmingham,2023-09-29,Consumer
6890,Customer 6890,customer6890@email.com,USA,Manchester,2021-12-10,SMB
6891,Customer 6891,customer6891@email.com,Australia,London,2024-04-07,Corporate
6892,Customer 6892,customer6892@email.com,Germany,Leeds,2024-03-30,SMB
6893,Customer 6893,customer6893@email.com,Canada,Glasgow,2022-12-04,Consumer
6894,Customer 6894,customer6894@email.com,Canada,Birmingham,2022-06-11,Consumer
6895,Customer 6895,customer6895@email.com,Australia,Glasgow,2024-08-03,SMB
6896,Customer 6896,customer6896@email.com,USA,Manchester,2022-02-16,Corporate
6897,Customer 6897,customer6897@email.com,France,Glasgow,2022-07-23,Consumer
6898,Customer 6898,customer6898@email.com,Canada,London,2021-07-18,Corporate
6899,Customer 6899,customer6899@email.com,UK,Birmingham,2024-03-30,Corporate
6900,Customer 6900,customer6900@email.com,USA,Birmingham,2023-02-14,SMB
6901,Customer 6901,customer6901@email.com,Germany,London,2022-01-24,Consumer
6902,Customer 6902,customer6902@email.com,Germany,Glasgow,2022-04-19,SMB
6903,Customer 6903,customer6903@email.com,UK,London,2024-11-05,SMB
6904,Customer 6904,customer6904@email.com,Canada,Leeds,2023-02-04,SMB
6905,Customer 6905,customer6905@email.com,USA,London,2022-08-15,Corporate
6906,Customer 6906,customer6906@email.com,UK,Glasgow,2024-02-22,SMB
6907,Customer 6907,customer6907@email.com,Canada,London,2024-01-01,Consumer
6908,Customer 6908,customer6908@email.com,USA,Manchester,2023-09-09,Corporate
6909,Customer 6909,customer6909@email.com,Germany,London,2023-09-21,SMB
6910,Customer 6910,customer6910@email.com,USA,London,2021-06-17,Consumer
6911,Customer 6911,customer6911@email.com,Australia,Glasgow,2021-10-11,SMB
6912,Customer 6912,customer6912@email.com,France,Leeds,2023-11-26,SMB
6913,Customer 6913,customer6913@email.com,USA,Leeds,2023-04-04,SMB
6914,Customer 6914,customer6914@email.com,France,Glasgow,2024-04-13,Corporate
6915,Customer 6915,customer6915@email.com,USA,Glasgow,2024-05-07,SMB
6916,Customer 6916,customer6916@email.com,France,Glasgow,2024-02-14,Consumer
6917,Customer 6917,customer6917@email.com,Australia,Manchester,2024-08-31,SMB
6918,Customer 6918,customer6918@email.com,Germany,Birmingham,2024-05-28,SMB
6919,Customer 6919,customer6919@email.com,Canada,London,2023-06-10,Corporate
6920,Customer 6920,customer6920@email.com,France,Glasgow,2021-05-14,SMB
6921,Customer 6921,customer6921@email.com,Australia,Glasgow,2021-05-02,Consumer
6922,Customer 6922,customer6922@email.com,France,Glasgow,2023-04-13,Consumer
6923,Customer 6923,customer6923@email.com,Germany,Leeds,2023-10-19,SMB
6924,Customer 6924,customer6924@email.com,France,Glasgow,2024-12-15,Consumer
6925,Customer 6925,customer6925@email.com,Australia,London,2023-06-14,Consumer
6926,Customer 6926,customer6926@email.com,Australia,Glasgow,2021-10-16,SMB
6927,Customer 6927,customer6927@email.com,UK,London,2023-12-13,Consumer
6928,Customer 6928,customer6928@email.com,Germany,Manchester,2024-05-13,Consumer
6929,Customer 6929,customer6929@email.com,UK,Birmingham,2024-10-03,SMB
6930,Customer 6930,customer6930@email.com,Germany,Leeds,2023-12-11,Corporate
6931,Customer 6931,customer6931@email.com,France,London,2023-04-19,Corporate
6932,Customer 6932,customer6932@email.com,Australia,Manchester,2023-07-01,SMB
6933,Customer 6933,customer6933@email.com,UK,Birmingham,2021-02-09,Corporate
6934,Customer 6934,customer6934@email.com,France,Birmingham,2021-09-07,Corporate
6935,Customer 6935,customer6935@email.com,Australia,Birmingham,2021-08-06,Corporate
6936,Customer 6936,customer6936@email.com,Germany,London,2021-06-28,Corporate
6937,Customer 6937,customer6937@email.com,Australia,Manchester,2021-07-02,SMB
6938,Customer 6938,customer6938@email.com,France,Glasgow,2024-04-02,Corporate
6939,Customer 6939,customer6939@email.com,UK,Manchester,2024-11-01,Corporate
6940,Customer 6940,customer6940@email.com,UK,Manchester,2022-12-06,SMB
6941,Customer 6941,customer6941@email.com,Australia,Manchester,2022-05-12,SMB
6942,Customer 6942,customer6942@email.com,France,London,2022-08-20,Corporate
6943,Customer 6943,customer6943@email.com,USA,London,2022-04-06,Consumer
6944,Customer 6944,customer6944@email.com,Germany,London,2022-04-19,SMB
6945,Customer 6945,customer6945@email.com,Germany,Manchester,2022-11-16,SMB
6946,Customer 6946,customer6946@email.com,France,London,2023-11-27,Corporate
6947,Customer 6947,customer6947@email.com,USA,Birmingham,2021-11-15,Consumer
6948,Customer 6948,customer6948@email.com,UK,London,2024-12-06,SMB
6949,Customer 6949,customer6949@email.com,Canada,Leeds,2021-12-22,SMB
6950,Customer 6950,customer6950@email.com,Canada,London,2022-09-09,SMB
6951,Customer 6951,customer6951@email.com,France,London,2021-08-17,Consumer
6952,Customer 6952,customer6952@email.com,USA,London,2022-12-30,SMB
6953,Customer 6953,customer6953@email.com,USA,London,2024-07-11,SMB
6954,Customer 6954,customer6954@email.com,Germany,Leeds,2022-07-15,Consumer
6955,Customer 6955,customer6955@email.com,UK,Glasgow,2024-10-07,SMB
6956,Customer 6956,customer6956@email.com,Australia,London,2025-01-05,Consumer
6957,Customer 6957,customer6957@email.com,USA,Birmingham,2022-09-27,Consumer
6958,Customer 6958,customer6958@email.com,Australia,Leeds,2022-04-04,Consumer
6959,Customer 6959,customer6959@email.com,Canada,Glasgow,2021-01-25,Corporate
6960,Customer 6960,customer6960@email.com,Australia,London,2024-02-29,SMB
6961,Customer 6961,customer6961@email.com,UK,Glasgow,2022-01-05,SMB
6962,Customer 6962,customer6962@email.com,UK,Birmingham,2024-12-30,SMB
6963,Customer 6963,customer6963@email.com,Australia,Leeds,2024-06-01,Consumer
6964,Customer 6964,customer6964@email.com,France,Leeds,2023-10-09,Corporate
6965,Customer 6965,customer6965@email.com,USA,Glasgow,2022-09-03,Consumer
6966,Customer 6966,customer6966@email.com,France,London,2024-10-07,SMB
6967,Customer 6967,customer6967@email.com,Australia,Manchester,2024-05-05,Consumer
6968,Customer 6968,customer6968@email.com,USA,Leeds,2021-04-19,Corporate
6969,Customer 6969,customer6969@email.com,Germany,Manchester,2024-05-28,SMB
6970,Customer 6970,customer6970@email.com,France,Leeds,2022-12-21,Consumer
6971,Customer 6971,customer6971@email.com,France,London,2024-09-04,Corporate
6972,Customer 6972,customer6972@email.com,Australia,London,2024-01-11,Consumer
6973,Customer 6973,customer6973@email.com,Canada,Leeds,2022-03-08,Consumer
6974,Customer 6974,customer6974@email.com,Australia,Glasgow,2023-10-29,SMB
6975,Customer 6975,customer6975@email.com,France,London,2022-09-28,Corporate
6976,Customer 6976,customer6976@email.com,USA,London,2024-03-18,Consumer
6977,Customer 6977,customer6977@email.com,Canada,Birmingham,2024-01-27,Corporate
6978,Customer 6978,customer6978@email.com,Australia,London,2024-01-30,SMB
6979,Customer 6979,customer6979@email.com,Australia,Birmingham,2022-01-02,SMB
6980,Customer 6980,customer6980@email.com,France,London,2025-01-25,SMB
6981,Customer 6981,customer6981@email.com,France,London,2023-07-14,Corporate
6982,Customer 6982,customer6982@email.com,Germany,Glasgow,2022-02-18,Corporate
6983,Customer 6983,customer6983@email.com,Australia,Glasgow,2024-07-06,Consumer
6984,Customer 6984,customer6984@email.com,France,London,2021-12-22,Corporate
6985,Customer 6985,customer6985@email.com,UK,Leeds,2021-01-11,SMB
6986,Customer 6986,customer6986@email.com,Canada,Leeds,2024-12-10,Consumer
6987,Customer 6987,customer6987@email.com,UK,London,2024-06-27,Corporate
6988,Customer 6988,customer6988@email.com,Canada,Leeds,2024-02-20,SMB
6989,Customer 6989,customer6989@email.com,Australia,London,2021-03-06,SMB
6990,Customer 6990,customer6990@email.com,Germany,Glasgow,2024-08-18,Consumer
6991,Customer 6991,customer6991@email.com,France,Manchester,2021-05-05,SMB
6992,Customer 6992,customer6992@email.com,France,Birmingham,2021-11-08,Corporate
6993,Customer 6993,customer6993@email.com,France,Leeds,2024-04-29,SMB
6994,Customer 6994,customer6994@email.com,Australia,Leeds,2023-02-14,Consumer
6995,Customer 6995,customer6995@email.com,Canada,Glasgow,2023-09-29,SMB
6996,Customer 6996,customer6996@email.com,France,Leeds,2023-05-23,SMB
6997,Customer 6997,customer6997@email.com,UK,London,2025-01-13,Corporate
6998,Customer 6998,customer6998@email.com,France,London,2022-11-25,Corporate
6999,Customer 6999,customer6999@email.com,Australia,Manchester,2024-03-28,Corporate
7000,Customer 7000,customer7000@email.com,Germany,Manchester,2024-10-08,Corporate
7001,Customer 7001,customer7001@email.com,UK,Manchester,2023-09-17,SMB
7002,Customer 7002,customer7002@email.com,France,London,2023-03-10,Corporate
7003,Customer 7003,customer7003@email.com,France,Manchester,2022-11-05,SMB
7004,Customer 7004,customer7004@email.com,USA,Manchester,2024-07-10,Corporate
7005,Customer 7005,customer7005@email.com,Canada,London,2023-07-01,Corporate
7006,Customer 7006,customer7006@email.com,UK,Glasgow,2022-02-10,Corporate
7007,Customer 7007,customer7007@email.com,USA,Leeds,2023-09-23,SMB
7008,Customer 7008,customer7008@email.com,Germany,Birmingham,2023-11-07,Corporate
7009,Customer 7009,customer7009@email.com,Canada,London,2022-09-29,SMB
7010,Customer 7010,customer7010@email.com,UK,London,2024-07-07,Corporate
7011,Customer 7011,customer7011@email.com,France,Birmingham,2023-06-09,Corporate
7012,Customer 7012,customer7012@email.com,UK,Birmingham,2024-10-10,Consumer
7013,Customer 7013,customer7013@email.com,France,Manchester,2022-05-04,Corporate
7014,Customer 7014,customer7014@email.com,Canada,Birmingham,2024-05-22,SMB
7015,Customer 7015,customer7015@email.com,France,Leeds,2021-08-27,Consumer
7016,Customer 7016,customer7016@email.com,Germany,Leeds,2021-06-29,SMB
7017,Customer 7017,customer7017@email.com,Australia,Leeds,2024-12-13,SMB
7018,Customer 7018,customer7018@email.com,France,Leeds,2024-03-12,Consumer
7019,Customer 7019,customer7019@email.com,Germany,Leeds,2021-11-13,Corporate
7020,Customer 7020,customer7020@email.com,Australia,Manchester,2024-06-21,Consumer
7021,Customer 7021,customer7021@email.com,Canada,London,2021-08-20,SMB
7022,Customer 7022,customer7022@email.com,Canada,Birmingham,2024-08-19,Corporate
7023,Customer 7023,customer7023@email.com,UK,London,2021-11-27,Consumer
7024,Customer 7024,customer7024@email.com,Germany,Birmingham,2022-07-15,SMB
7025,Customer 7025,customer7025@email.com,Germany,Manchester,2023-08-07,Corporate
7026,Customer 7026,customer7026@email.com,USA,Manchester,2021-09-05,SMB
7027,Customer 7027,customer7027@email.com,USA,Glasgow,2021-10-10,Corporate
7028,Customer 7028,customer7028@email.com,Australia,Glasgow,2024-08-03,Corporate
7029,Customer 7029,customer7029@email.com,Australia,Manchester,2023-07-29,Consumer
7030,Customer 7030,customer7030@email.com,USA,Manchester,2021-02-01,Corporate
7031,Customer 7031,customer7031@email.com,Australia,Birmingham,2022-06-14,SMB
7032,Customer 7032,customer7032@email.com,France,Manchester,2022-01-16,Corporate
7033,Customer 7033,customer7033@email.com,USA,London,2021-03-04,SMB
7034,Customer 7034,customer7034@email.com,Germany,Birmingham,2021-05-08,Corporate
7035,Customer 7035,customer7035@email.com,France,Manchester,2021-06-12,Corporate
7036,Customer 7036,customer7036@email.com,Australia,Birmingham,2023-08-16,Consumer
7037,Customer 7037,customer7037@email.com,Canada,Birmingham,2024-06-28,Corporate
7038,Customer 7038,customer7038@email.com,UK,Leeds,2021-10-22,Corporate
7039,Customer 7039,customer7039@email.com,USA,Glasgow,2021-06-28,SMB
7040,Customer 7040,customer7040@email.com,Canada,Birmingham,2021-08-17,SMB
7041,Customer 7041,customer7041@email.com,Australia,Birmingham,2023-06-02,SMB
7042,Customer 7042,customer7042@email.com,Germany,Leeds,2022-01-29,Corporate
7043,Customer 7043,customer7043@email.com,UK,Manchester,2022-11-23,SMB
7044,Customer 7044,customer7044@email.com,Canada,Birmingham,2024-11-20,SMB
7045,Customer 7045,customer7045@email.com,UK,Leeds,2021-03-13,Corporate
7046,Customer 7046,customer7046@email.com,USA,London,2021-11-14,SMB
7047,Customer 7047,customer7047@email.com,Australia,Leeds,2022-08-18,Consumer
7048,Customer 7048,customer7048@email.com,Germany,Glasgow,2022-01-14,Consumer
7049,Customer 7049,customer7049@email.com,Australia,Glasgow,2023-06-26,SMB
7050,Customer 7050,customer7050@email.com,UK,Manchester,2021-05-16,SMB
7051,Customer 7051,customer7051@email.com,Canada,Manchester,2022-12-31,SMB
7052,Customer 7052,customer7052@email.com,USA,Glasgow,2024-11-02,Corporate
7053,Customer 7053,customer7053@email.com,USA,Glasgow,2024-02-17,Consumer
7054,Customer 7054,customer7054@email.com,Australia,Birmingham,2023-06-25,Consumer
7055,Customer 7055,customer7055@email.com,Canada,Glasgow,2022-06-14,SMB
7056,Customer 7056,customer7056@email.com,Canada,Manchester,2023-07-24,SMB
7057,Customer 7057,customer7057@email.com,UK,Glasgow,2022-10-28,Corporate
7058,Customer 7058,customer7058@email.com,Australia,Manchester,2022-06-07,Corporate
7059,Customer 7059,customer7059@email.com,Australia,London,2022-01-22,Consumer
7060,Customer 7060,customer7060@email.com,France,Glasgow,2022-07-28,Corporate
7061,Customer 7061,customer7061@email.com,Australia,Manchester,2022-08-06,Consumer
7062,Customer 7062,customer7062@email.com,USA,Leeds,2022-07-27,SMB
7063,Customer 7063,customer7063@email.com,UK,Birmingham,2022-10-06,SMB
7064,Customer 7064,customer7064@email.com,Canada,Manchester,2022-07-27,Consumer
7065,Customer 7065,customer7065@email.com,Australia,Glasgow,2023-05-20,SMB
7066,Customer 7066,customer7066@email.com,UK,Glasgow,2024-07-16,Corporate
7067,Customer 7067,customer7067@email.com,Australia,London,2022-07-01,SMB
7068,Customer 7068,customer7068@email.com,Canada,Leeds,2022-03-14,SMB
7069,Customer 7069,customer7069@email.com,Germany,Manchester,2022-07-09,Consumer
7070,Customer 7070,customer7070@email.com,Canada,Leeds,2021-04-21,Corporate
7071,Customer 7071,customer7071@email.com,Canada,London,2024-09-07,Corporate
7072,Customer 7072,customer7072@email.com,Canada,Birmingham,2022-06-11,SMB
7073,Customer 7073,customer7073@email.com,Australia,Leeds,2021-06-26,SMB
7074,Customer 7074,customer7074@email.com,France,London,2022-11-05,Corporate
7075,Customer 7075,customer7075@email.com,Canada,Manchester,2022-09-16,Corporate
7076,Customer 7076,customer7076@email.com,USA,Birmingham,2023-08-02,Consumer
7077,Customer 7077,customer7077@email.com,USA,Glasgow,2022-04-18,SMB
7078,Customer 7078,customer7078@email.com,UK,London,2023-09-21,SMB
7079,Customer 7079,customer7079@email.com,France,Glasgow,2023-05-29,Corporate
7080,Customer 7080,customer7080@email.com,UK,Birmingham,2024-11-12,Consumer
7081,Customer 7081,customer7081@email.com,USA,London,2024-01-27,Corporate
7082,Customer 7082,customer7082@email.com,USA,London,2024-12-05,SMB
7083,Customer 7083,customer7083@email.com,Germany,Birmingham,2024-10-30,SMB
7084,Customer 7084,customer7084@email.com,Canada,Manchester,2021-06-19,SMB
7085,Customer 7085,customer7085@email.com,USA,London,2023-10-11,SMB
7086,Customer 7086,customer7086@email.com,Australia,Birmingham,2021-02-25,Consumer
7087,Customer 7087,customer7087@email.com,Australia,Leeds,2021-11-21,SMB
7088,Customer 7088,customer7088@email.com,UK,Glasgow,2022-10-20,Corporate
7089,Customer 7089,customer7089@email.com,UK,London,2023-08-15,Consumer
7090,Customer 7090,customer7090@email.com,Canada,Leeds,2021-09-17,Consumer
7091,Customer 7091,customer7091@email.com,Canada,London,2022-10-03,SMB
7092,Customer 7092,customer7092@email.com,Germany,Manchester,2022-07-16,Consumer
7093,Customer 7093,customer7093@email.com,France,Birmingham,2021-12-06,SMB
7094,Customer 7094,customer7094@email.com,UK,London,2022-02-08,Consumer
7095,Customer 7095,customer7095@email.com,Canada,Birmingham,2022-06-16,Consumer
7096,Customer 7096,customer7096@email.com,UK,London,2024-04-12,Corporate
7097,Customer 7097,customer7097@email.com,Canada,Manchester,2023-03-06,Corporate
7098,Customer 7098,customer7098@email.com,USA,Manchester,2024-03-29,Corporate
7099,Customer 7099,customer7099@email.com,UK,Leeds,2023-10-31,Consumer
7100,Customer 7100,customer7100@email.com,USA,Manchester,2022-08-17,Corporate
7101,Customer 7101,customer7101@email.com,UK,Birmingham,2024-07-03,Corporate
7102,Customer 7102,customer7102@email.com,France,Manchester,2022-09-09,Corporate
7103,Customer 7103,customer7103@email.com,Germany,London,2022-10-14,Consumer
7104,Customer 7104,customer7104@email.com,Australia,Manchester,2022-12-15,SMB
7105,Customer 7105,customer7105@email.com,Australia,Birmingham,2021-12-10,Corporate
7106,Customer 7106,customer7106@email.com,Australia,London,2024-10-28,Consumer
7107,Customer 7107,customer7107@email.com,USA,Leeds,2024-12-29,Consumer
7108,Customer 7108,customer7108@email.com,Canada,Leeds,2021-02-15,SMB
7109,Customer 7109,customer7109@email.com,Australia,Leeds,2023-06-23,Corporate
7110,Customer 7110,customer7110@email.com,France,London,2021-02-24,Consumer
7111,Customer 7111,customer7111@email.com,Australia,Leeds,2024-01-07,Consumer
7112,Customer 7112,customer7112@email.com,UK,Manchester,2023-05-06,Consumer
7113,Customer 7113,customer7113@email.com,USA,London,2024-07-19,SMB
7114,Customer 7114,customer7114@email.com,UK,London,2022-10-22,Corporate
7115,Customer 7115,customer7115@email.com,UK,London,2021-04-21,Consumer
7116,Customer 7116,customer7116@email.com,UK,Glasgow,2023-11-05,Consumer
7117,Customer 7117,customer7117@email.com,Germany,Birmingham,2021-03-19,Consumer
7118,Customer 7118,customer7118@email.com,Germany,Glasgow,2022-05-16,Consumer
7119,Customer 7119,customer7119@email.com,Canada,Glasgow,2022-08-11,Corporate
7120,Customer 7120,customer7120@email.com,USA,Glasgow,2022-02-22,Corporate
7121,Customer 7121,customer7121@email.com,France,Birmingham,2021-10-02,Consumer
7122,Customer 7122,customer7122@email.com,France,Glasgow,2024-05-05,Consumer
7123,Customer 7123,customer7123@email.com,France,Leeds,2024-10-31,Consumer
7124,Customer 7124,customer7124@email.com,UK,London,2023-12-23,SMB
7125,Customer 7125,customer7125@email.com,Germany,London,2024-10-16,SMB
7126,Customer 7126,customer7126@email.com,USA,Manchester,2023-08-31,SMB
7127,Customer 7127,customer7127@email.com,UK,Leeds,2023-09-18,Consumer
7128,Customer 7128,customer7128@email.com,Germany,Birmingham,2024-02-08,SMB
7129,Customer 7129,customer7129@email.com,Germany,London,2021-07-13,Corporate
7130,Customer 7130,customer7130@email.com,Australia,Glasgow,2025-01-22,SMB
7131,Customer 7131,customer7131@email.com,Australia,Manchester,2023-05-05,Consumer
7132,Customer 7132,customer7132@email.com,USA,Manchester,2023-03-10,Corporate
7133,Customer 7133,customer7133@email.com,USA,London,2021-10-28,Consumer
7134,Customer 7134,customer7134@email.com,USA,Leeds,2023-08-26,Corporate
7135,Customer 7135,customer7135@email.com,UK,Manchester,2022-07-22,SMB
7136,Customer 7136,customer7136@email.com,Canada,London,2022-11-03,SMB
7137,Customer 7137,customer7137@email.com,USA,Leeds,2021-05-29,Corporate
7138,Customer 7138,customer7138@email.com,Australia,London,2023-02-08,Corporate
7139,Customer 7139,customer7139@email.com,Canada,London,2025-01-24,Consumer
7140,Customer 7140,customer7140@email.com,UK,Leeds,2021-05-19,Corporate
7141,Customer 7141,customer7141@email.com,Canada,Leeds,2023-05-11,Consumer
7142,Customer 7142,customer7142@email.com,France,Leeds,2021-10-19,Corporate
7143,Customer 7143,customer7143@email.com,Canada,London,2021-12-01,Corporate
7144,Customer 7144,customer7144@email.com,USA,Manchester,2022-11-30,SMB
7145,Customer 7145,customer7145@email.com,UK,Birmingham,2024-04-22,SMB
7146,Customer 7146,customer7146@email.com,USA,Birmingham,2021-11-03,Consumer
7147,Customer 7147,customer7147@email.com,Australia,London,2023-07-14,Consumer
7148,Customer 7148,customer7148@email.com,France,London,2023-09-08,Consumer
7149,Customer 7149,customer7149@email.com,Australia,Manchester,2023-06-17,Corporate
7150,Customer 7150,customer7150@email.com,USA,Leeds,2024-07-09,Corporate
7151,Customer 7151,customer7151@email.com,USA,London,2023-07-16,Consumer
7152,Customer 7152,customer7152@email.com,USA,Glasgow,2024-08-26,Corporate
7153,Customer 7153,customer7153@email.com,Germany,Leeds,2021-12-10,SMB
7154,Customer 7154,customer7154@email.com,France,London,2024-12-18,Corporate
7155,Customer 7155,customer7155@email.com,USA,Glasgow,2022-10-19,SMB
7156,Customer 7156,customer7156@email.com,USA,Manchester,2021-09-18,Consumer
7157,Customer 7157,customer7157@email.com,Australia,Glasgow,2024-10-17,Corporate
7158,Customer 7158,customer7158@email.com,Australia,London,2021-06-18,Consumer
7159,Customer 7159,customer7159@email.com,USA,Birmingham,2022-10-22,SMB
7160,Customer 7160,customer7160@email.com,UK,London,2021-07-19,Consumer
7161,Customer 7161,customer7161@email.com,Germany,Birmingham,2024-11-09,SMB
7162,Customer 7162,customer7162@email.com,Australia,Manchester,2024-08-28,SMB
7163,Customer 7163,customer7163@email.com,UK,Manchester,2022-08-05,Consumer
7164,Customer 7164,customer7164@email.com,Germany,Leeds,2024-08-28,SMB
7165,Customer 7165,customer7165@email.com,USA,Leeds,2022-07-20,Consumer
7166,Customer 7166,customer7166@email.com,France,Birmingham,2022-01-30,Consumer
7167,Customer 7167,customer7167@email.com,Canada,Birmingham,2021-12-17,Consumer
7168,Customer 7168,customer7168@email.com,Canada,Manchester,2021-01-28,SMB
7169,Customer 7169,customer7169@email.com,USA,Glasgow,2022-09-24,SMB
7170,Customer 7170,customer7170@email.com,Australia,Birmingham,2024-03-02,Corporate
7171,Customer 7171,customer7171@email.com,UK,Birmingham,2022-01-15,Consumer
7172,Customer 7172,customer7172@email.com,France,Glasgow,2022-06-12,Consumer
7173,Customer 7173,customer7173@email.com,Germany,Leeds,2024-08-03,Consumer
7174,Customer 7174,customer7174@email.com,USA,Leeds,2024-07-31,Consumer
7175,Customer 7175,customer7175@email.com,France,Birmingham,2023-06-22,Consumer
7176,Customer 7176,customer7176@email.com,France,Leeds,2023-03-18,Consumer
7177,Customer 7177,customer7177@email.com,Australia,Leeds,2021-08-15,Consumer
7178,Customer 7178,customer7178@email.com,Germany,Leeds,2024-12-21,Corporate
7179,Customer 7179,customer7179@email.com,France,Manchester,2021-01-27,Corporate
7180,Customer 7180,customer7180@email.com,Australia,London,2024-09-17,Consumer
7181,Customer 7181,customer7181@email.com,UK,Birmingham,2024-02-15,Consumer
7182,Customer 7182,customer7182@email.com,Australia,Birmingham,2021-03-30,Corporate
7183,Customer 7183,customer7183@email.com,UK,Manchester,2022-09-11,Corporate
7184,Customer 7184,customer7184@email.com,UK,London,2021-05-02,Consumer
7185,Customer 7185,customer7185@email.com,France,London,2023-05-16,Consumer
7186,Customer 7186,customer7186@email.com,Australia,Manchester,2021-02-02,Corporate
7187,Customer 7187,customer7187@email.com,UK,Glasgow,2022-08-26,Corporate
7188,Customer 7188,customer7188@email.com,Germany,Glasgow,2022-11-27,Consumer
7189,Customer 7189,customer7189@email.com,France,London,2023-06-07,Corporate
7190,Customer 7190,customer7190@email.com,Australia,Glasgow,2024-11-22,Consumer
7191,Customer 7191,customer7191@email.com,Australia,Glasgow,2022-06-09,SMB
7192,Customer 7192,customer7192@email.com,Canada,Glasgow,2023-11-14,Consumer
7193,Customer 7193,customer7193@email.com,Australia,London,2024-09-10,Consumer
7194,Customer 7194,customer7194@email.com,France,Glasgow,2021-02-03,Consumer
7195,Customer 7195,customer7195@email.com,Germany,Birmingham,2021-09-04,Corporate
7196,Customer 7196,customer7196@email.com,Australia,London,2023-11-09,Consumer
7197,Customer 7197,customer7197@email.com,Canada,Manchester,2023-11-20,Consumer
7198,Customer 7198,customer7198@email.com,France,Glasgow,2021-02-18,Corporate
7199,Customer 7199,customer7199@email.com,UK,Leeds,2023-07-01,SMB
7200,Customer 7200,customer7200@email.com,USA,London,2021-06-29,SMB
7201,Customer 7201,customer7201@email.com,USA,Manchester,2024-10-25,Corporate
7202,Customer 7202,customer7202@email.com,UK,Birmingham,2023-01-08,Consumer
7203,Customer 7203,customer7203@email.com,Australia,Manchester,2024-11-19,SMB
7204,Customer 7204,customer7204@email.com,USA,Glasgow,2022-08-13,SMB
7205,Customer 7205,customer7205@email.com,USA,Leeds,2022-05-11,Corporate
7206,Customer 7206,customer7206@email.com,UK,Glasgow,2022-03-07,SMB
7207,Customer 7207,customer7207@email.com,Australia,Manchester,2024-05-15,SMB
7208,Customer 7208,customer7208@email.com,Australia,London,2023-11-25,Corporate
7209,Customer 7209,customer7209@email.com,UK,Leeds,2024-12-07,SMB
7210,Customer 7210,customer7210@email.com,Australia,Leeds,2021-12-30,Consumer
7211,Customer 7211,customer7211@email.com,Australia,Manchester,2021-11-06,Corporate
7212,Customer 7212,customer7212@email.com,France,Glasgow,2023-09-09,Consumer
7213,Customer 7213,customer7213@email.com,France,Manchester,2024-07-26,Consumer
7214,Customer 7214,customer7214@email.com,UK,Leeds,2024-03-21,Corporate
7215,Customer 7215,customer7215@email.com,Germany,Manchester,2021-08-15,SMB
7216,Customer 7216,customer7216@email.com,USA,Leeds,2024-06-20,Corporate
7217,Customer 7217,customer7217@email.com,France,Glasgow,2021-01-10,SMB
7218,Customer 7218,customer7218@email.com,USA,London,2024-11-16,Consumer
7219,Customer 7219,customer7219@email.com,Canada,London,2021-02-17,SMB
7220,Customer 7220,customer7220@email.com,UK,Manchester,2021-07-23,Consumer
7221,Customer 7221,customer7221@email.com,Germany,Leeds,2023-09-16,Consumer
7222,Customer 7222,customer7222@email.com,Canada,London,2023-06-13,Consumer
7223,Customer 7223,customer7223@email.com,Canada,Leeds,2021-06-06,Corporate
7224,Customer 7224,customer7224@email.com,Australia,Glasgow,2023-05-05,SMB
7225,Customer 7225,customer7225@email.com,Canada,Manchester,2021-01-26,SMB
7226,Customer 7226,customer7226@email.com,UK,Leeds,2022-02-25,SMB
7227,Customer 7227,customer7227@email.com,France,Manchester,2023-01-31,Consumer
7228,Customer 7228,customer7228@email.com,UK,Leeds,2023-02-13,Corporate
7229,Customer 7229,customer7229@email.com,France,Leeds,2021-09-21,SMB
7230,Customer 7230,customer7230@email.com,Canada,Glasgow,2022-08-11,SMB
7231,Customer 7231,customer7231@email.com,Canada,Manchester,2023-08-16,Corporate
7232,Customer 7232,customer7232@email.com,Germany,Birmingham,2022-04-15,SMB
7233,Customer 7233,customer7233@email.com,France,Leeds,2021-09-11,Corporate
7234,Customer 7234,customer7234@email.com,Canada,Leeds,2024-03-16,Corporate
7235,Customer 7235,customer7235@email.com,Australia,London,2024-09-11,SMB
7236,Customer 7236,customer7236@email.com,USA,Manchester,2024-09-23,Corporate
7237,Customer 7237,customer7237@email.com,Germany,Birmingham,2023-01-10,Corporate
7238,Customer 7238,customer7238@email.com,UK,Glasgow,2021-04-28,SMB
7239,Customer 7239,customer7239@email.com,Germany,Birmingham,2024-04-03,Consumer
7240,Customer 7240,customer7240@email.com,USA,Glasgow,2022-07-04,SMB
7241,Customer 7241,customer7241@email.com,France,Birmingham,2023-06-30,SMB
7242,Customer 7242,customer7242@email.com,UK,Birmingham,2023-05-20,Consumer
7243,Customer 7243,customer7243@email.com,UK,Manchester,2023-03-19,Corporate
7244,Customer 7244,customer7244@email.com,France,London,2023-04-01,SMB
7245,Customer 7245,customer7245@email.com,Germany,Birmingham,2024-05-06,Consumer
7246,Customer 7246,customer7246@email.com,Canada,Leeds,2024-10-29,Consumer
7247,Customer 7247,customer7247@email.com,Germany,Leeds,2022-07-18,SMB
7248,Customer 7248,customer7248@email.com,USA,Leeds,2024-02-27,SMB
7249,Customer 7249,customer7249@email.com,Australia,London,2022-02-18,Consumer
7250,Customer 7250,customer7250@email.com,Canada,Birmingham,2024-11-04,SMB
7251,Customer 7251,customer7251@email.com,Germany,Glasgow,2023-05-30,Consumer
7252,Customer 7252,customer7252@email.com,Australia,Glasgow,2023-09-20,SMB
7253,Customer 7253,customer7253@email.com,Australia,Manchester,2021-01-01,Consumer
7254,Customer 7254,customer7254@email.com,France,London,2021-06-16,SMB
7255,Customer 7255,customer7255@email.com,USA,Birmingham,2021-01-16,SMB
7256,Customer 7256,customer7256@email.com,USA,Leeds,2022-10-19,SMB
7257,Customer 7257,customer7257@email.com,USA,London,2021-04-22,Corporate
7258,Customer 7258,customer7258@email.com,Canada,London,2024-10-23,SMB
7259,Customer 7259,customer7259@email.com,UK,Birmingham,2024-01-31,Consumer
7260,Customer 7260,customer7260@email.com,Canada,Manchester,2022-08-17,Consumer
7261,Customer 7261,customer7261@email.com,Germany,Manchester,2024-11-30,Corporate
7262,Customer 7262,customer7262@email.com,Australia,Manchester,2022-05-22,Corporate
7263,Customer 7263,customer7263@email.com,Australia,Leeds,2022-11-02,Corporate
7264,Customer 7264,customer7264@email.com,UK,Leeds,2023-11-30,SMB
7265,Customer 7265,customer7265@email.com,Germany,Birmingham,2024-11-05,SMB
7266,Customer 7266,customer7266@email.com,UK,Manchester,2023-01-29,Consumer
7267,Customer 7267,customer7267@email.com,Australia,Birmingham,2022-05-12,Consumer
7268,Customer 7268,customer7268@email.com,Canada,Manchester,2023-08-23,SMB
7269,Customer 7269,customer7269@email.com,USA,London,2021-10-08,Consumer
7270,Customer 7270,customer7270@email.com,Australia,Glasgow,2021-12-17,SMB
7271,Customer 7271,customer7271@email.com,France,Glasgow,2021-11-30,Corporate
7272,Customer 7272,customer7272@email.com,USA,Manchester,2023-01-31,SMB
7273,Customer 7273,customer7273@email.com,Australia,Birmingham,2024-07-30,SMB
7274,Customer 7274,customer7274@email.com,Canada,Leeds,2022-12-29,SMB
7275,Customer 7275,customer7275@email.com,UK,Manchester,2024-09-04,Consumer
7276,Customer 7276,customer7276@email.com,USA,Manchester,2023-04-03,SMB
7277,Customer 7277,customer7277@email.com,Canada,Leeds,2024-12-08,SMB
7278,Customer 7278,customer7278@email.com,Germany,Manchester,2021-01-14,SMB
7279,Customer 7279,customer7279@email.com,France,London,2023-12-16,Corporate
7280,Customer 7280,customer7280@email.com,USA,Leeds,2024-11-27,SMB
7281,Customer 7281,customer7281@email.com,UK,London,2021-12-08,SMB
7282,Customer 7282,customer7282@email.com,Germany,Glasgow,2021-07-18,SMB
7283,Customer 7283,customer7283@email.com,Canada,Leeds,2022-11-09,Consumer
7284,Customer 7284,customer7284@email.com,France,Leeds,2024-08-08,Corporate
7285,Customer 7285,customer7285@email.com,UK,Birmingham,2022-10-20,Corporate
7286,Customer 7286,customer7286@email.com,Canada,Birmingham,2025-01-04,SMB
7287,Customer 7287,customer7287@email.com,Canada,Leeds,2021-03-19,SMB
7288,Customer 7288,customer7288@email.com,USA,Glasgow,2021-04-22,Consumer
7289,Customer 7289,customer7289@email.com,USA,Manchester,2022-06-19,SMB
7290,Customer 7290,customer7290@email.com,UK,Birmingham,2024-10-30,Consumer
7291,Customer 7291,customer7291@email.com,Australia,Glasgow,2024-02-14,SMB
7292,Customer 7292,customer7292@email.com,Australia,Glasgow,2024-03-11,Consumer
7293,Customer 7293,customer7293@email.com,Canada,Birmingham,2023-09-19,Corporate
7294,Customer 7294,customer7294@email.com,USA,Manchester,2024-05-05,SMB
7295,Customer 7295,customer7295@email.com,France,Birmingham,2023-03-01,Consumer
7296,Customer 7296,customer7296@email.com,France,Glasgow,2024-08-15,Consumer
7297,Customer 7297,customer7297@email.com,Canada,London,2024-01-05,SMB
7298,Customer 7298,customer7298@email.com,USA,Birmingham,2022-06-14,Consumer
7299,Customer 7299,customer7299@email.com,UK,Glasgow,2021-04-10,SMB
7300,Customer 7300,customer7300@email.com,UK,Birmingham,2023-08-31,SMB
7301,Customer 7301,customer7301@email.com,UK,Glasgow,2025-01-31,Consumer
7302,Customer 7302,customer7302@email.com,France,Manchester,2024-08-08,Consumer
7303,Customer 7303,customer7303@email.com,USA,Glasgow,2023-10-12,Consumer
7304,Customer 7304,customer7304@email.com,USA,Leeds,2021-05-05,Corporate
7305,Customer 7305,customer7305@email.com,France,London,2023-10-12,SMB
7306,Customer 7306,customer7306@email.com,UK,Glasgow,2022-06-03,SMB
7307,Customer 7307,customer7307@email.com,UK,Birmingham,2021-01-23,Corporate
7308,Customer 7308,customer7308@email.com,Canada,Birmingham,2021-06-11,Corporate
7309,Customer 7309,customer7309@email.com,Australia,Glasgow,2022-09-21,Consumer
7310,Customer 7310,customer7310@email.com,Germany,Leeds,2022-05-21,SMB
7311,Customer 7311,customer7311@email.com,Australia,Glasgow,2023-06-01,Corporate
7312,Customer 7312,customer7312@email.com,USA,Manchester,2023-11-11,Corporate
7313,Customer 7313,customer7313@email.com,USA,Leeds,2025-01-27,SMB
7314,Customer 7314,customer7314@email.com,USA,Glasgow,2022-04-28,SMB
7315,Customer 7315,customer7315@email.com,Australia,London,2021-11-05,SMB
7316,Customer 7316,customer7316@email.com,Germany,Leeds,2023-05-24,Consumer
7317,Customer 7317,customer7317@email.com,Canada,Glasgow,2021-07-22,Corporate
7318,Customer 7318,customer7318@email.com,Australia,London,2024-12-10,Consumer
7319,Customer 7319,customer7319@email.com,Germany,Glasgow,2022-10-02,SMB
7320,Customer 7320,customer7320@email.com,UK,Manchester,2021-05-22,SMB
7321,Customer 7321,customer7321@email.com,UK,Birmingham,2023-10-01,Corporate
7322,Customer 7322,customer7322@email.com,USA,Glasgow,2022-09-07,Consumer
7323,Customer 7323,customer7323@email.com,France,Leeds,2021-04-17,Consumer
7324,Customer 7324,customer7324@email.com,USA,Glasgow,2022-06-13,Consumer
7325,Customer 7325,customer7325@email.com,France,Glasgow,2022-07-30,SMB
7326,Customer 7326,customer7326@email.com,Germany,Glasgow,2023-08-27,Corporate
7327,Customer 7327,customer7327@email.com,UK,Glasgow,2022-11-19,Consumer
7328,Customer 7328,customer7328@email.com,Australia,Leeds,2021-10-18,SMB
7329,Customer 7329,customer7329@email.com,France,Leeds,2023-03-16,SMB
7330,Customer 7330,customer7330@email.com,Germany,Glasgow,2024-08-27,Consumer
7331,Customer 7331,customer7331@email.com,UK,Birmingham,2022-10-30,Corporate
7332,Customer 7332,customer7332@email.com,Australia,Glasgow,2022-01-20,Corporate
7333,Customer 7333,customer7333@email.com,France,Leeds,2023-12-13,Consumer
7334,Customer 7334,customer7334@email.com,USA,Manchester,2024-04-21,SMB
7335,Customer 7335,customer7335@email.com,USA,Glasgow,2024-10-24,SMB
7336,Customer 7336,customer7336@email.com,USA,Glasgow,2022-12-02,Consumer
7337,Customer 7337,customer7337@email.com,Germany,Glasgow,2021-01-13,SMB
7338,Customer 7338,customer7338@email.com,USA,Glasgow,2023-08-18,SMB
7339,Customer 7339,customer7339@email.com,Canada,London,2021-06-09,Consumer
7340,Customer 7340,customer7340@email.com,UK,Glasgow,2024-07-31,SMB
7341,Customer 7341,customer7341@email.com,Germany,Leeds,2022-07-19,Consumer
7342,Customer 7342,customer7342@email.com,Australia,Leeds,2024-08-03,Consumer
7343,Customer 7343,customer7343@email.com,USA,London,2021-01-08,Consumer
7344,Customer 7344,customer7344@email.com,UK,Glasgow,2021-03-13,SMB
7345,Customer 7345,customer7345@email.com,France,Birmingham,2023-06-11,Consumer
7346,Customer 7346,customer7346@email.com,USA,Glasgow,2021-04-08,SMB
7347,Customer 7347,customer7347@email.com,UK,Leeds,2021-03-28,Consumer
7348,Customer 7348,customer7348@email.com,Canada,Manchester,2021-04-11,Corporate
7349,Customer 7349,customer7349@email.com,France,Manchester,2021-10-08,SMB
7350,Customer 7350,customer7350@email.com,Canada,Birmingham,2023-06-02,SMB
7351,Customer 7351,customer7351@email.com,Australia,Glasgow,2024-08-05,SMB
7352,Customer 7352,customer7352@email.com,UK,London,2023-01-19,Corporate
7353,Customer 7353,customer7353@email.com,Canada,Glasgow,2021-07-15,Consumer
7354,Customer 7354,customer7354@email.com,Australia,Birmingham,2022-01-26,Corporate
7355,Customer 7355,customer7355@email.com,UK,Birmingham,2022-09-01,Consumer
7356,Customer 7356,customer7356@email.com,UK,Birmingham,2022-03-26,Consumer
7357,Customer 7357,customer7357@email.com,Canada,Manchester,2024-10-23,Consumer
7358,Customer 7358,customer7358@email.com,UK,Glasgow,2024-12-24,Consumer
7359,Customer 7359,customer7359@email.com,USA,Glasgow,2024-01-25,Consumer
7360,Customer 7360,customer7360@email.com,UK,London,2024-07-08,Corporate
7361,Customer 7361,customer7361@email.com,Germany,Birmingham,2021-05-01,SMB
7362,Customer 7362,customer7362@email.com,Australia,Birmingham,2024-10-21,Corporate
7363,Customer 7363,customer7363@email.com,UK,Leeds,2021-11-28,SMB
7364,Customer 7364,customer7364@email.com,Germany,Leeds,2023-12-12,SMB
7365,Customer 7365,customer7365@email.com,UK,Manchester,2024-11-20,SMB
7366,Customer 7366,customer7366@email.com,UK,Glasgow,2021-11-14,Corporate
7367,Customer 7367,customer7367@email.com,Canada,London,2022-11-06,Consumer
7368,Customer 7368,customer7368@email.com,USA,London,2022-12-03,Consumer
7369,Customer 7369,customer7369@email.com,Australia,Birmingham,2024-07-24,SMB
7370,Customer 7370,customer7370@email.com,USA,London,2024-05-02,Consumer
7371,Customer 7371,customer7371@email.com,France,Birmingham,2022-11-24,Consumer
7372,Customer 7372,customer7372@email.com,Canada,Glasgow,2023-10-14,Corporate
7373,Customer 7373,customer7373@email.com,Canada,London,2021-01-21,Consumer
7374,Customer 7374,customer7374@email.com,USA,Birmingham,2022-02-03,Consumer
7375,Customer 7375,customer7375@email.com,Canada,Glasgow,2021-07-21,Corporate
7376,Customer 7376,customer7376@email.com,USA,Glasgow,2022-04-11,Consumer
7377,Customer 7377,customer7377@email.com,Canada,Birmingham,2024-03-20,SMB
7378,Customer 7378,customer7378@email.com,UK,Birmingham,2023-06-15,Corporate
7379,Customer 7379,customer7379@email.com,USA,Manchester,2024-03-28,Consumer
7380,Customer 7380,customer7380@email.com,USA,Glasgow,2021-11-06,Consumer
7381,Customer 7381,customer7381@email.com,Germany,Birmingham,2022-05-19,Corporate
7382,Customer 7382,customer7382@email.com,Canada,Glasgow,2021-01-26,SMB
7383,Customer 7383,customer7383@email.com,Canada,London,2021-03-07,Corporate
7384,Customer 7384,customer7384@email.com,USA,Leeds,2021-09-20,SMB
7385,Customer 7385,customer7385@email.com,UK,Leeds,2022-04-17,Corporate
7386,Customer 7386,customer7386@email.com,UK,Birmingham,2021-06-16,Consumer
7387,Customer 7387,customer7387@email.com,Australia,Birmingham,2023-03-11,Corporate
7388,Customer 7388,customer7388@email.com,UK,Glasgow,2024-03-23,Corporate
7389,Customer 7389,customer7389@email.com,Canada,Birmingham,2021-12-09,SMB
7390,Customer 7390,customer7390@email.com,Germany,Glasgow,2022-12-19,Corporate
7391,Customer 7391,customer7391@email.com,USA,Birmingham,2022-02-17,SMB
7392,Customer 7392,customer7392@email.com,France,Glasgow,2024-04-22,Corporate
7393,Customer 7393,customer7393@email.com,Germany,Birmingham,2024-05-02,Consumer
7394,Customer 7394,customer7394@email.com,France,Manchester,2023-10-23,Corporate
7395,Customer 7395,customer7395@email.com,Germany,Glasgow,2024-05-23,Consumer
7396,Customer 7396,customer7396@email.com,UK,Manchester,2022-11-18,SMB
7397,Customer 7397,customer7397@email.com,Canada,Manchester,2023-03-08,SMB
7398,Customer 7398,customer7398@email.com,France,Manchester,2022-04-28,SMB
7399,Customer 7399,customer7399@email.com,Germany,Manchester,2023-11-22,SMB
7400,Customer 7400,customer7400@email.com,Canada,London,2021-01-15,Corporate
7401,Customer 7401,customer7401@email.com,France,Leeds,2024-09-03,Corporate
7402,Customer 7402,customer7402@email.com,USA,London,2024-06-20,Corporate
7403,Customer 7403,customer7403@email.com,Germany,Birmingham,2021-01-17,Consumer
7404,Customer 7404,customer7404@email.com,USA,Birmingham,2022-06-18,Corporate
7405,Customer 7405,customer7405@email.com,UK,Leeds,2021-03-22,Consumer
7406,Customer 7406,customer7406@email.com,USA,Leeds,2022-10-18,Consumer
7407,Customer 7407,customer7407@email.com,USA,Leeds,2022-03-12,Corporate
7408,Customer 7408,customer7408@email.com,Australia,Manchester,2023-10-29,Consumer
7409,Customer 7409,customer7409@email.com,Germany,London,2023-10-16,SMB
7410,Customer 7410,customer7410@email.com,UK,Birmingham,2022-11-10,Corporate
7411,Customer 7411,customer7411@email.com,USA,London,2024-08-03,Corporate
7412,Customer 7412,customer7412@email.com,Canada,London,2023-02-19,Consumer
7413,Customer 7413,customer7413@email.com,France,London,2021-07-05,Corporate
7414,Customer 7414,customer7414@email.com,USA,Leeds,2022-02-26,Corporate
7415,Customer 7415,customer7415@email.com,UK,Leeds,2022-04-11,Consumer
7416,Customer 7416,customer7416@email.com,USA,Birmingham,2021-03-24,Corporate
7417,Customer 7417,customer7417@email.com,France,Birmingham,2022-07-21,Corporate
7418,Customer 7418,customer7418@email.com,UK,Birmingham,2022-10-05,Corporate
7419,Customer 7419,customer7419@email.com,Germany,London,2021-11-21,Consumer
7420,Customer 7420,customer7420@email.com,UK,Leeds,2024-12-13,Corporate
7421,Customer 7421,customer7421@email.com,Germany,Manchester,2021-02-20,Corporate
7422,Customer 7422,customer7422@email.com,UK,London,2023-11-17,Corporate
7423,Customer 7423,customer7423@email.com,France,Glasgow,2022-11-08,SMB
7424,Customer 7424,customer7424@email.com,France,London,2023-09-08,Corporate
7425,Customer 7425,customer7425@email.com,UK,Leeds,2023-03-04,Consumer
7426,Customer 7426,customer7426@email.com,USA,Glasgow,2023-12-22,SMB
7427,Customer 7427,customer7427@email.com,France,London,2022-10-19,Consumer
7428,Customer 7428,customer7428@email.com,Germany,Leeds,2024-04-09,Corporate
7429,Customer 7429,customer7429@email.com,Germany,Leeds,2024-08-02,Corporate
7430,Customer 7430,customer7430@email.com,Canada,Manchester,2021-04-27,Corporate
7431,Customer 7431,customer7431@email.com,Australia,London,2023-10-25,SMB
7432,Customer 7432,customer7432@email.com,Australia,Leeds,2023-12-26,Corporate
7433,Customer 7433,customer7433@email.com,Australia,Birmingham,2023-12-20,Consumer
7434,Customer 7434,customer7434@email.com,Germany,Leeds,2023-06-24,SMB
7435,Customer 7435,customer7435@email.com,Canada,Manchester,2022-05-17,Consumer
7436,Customer 7436,customer7436@email.com,Australia,Leeds,2023-03-10,Consumer
7437,Customer 7437,customer7437@email.com,Australia,London,2023-05-07,Consumer
7438,Customer 7438,customer7438@email.com,UK,London,2024-06-06,Consumer
7439,Customer 7439,customer7439@email.com,UK,Glasgow,2024-01-29,Consumer
7440,Customer 7440,customer7440@email.com,UK,London,2024-02-17,Corporate
7441,Customer 7441,customer7441@email.com,USA,Glasgow,2021-03-10,Consumer
7442,Customer 7442,customer7442@email.com,Australia,Birmingham,2022-10-26,Consumer
7443,Customer 7443,customer7443@email.com,USA,Manchester,2023-03-03,Corporate
7444,Customer 7444,customer7444@email.com,Canada,Birmingham,2021-08-09,SMB
7445,Customer 7445,customer7445@email.com,Germany,Glasgow,2023-10-07,Corporate
7446,Customer 7446,customer7446@email.com,Australia,Leeds,2021-08-11,SMB
7447,Customer 7447,customer7447@email.com,Germany,Leeds,2022-11-08,Consumer
7448,Customer 7448,customer7448@email.com,UK,Birmingham,2021-07-30,Corporate
7449,Customer 7449,customer7449@email.com,Australia,Leeds,2023-07-20,SMB
7450,Customer 7450,customer7450@email.com,France,Glasgow,2023-06-05,SMB
7451,Customer 7451,customer7451@email.com,USA,Manchester,2023-06-01,Corporate
7452,Customer 7452,customer7452@email.com,USA,London,2021-09-19,Corporate
7453,Customer 7453,customer7453@email.com,Australia,Glasgow,2022-06-02,Corporate
7454,Customer 7454,customer7454@email.com,UK,Glasgow,2024-06-25,Corporate
7455,Customer 7455,customer7455@email.com,USA,London,2023-03-09,Corporate
7456,Customer 7456,customer7456@email.com,UK,London,2024-07-04,Consumer
7457,Customer 7457,customer7457@email.com,Canada,Manchester,2023-12-23,Consumer
7458,Customer 7458,customer7458@email.com,Germany,Manchester,2024-11-16,Corporate
7459,Customer 7459,customer7459@email.com,France,Manchester,2022-06-24,Corporate
7460,Customer 7460,customer7460@email.com,Germany,Leeds,2022-02-21,Consumer
7461,Customer 7461,customer7461@email.com,Germany,Glasgow,2021-02-22,SMB
7462,Customer 7462,customer7462@email.com,Canada,London,2021-02-07,Consumer
7463,Customer 7463,customer7463@email.com,USA,Glasgow,2021-11-04,Corporate
7464,Customer 7464,customer7464@email.com,France,Glasgow,2023-04-26,SMB
7465,Customer 7465,customer7465@email.com,USA,Manchester,2023-06-17,Corporate
7466,Customer 7466,customer7466@email.com,Australia,Manchester,2021-02-22,SMB
7467,Customer 7467,customer7467@email.com,Germany,Glasgow,2022-08-29,Corporate
7468,Customer 7468,customer7468@email.com,Australia,Manchester,2022-03-28,Consumer
7469,Customer 7469,customer7469@email.com,UK,Leeds,2022-04-06,Corporate
7470,Customer 7470,customer7470@email.com,Germany,London,2023-02-14,Consumer
7471,Customer 7471,customer7471@email.com,USA,Glasgow,2024-03-06,SMB
7472,Customer 7472,customer7472@email.com,Germany,London,2024-10-27,Consumer
7473,Customer 7473,customer7473@email.com,UK,Leeds,2024-07-03,SMB
7474,Customer 7474,customer7474@email.com,Canada,Manchester,2022-01-30,Corporate
7475,Customer 7475,customer7475@email.com,Australia,Birmingham,2023-11-27,Consumer
7476,Customer 7476,customer7476@email.com,Australia,Leeds,2024-03-16,SMB
7477,Customer 7477,customer7477@email.com,USA,Birmingham,2023-10-29,SMB
7478,Customer 7478,customer7478@email.com,Germany,London,2024-06-28,SMB
7479,Customer 7479,customer7479@email.com,USA,Glasgow,2022-10-09,SMB
7480,Customer 7480,customer7480@email.com,Canada,Manchester,2025-01-10,Corporate
7481,Customer 7481,customer7481@email.com,Germany,Leeds,2021-09-20,Corporate
7482,Customer 7482,customer7482@email.com,Germany,Manchester,2022-09-24,Corporate
7483,Customer 7483,customer7483@email.com,USA,Birmingham,2025-01-02,SMB
7484,Customer 7484,customer7484@email.com,USA,Birmingham,2024-07-06,Corporate
7485,Customer 7485,customer7485@email.com,UK,Glasgow,2024-09-08,SMB
7486,Customer 7486,customer7486@email.com,Canada,Birmingham,2022-06-14,SMB
7487,Customer 7487,customer7487@email.com,UK,Glasgow,2021-10-28,SMB
7488,Customer 7488,customer7488@email.com,Australia,Leeds,2022-04-30,Consumer
7489,Customer 7489,customer7489@email.com,Germany,Glasgow,2021-04-02,Corporate
7490,Customer 7490,customer7490@email.com,USA,Birmingham,2024-04-02,Corporate
7491,Customer 7491,customer7491@email.com,Germany,London,2024-09-20,Consumer
7492,Customer 7492,customer7492@email.com,Germany,Glasgow,2021-11-11,Consumer
7493,Customer 7493,customer7493@email.com,France,Manchester,2023-08-03,Consumer
7494,Customer 7494,customer7494@email.com,Australia,London,2021-08-26,Consumer
7495,Customer 7495,customer7495@email.com,France,Glasgow,2021-03-24,SMB
7496,Customer 7496,customer7496@email.com,Germany,Manchester,2022-10-31,Corporate
7497,Customer 7497,customer7497@email.com,USA,London,2024-02-07,Corporate
7498,Customer 7498,customer7498@email.com,Germany,Glasgow,2021-06-27,Corporate
7499,Customer 7499,customer7499@email.com,Australia,Leeds,2021-09-07,SMB
7500,Customer 7500,customer7500@email.com,France,Manchester,2023-02-04,Corporate
7501,Customer 7501,customer7501@email.com,USA,Leeds,2022-10-29,Consumer
7502,Customer 7502,customer7502@email.com,Germany,Birmingham,2023-06-22,Corporate
7503,Customer 7503,customer7503@email.com,Canada,Glasgow,2021-04-01,Corporate
7504,Customer 7504,customer7504@email.com,Australia,Glasgow,2021-12-05,SMB
7505,Customer 7505,customer7505@email.com,Australia,Manchester,2021-06-18,Consumer
7506,Customer 7506,customer7506@email.com,Canada,Glasgow,2024-03-08,Consumer
7507,Customer 7507,customer7507@email.com,Germany,Birmingham,2022-08-01,Consumer
7508,Customer 7508,customer7508@email.com,Australia,Glasgow,2024-04-22,Corporate
7509,Customer 7509,customer7509@email.com,USA,London,2023-02-19,Consumer
7510,Customer 7510,customer7510@email.com,Germany,Leeds,2021-06-19,Consumer
7511,Customer 7511,customer7511@email.com,Germany,Birmingham,2021-12-28,Corporate
7512,Customer 7512,customer7512@email.com,France,Birmingham,2021-09-01,SMB
7513,Customer 7513,customer7513@email.com,Australia,Leeds,2021-05-18,Corporate
7514,Customer 7514,customer7514@email.com,Australia,Leeds,2023-11-18,SMB
7515,Customer 7515,customer7515@email.com,Canada,Birmingham,2022-06-03,SMB
7516,Customer 7516,customer7516@email.com,France,Leeds,2024-11-22,Consumer
7517,Customer 7517,customer7517@email.com,France,Manchester,2021-11-29,Consumer
7518,Customer 7518,customer7518@email.com,Australia,Leeds,2023-08-23,Corporate
7519,Customer 7519,customer7519@email.com,Germany,London,2024-09-02,SMB
7520,Customer 7520,customer7520@email.com,France,London,2022-07-17,Corporate
7521,Customer 7521,customer7521@email.com,Canada,Manchester,2022-03-02,Consumer
7522,Customer 7522,customer7522@email.com,France,Leeds,2024-03-05,SMB
7523,Customer 7523,customer7523@email.com,Canada,London,2022-10-03,Consumer
7524,Customer 7524,customer7524@email.com,France,Glasgow,2022-12-10,Consumer
7525,Customer 7525,customer7525@email.com,Canada,Leeds,2024-07-14,Consumer
7526,Customer 7526,customer7526@email.com,France,Manchester,2021-04-17,SMB
7527,Customer 7527,customer7527@email.com,France,Leeds,2022-07-14,SMB
7528,Customer 7528,customer7528@email.com,USA,Birmingham,2021-05-18,Consumer
7529,Customer 7529,customer7529@email.com,Canada,Birmingham,2022-09-07,SMB
7530,Customer 7530,customer7530@email.com,Canada,London,2021-02-16,Consumer
7531,Customer 7531,customer7531@email.com,Canada,Birmingham,2022-01-03,Consumer
7532,Customer 7532,customer7532@email.com,UK,Manchester,2021-01-06,Consumer
7533,Customer 7533,customer7533@email.com,France,London,2022-06-07,SMB
7534,Customer 7534,customer7534@email.com,Canada,Manchester,2022-06-13,Corporate
7535,Customer 7535,customer7535@email.com,Australia,Manchester,2024-07-19,Corporate
7536,Customer 7536,customer7536@email.com,UK,Birmingham,2021-03-07,SMB
7537,Customer 7537,customer7537@email.com,USA,Birmingham,2022-02-24,SMB
7538,Customer 7538,customer7538@email.com,Canada,Manchester,2024-09-24,Consumer
7539,Customer 7539,customer7539@email.com,Canada,Birmingham,2023-07-23,Consumer
7540,Customer 7540,customer7540@email.com,UK,Birmingham,2022-05-13,Corporate
7541,Customer 7541,customer7541@email.com,France,Birmingham,2025-02-01,Consumer
7542,Customer 7542,customer7542@email.com,Australia,Leeds,2021-11-27,Corporate
7543,Customer 7543,customer7543@email.com,USA,Manchester,2023-02-07,Corporate
7544,Customer 7544,customer7544@email.com,Canada,Glasgow,2023-09-28,SMB
7545,Customer 7545,customer7545@email.com,France,Manchester,2024-02-29,SMB
7546,Customer 7546,customer7546@email.com,Australia,London,2022-06-14,SMB
7547,Customer 7547,customer7547@email.com,Australia,Birmingham,2025-01-01,Corporate
7548,Customer 7548,customer7548@email.com,USA,Birmingham,2021-08-31,SMB
7549,Customer 7549,customer7549@email.com,Germany,Glasgow,2025-01-26,Corporate
7550,Customer 7550,customer7550@email.com,Australia,London,2021-12-16,SMB
7551,Customer 7551,customer7551@email.com,Germany,Leeds,2023-11-07,Corporate
7552,Customer 7552,customer7552@email.com,Australia,Manchester,2025-01-29,Consumer
7553,Customer 7553,customer7553@email.com,USA,Leeds,2023-01-05,Consumer
7554,Customer 7554,customer7554@email.com,UK,London,2023-06-01,Corporate
7555,Customer 7555,customer7555@email.com,USA,Glasgow,2021-12-29,Corporate
7556,Customer 7556,customer7556@email.com,USA,London,2024-05-18,Consumer
7557,Customer 7557,customer7557@email.com,UK,Glasgow,2023-10-12,Corporate
7558,Customer 7558,customer7558@email.com,UK,Leeds,2022-06-09,Corporate
7559,Customer 7559,customer7559@email.com,France,Leeds,2023-04-11,Consumer
7560,Customer 7560,customer7560@email.com,Australia,London,2023-02-21,Corporate
7561,Customer 7561,customer7561@email.com,France,London,2022-02-24,SMB
7562,Customer 7562,customer7562@email.com,UK,Birmingham,2023-02-25,Consumer
7563,Customer 7563,customer7563@email.com,Germany,Glasgow,2021-05-13,SMB
7564,Customer 7564,customer7564@email.com,Germany,Birmingham,2021-01-14,Corporate
7565,Customer 7565,customer7565@email.com,USA,Manchester,2023-12-04,Corporate
7566,Customer 7566,customer7566@email.com,Canada,Manchester,2024-11-01,SMB
7567,Customer 7567,customer7567@email.com,USA,London,2021-10-22,Corporate
7568,Customer 7568,customer7568@email.com,USA,Leeds,2024-11-20,Corporate
7569,Customer 7569,customer7569@email.com,Canada,Manchester,2024-02-02,SMB
7570,Customer 7570,customer7570@email.com,Australia,Manchester,2022-03-21,Corporate
7571,Customer 7571,customer7571@email.com,UK,Birmingham,2023-12-22,Consumer
7572,Customer 7572,customer7572@email.com,Germany,Birmingham,2022-02-16,SMB
7573,Customer 7573,customer7573@email.com,USA,Manchester,2022-09-22,SMB
7574,Customer 7574,customer7574@email.com,Canada,London,2021-11-17,SMB
7575,Customer 7575,customer7575@email.com,France,Birmingham,2024-02-29,SMB
7576,Customer 7576,customer7576@email.com,USA,Manchester,2023-03-29,Consumer
7577,Customer 7577,customer7577@email.com,Germany,Leeds,2024-05-07,SMB
7578,Customer 7578,customer7578@email.com,UK,Birmingham,2023-06-24,SMB
7579,Customer 7579,customer7579@email.com,USA,Manchester,2021-02-05,Corporate
7580,Customer 7580,customer7580@email.com,USA,Glasgow,2023-03-02,SMB
7581,Customer 7581,customer7581@email.com,Australia,Birmingham,2024-05-24,Corporate
7582,Customer 7582,customer7582@email.com,Canada,Glasgow,2022-08-09,SMB
7583,Customer 7583,customer7583@email.com,France,Birmingham,2021-11-02,SMB
7584,Customer 7584,customer7584@email.com,France,Birmingham,2023-10-05,Consumer
7585,Customer 7585,customer7585@email.com,UK,Glasgow,2023-06-12,Corporate
7586,Customer 7586,customer7586@email.com,Germany,London,2021-01-12,Consumer
7587,Customer 7587,customer7587@email.com,UK,Manchester,2021-03-24,Corporate
7588,Customer 7588,customer7588@email.com,USA,London,2023-11-22,SMB
7589,Customer 7589,customer7589@email.com,USA,London,2024-12-02,Consumer
7590,Customer 7590,customer7590@email.com,France,Manchester,2024-01-15,Corporate
7591,Customer 7591,customer7591@email.com,Germany,Leeds,2024-12-05,Corporate
7592,Customer 7592,customer7592@email.com,Canada,London,2023-08-15,Consumer
7593,Customer 7593,customer7593@email.com,Germany,London,2022-12-14,Corporate
7594,Customer 7594,customer7594@email.com,USA,London,2024-07-03,SMB
7595,Customer 7595,customer7595@email.com,Canada,Leeds,2021-08-29,Corporate
7596,Customer 7596,customer7596@email.com,Germany,Birmingham,2023-06-17,SMB
7597,Customer 7597,customer7597@email.com,Germany,Glasgow,2023-06-15,Corporate
7598,Customer 7598,customer7598@email.com,Canada,Glasgow,2023-06-26,Consumer
7599,Customer 7599,customer7599@email.com,USA,Leeds,2025-01-15,SMB
7600,Customer 7600,customer7600@email.com,Germany,London,2023-01-26,Corporate
7601,Customer 7601,customer7601@email.com,Canada,Glasgow,2023-10-22,SMB
7602,Customer 7602,customer7602@email.com,Australia,Leeds,2022-08-24,Consumer
7603,Customer 7603,customer7603@email.com,Australia,Manchester,2021-10-09,Corporate
7604,Customer 7604,customer7604@email.com,USA,Glasgow,2022-10-13,Corporate
7605,Customer 7605,customer7605@email.com,Canada,Manchester,2022-08-22,SMB
7606,Customer 7606,customer7606@email.com,Australia,London,2023-09-06,Consumer
7607,Customer 7607,customer7607@email.com,Canada,Glasgow,2024-02-17,Consumer
7608,Customer 7608,customer7608@email.com,Germany,Leeds,2023-10-09,Corporate
7609,Customer 7609,customer7609@email.com,USA,Birmingham,2023-06-19,SMB
7610,Customer 7610,customer7610@email.com,Australia,Glasgow,2024-01-09,Corporate
7611,Customer 7611,customer7611@email.com,Germany,Glasgow,2023-06-13,Corporate
7612,Customer 7612,customer7612@email.com,UK,Glasgow,2023-08-15,SMB
7613,Customer 7613,customer7613@email.com,UK,Glasgow,2021-08-07,Consumer
7614,Customer 7614,customer7614@email.com,USA,Leeds,2022-12-28,Corporate
7615,Customer 7615,customer7615@email.com,Australia,Leeds,2023-10-06,Corporate
7616,Customer 7616,customer7616@email.com,Australia,Birmingham,2025-01-29,SMB
7617,Customer 7617,customer7617@email.com,Australia,Leeds,2022-06-02,SMB
7618,Customer 7618,customer7618@email.com,Canada,Leeds,2023-03-23,Corporate
7619,Customer 7619,customer7619@email.com,Germany,London,2022-05-17,Consumer
7620,Customer 7620,customer7620@email.com,Australia,London,2021-02-27,SMB
7621,Customer 7621,customer7621@email.com,Germany,Manchester,2024-09-22,Corporate
7622,Customer 7622,customer7622@email.com,USA,Birmingham,2023-03-25,Consumer
7623,Customer 7623,customer7623@email.com,Australia,London,2022-09-06,SMB
7624,Customer 7624,customer7624@email.com,USA,Birmingham,2022-03-02,SMB
7625,Customer 7625,customer7625@email.com,Australia,Birmingham,2024-10-25,Corporate
7626,Customer 7626,customer7626@email.com,UK,Glasgow,2024-12-05,SMB
7627,Customer 7627,customer7627@email.com,France,Birmingham,2023-06-02,Corporate
7628,Customer 7628,customer7628@email.com,USA,Glasgow,2022-03-08,SMB
7629,Customer 7629,customer7629@email.com,Australia,Manchester,2024-05-04,Consumer
7630,Customer 7630,customer7630@email.com,France,Manchester,2024-11-01,Consumer
7631,Customer 7631,customer7631@email.com,USA,Manchester,2023-08-06,SMB
7632,Customer 7632,customer7632@email.com,Canada,Glasgow,2024-10-20,Corporate
7633,Customer 7633,customer7633@email.com,Australia,Glasgow,2023-07-24,SMB
7634,Customer 7634,customer7634@email.com,Canada,Manchester,2022-02-09,Corporate
7635,Customer 7635,customer7635@email.com,UK,Glasgow,2022-05-07,SMB
7636,Customer 7636,customer7636@email.com,Australia,Leeds,2021-03-07,Consumer
7637,Customer 7637,customer7637@email.com,UK,Leeds,2023-07-01,Corporate
7638,Customer 7638,customer7638@email.com,France,Glasgow,2022-01-26,Consumer
7639,Customer 7639,customer7639@email.com,USA,Glasgow,2021-03-24,Consumer
7640,Customer 7640,customer7640@email.com,Germany,London,2023-09-30,Consumer
7641,Customer 7641,customer7641@email.com,UK,London,2022-04-26,SMB
7642,Customer 7642,customer7642@email.com,Germany,Birmingham,2023-02-16,Corporate
7643,Customer 7643,customer7643@email.com,Germany,Birmingham,2024-06-06,Consumer
7644,Customer 7644,customer7644@email.com,USA,Birmingham,2023-02-24,Corporate
7645,Customer 7645,customer7645@email.com,France,Manchester,2024-06-02,Corporate
7646,Customer 7646,customer7646@email.com,USA,Leeds,2024-02-11,Consumer
7647,Customer 7647,customer7647@email.com,Australia,Manchester,2022-10-14,SMB
7648,Customer 7648,customer7648@email.com,UK,Glasgow,2024-04-23,Consumer
7649,Customer 7649,customer7649@email.com,Germany,London,2024-04-11,Consumer
7650,Customer 7650,customer7650@email.com,USA,Glasgow,2022-06-07,Corporate
7651,Customer 7651,customer7651@email.com,USA,Glasgow,2021-07-24,SMB
7652,Customer 7652,customer7652@email.com,USA,London,2023-01-12,Corporate
7653,Customer 7653,customer7653@email.com,UK,Glasgow,2021-11-15,SMB
7654,Customer 7654,customer7654@email.com,France,Birmingham,2024-03-28,Consumer
7655,Customer 7655,customer7655@email.com,USA,London,2021-10-05,SMB
7656,Customer 7656,customer7656@email.com,UK,Glasgow,2023-06-21,Corporate
7657,Customer 7657,customer7657@email.com,Germany,Birmingham,2021-05-28,Consumer
7658,Customer 7658,customer7658@email.com,Australia,Birmingham,2023-02-17,SMB
7659,Customer 7659,customer7659@email.com,Canada,Leeds,2024-01-12,SMB
7660,Customer 7660,customer7660@email.com,UK,Birmingham,2022-02-23,Corporate
7661,Customer 7661,customer7661@email.com,Canada,Manchester,2022-06-22,SMB
7662,Customer 7662,customer7662@email.com,USA,London,2022-01-27,Consumer
7663,Customer 7663,customer7663@email.com,USA,London,2024-03-02,SMB
7664,Customer 7664,customer7664@email.com,UK,London,2023-07-29,Corporate
7665,Customer 7665,customer7665@email.com,Canada,Glasgow,2021-08-30,SMB
7666,Customer 7666,customer7666@email.com,USA,Glasgow,2025-01-14,Consumer
7667,Customer 7667,customer7667@email.com,Germany,Manchester,2023-09-26,Consumer
7668,Customer 7668,customer7668@email.com,France,Birmingham,2024-05-08,SMB
7669,Customer 7669,customer7669@email.com,France,Glasgow,2024-02-15,SMB
7670,Customer 7670,customer7670@email.com,USA,Birmingham,2024-05-27,Consumer
7671,Customer 7671,customer7671@email.com,Canada,Birmingham,2024-08-21,Corporate
7672,Customer 7672,customer7672@email.com,Australia,Glasgow,2021-08-31,Consumer
7673,Customer 7673,customer7673@email.com,USA,Glasgow,2024-08-08,SMB
7674,Customer 7674,customer7674@email.com,Australia,Manchester,2023-09-03,SMB
7675,Customer 7675,customer7675@email.com,Australia,Leeds,2024-08-17,Corporate
7676,Customer 7676,customer7676@email.com,Canada,London,2022-11-15,Consumer
7677,Customer 7677,customer7677@email.com,Australia,Glasgow,2024-11-12,Consumer
7678,Customer 7678,customer7678@email.com,Germany,Glasgow,2022-08-11,Corporate
7679,Customer 7679,customer7679@email.com,Canada,Birmingham,2024-05-17,Consumer
7680,Customer 7680,customer7680@email.com,USA,Leeds,2024-08-30,Corporate
7681,Customer 7681,customer7681@email.com,Germany,Glasgow,2022-09-09,Consumer
7682,Customer 7682,customer7682@email.com,UK,Leeds,2021-01-26,Corporate
7683,Customer 7683,customer7683@email.com,France,London,2023-05-13,Corporate
7684,Customer 7684,customer7684@email.com,USA,Birmingham,2021-03-20,Corporate
7685,Customer 7685,customer7685@email.com,USA,Manchester,2023-10-09,SMB
7686,Customer 7686,customer7686@email.com,USA,London,2021-05-08,SMB
7687,Customer 7687,customer7687@email.com,Germany,Leeds,2022-02-17,SMB
7688,Customer 7688,customer7688@email.com,UK,Leeds,2021-05-17,Consumer
7689,Customer 7689,customer7689@email.com,Canada,London,2024-09-19,Corporate
7690,Customer 7690,customer7690@email.com,UK,Leeds,2022-07-02,Consumer
7691,Customer 7691,customer7691@email.com,Germany,Manchester,2022-01-23,Consumer
7692,Customer 7692,customer7692@email.com,USA,Manchester,2022-07-25,Corporate
7693,Customer 7693,customer7693@email.com,France,Leeds,2024-06-07,SMB
7694,Customer 7694,customer7694@email.com,USA,Leeds,2023-10-13,Consumer
7695,Customer 7695,customer7695@email.com,Canada,Manchester,2022-02-25,Consumer
7696,Customer 7696,customer7696@email.com,Australia,Leeds,2024-02-22,Consumer
7697,Customer 7697,customer7697@email.com,France,Glasgow,2024-01-17,SMB
7698,Customer 7698,customer7698@email.com,USA,Birmingham,2021-05-21,Corporate
7699,Customer 7699,customer7699@email.com,France,Glasgow,2021-02-20,Corporate
7700,Customer 7700,customer7700@email.com,Australia,Leeds,2023-09-14,Consumer
7701,Customer 7701,customer7701@email.com,UK,Leeds,2023-07-18,Corporate
7702,Customer 7702,customer7702@email.com,Germany,Birmingham,2024-11-29,SMB
7703,Customer 7703,customer7703@email.com,USA,Leeds,2024-09-22,Corporate
7704,Customer 7704,customer7704@email.com,Canada,Birmingham,2022-10-24,Consumer
7705,Customer 7705,customer7705@email.com,UK,Manchester,2022-01-01,Consumer
7706,Customer 7706,customer7706@email.com,USA,Birmingham,2023-06-27,Corporate
7707,Customer 7707,customer7707@email.com,UK,Birmingham,2023-09-25,Consumer
7708,Customer 7708,customer7708@email.com,Canada,Glasgow,2023-05-04,SMB
7709,Customer 7709,customer7709@email.com,USA,Leeds,2021-09-15,SMB
7710,Customer 7710,customer7710@email.com,Australia,Manchester,2024-11-12,SMB
7711,Customer 7711,customer7711@email.com,Australia,London,2021-02-14,SMB
7712,Customer 7712,customer7712@email.com,Canada,Birmingham,2021-09-26,Consumer
7713,Customer 7713,customer7713@email.com,France,London,2024-08-27,Consumer
7714,Customer 7714,customer7714@email.com,Canada,Leeds,2022-11-03,Corporate
7715,Customer 7715,customer7715@email.com,France,Birmingham,2023-10-16,Consumer
7716,Customer 7716,customer7716@email.com,USA,London,2024-07-25,Corporate
7717,Customer 7717,customer7717@email.com,France,Glasgow,2023-05-07,Consumer
7718,Customer 7718,customer7718@email.com,USA,London,2025-02-07,Corporate
7719,Customer 7719,customer7719@email.com,USA,Glasgow,2021-05-25,Corporate
7720,Customer 7720,customer7720@email.com,Germany,Manchester,2021-08-23,SMB
7721,Customer 7721,customer7721@email.com,USA,Leeds,2022-11-22,Corporate
7722,Customer 7722,customer7722@email.com,France,London,2022-12-21,Corporate
7723,Customer 7723,customer7723@email.com,Germany,Birmingham,2024-03-05,Corporate
7724,Customer 7724,customer7724@email.com,Germany,Leeds,2025-01-08,Corporate
7725,Customer 7725,customer7725@email.com,USA,London,2021-12-19,Corporate
7726,Customer 7726,customer7726@email.com,Canada,Birmingham,2024-11-18,SMB
7727,Customer 7727,customer7727@email.com,Canada,Birmingham,2023-09-21,Corporate
7728,Customer 7728,customer7728@email.com,Australia,Birmingham,2021-10-02,Corporate
7729,Customer 7729,customer7729@email.com,Germany,Birmingham,2024-11-08,Corporate
7730,Customer 7730,customer7730@email.com,USA,London,2023-06-29,Consumer
7731,Customer 7731,customer7731@email.com,Canada,Manchester,2024-09-08,Consumer
7732,Customer 7732,customer7732@email.com,USA,Glasgow,2024-04-21,SMB
7733,Customer 7733,customer7733@email.com,USA,Glasgow,2022-03-16,Corporate
7734,Customer 7734,customer7734@email.com,Germany,Glasgow,2023-12-23,Corporate
7735,Customer 7735,customer7735@email.com,Australia,Manchester,2023-05-22,Consumer
7736,Customer 7736,customer7736@email.com,Germany,Birmingham,2022-10-13,Corporate
7737,Customer 7737,customer7737@email.com,UK,Birmingham,2023-08-01,SMB
7738,Customer 7738,customer7738@email.com,Canada,Leeds,2021-02-03,Corporate
7739,Customer 7739,customer7739@email.com,Canada,Glasgow,2022-12-06,SMB
7740,Customer 7740,customer7740@email.com,Canada,Glasgow,2023-05-17,Consumer
7741,Customer 7741,customer7741@email.com,France,Birmingham,2023-09-12,SMB
7742,Customer 7742,customer7742@email.com,USA,Glasgow,2023-04-12,SMB
7743,Customer 7743,customer7743@email.com,Germany,Birmingham,2024-01-16,SMB
7744,Customer 7744,customer7744@email.com,Canada,Birmingham,2024-05-18,SMB
7745,Customer 7745,customer7745@email.com,UK,Birmingham,2022-04-07,SMB
7746,Customer 7746,customer7746@email.com,Canada,London,2021-03-22,SMB
7747,Customer 7747,customer7747@email.com,Australia,London,2021-11-18,SMB
7748,Customer 7748,customer7748@email.com,USA,London,2022-02-19,SMB
7749,Customer 7749,customer7749@email.com,USA,London,2023-09-19,SMB
7750,Customer 7750,customer7750@email.com,Germany,Manchester,2021-07-09,Consumer
7751,Customer 7751,customer7751@email.com,France,Leeds,2024-06-10,SMB
7752,Customer 7752,customer7752@email.com,Germany,Leeds,2022-01-27,SMB
7753,Customer 7753,customer7753@email.com,Canada,Birmingham,2024-04-07,Corporate
7754,Customer 7754,customer7754@email.com,Australia,Glasgow,2025-01-06,Corporate
7755,Customer 7755,customer7755@email.com,UK,London,2021-06-17,Corporate
7756,Customer 7756,customer7756@email.com,Germany,Leeds,2024-06-08,SMB
7757,Customer 7757,customer7757@email.com,France,Leeds,2024-03-19,Consumer
7758,Customer 7758,customer7758@email.com,Germany,London,2022-10-26,Consumer
7759,Customer 7759,customer7759@email.com,USA,Manchester,2024-11-10,Corporate
7760,Customer 7760,customer7760@email.com,Canada,Manchester,2022-01-16,Corporate
7761,Customer 7761,customer7761@email.com,Canada,Leeds,2024-07-22,SMB
7762,Customer 7762,customer7762@email.com,Canada,Manchester,2023-06-17,Consumer
7763,Customer 7763,customer7763@email.com,Canada,London,2023-05-14,Consumer
7764,Customer 7764,customer7764@email.com,Canada,Leeds,2021-03-03,Corporate
7765,Customer 7765,customer7765@email.com,Canada,London,2025-01-30,Consumer
7766,Customer 7766,customer7766@email.com,UK,Manchester,2022-06-12,Corporate
7767,Customer 7767,customer7767@email.com,France,London,2023-05-12,Corporate
7768,Customer 7768,customer7768@email.com,Canada,Manchester,2021-05-30,SMB
7769,Customer 7769,customer7769@email.com,France,Manchester,2024-03-11,Corporate
7770,Customer 7770,customer7770@email.com,Australia,London,2021-04-26,SMB
7771,Customer 7771,customer7771@email.com,Canada,Manchester,2023-04-04,Consumer
7772,Customer 7772,customer7772@email.com,Germany,Birmingham,2021-03-06,Consumer
7773,Customer 7773,customer7773@email.com,Canada,London,2024-12-23,Corporate
7774,Customer 7774,customer7774@email.com,USA,Birmingham,2021-11-06,Corporate
7775,Customer 7775,customer7775@email.com,UK,London,2022-12-07,SMB
7776,Customer 7776,customer7776@email.com,Germany,Manchester,2023-05-04,SMB
7777,Customer 7777,customer7777@email.com,Germany,Manchester,2024-12-24,Consumer
7778,Customer 7778,customer7778@email.com,USA,Leeds,2023-10-21,Consumer
7779,Customer 7779,customer7779@email.com,Canada,Leeds,2024-03-30,Corporate
7780,Customer 7780,customer7780@email.com,UK,Birmingham,2021-11-02,Corporate
7781,Customer 7781,customer7781@email.com,Germany,Manchester,2024-10-16,SMB
7782,Customer 7782,customer7782@email.com,UK,Leeds,2024-07-25,Corporate
7783,Customer 7783,customer7783@email.com,Germany,Manchester,2024-08-12,SMB
7784,Customer 7784,customer7784@email.com,Canada,London,2023-05-23,Consumer
7785,Customer 7785,customer7785@email.com,Australia,Leeds,2021-06-18,Consumer
7786,Customer 7786,customer7786@email.com,Germany,Birmingham,2025-01-22,Corporate
7787,Customer 7787,customer7787@email.com,Australia,Leeds,2023-10-28,SMB
7788,Customer 7788,customer7788@email.com,Germany,Manchester,2024-03-01,Corporate
7789,Customer 7789,customer7789@email.com,France,Glasgow,2022-08-11,Corporate
7790,Customer 7790,customer7790@email.com,Canada,Glasgow,2023-02-01,SMB
7791,Customer 7791,customer7791@email.com,USA,Manchester,2021-12-13,Corporate
7792,Customer 7792,customer7792@email.com,Australia,London,2023-08-13,SMB
7793,Customer 7793,customer7793@email.com,USA,Leeds,2023-01-05,SMB
7794,Customer 7794,customer7794@email.com,Canada,Glasgow,2024-06-30,Corporate
7795,Customer 7795,customer7795@email.com,USA,London,2022-02-14,SMB
7796,Customer 7796,customer7796@email.com,Canada,Manchester,2022-06-27,Consumer
7797,Customer 7797,customer7797@email.com,USA,London,2021-12-21,Consumer
7798,Customer 7798,customer7798@email.com,Australia,Manchester,2022-12-14,Consumer
7799,Customer 7799,customer7799@email.com,France,Leeds,2024-10-23,Consumer
7800,Customer 7800,customer7800@email.com,USA,London,2022-08-07,Corporate
7801,Customer 7801,customer7801@email.com,Australia,Leeds,2022-05-26,Consumer
7802,Customer 7802,customer7802@email.com,Germany,London,2022-06-17,Consumer
7803,Customer 7803,customer7803@email.com,Canada,Manchester,2022-06-12,Consumer
7804,Customer 7804,customer7804@email.com,UK,Manchester,2023-08-05,Consumer
7805,Customer 7805,customer7805@email.com,UK,London,2024-11-26,Corporate
7806,Customer 7806,customer7806@email.com,Canada,Manchester,2024-04-13,Consumer
7807,Customer 7807,customer7807@email.com,France,Birmingham,2023-04-04,SMB
7808,Customer 7808,customer7808@email.com,USA,Birmingham,2021-03-19,SMB
7809,Customer 7809,customer7809@email.com,France,Leeds,2022-03-16,Corporate
7810,Customer 7810,customer7810@email.com,UK,Birmingham,2022-07-03,Corporate
7811,Customer 7811,customer7811@email.com,Australia,Birmingham,2024-06-09,Corporate
7812,Customer 7812,customer7812@email.com,Canada,Glasgow,2022-02-04,Consumer
7813,Customer 7813,customer7813@email.com,Canada,Glasgow,2024-05-21,Corporate
7814,Customer 7814,customer7814@email.com,France,Glasgow,2024-05-01,Consumer
7815,Customer 7815,customer7815@email.com,Australia,Glasgow,2022-12-02,Corporate
7816,Customer 7816,customer7816@email.com,France,Manchester,2024-07-14,SMB
7817,Customer 7817,customer7817@email.com,USA,Leeds,2021-05-06,SMB
7818,Customer 7818,customer7818@email.com,Germany,Leeds,2023-04-14,Consumer
7819,Customer 7819,customer7819@email.com,Australia,Birmingham,2024-11-06,Corporate
7820,Customer 7820,customer7820@email.com,Germany,Leeds,2022-06-28,SMB
7821,Customer 7821,customer7821@email.com,USA,Birmingham,2022-05-17,Consumer
7822,Customer 7822,customer7822@email.com,Germany,Leeds,2024-11-27,SMB
7823,Customer 7823,customer7823@email.com,UK,London,2023-04-04,Corporate
7824,Customer 7824,customer7824@email.com,Germany,London,2024-07-08,Consumer
7825,Customer 7825,customer7825@email.com,USA,Leeds,2022-01-22,SMB
7826,Customer 7826,customer7826@email.com,Germany,Manchester,2022-02-16,Corporate
7827,Customer 7827,customer7827@email.com,Canada,Birmingham,2024-10-01,Consumer
7828,Customer 7828,customer7828@email.com,France,Leeds,2024-01-23,SMB
7829,Customer 7829,customer7829@email.com,UK,Birmingham,2021-11-24,SMB
7830,Customer 7830,customer7830@email.com,Canada,Glasgow,2021-04-10,Consumer
7831,Customer 7831,customer7831@email.com,Canada,Leeds,2022-04-06,Corporate
7832,Customer 7832,customer7832@email.com,USA,Manchester,2024-08-31,Consumer
7833,Customer 7833,customer7833@email.com,France,Glasgow,2021-01-25,SMB
7834,Customer 7834,customer7834@email.com,France,Leeds,2022-05-09,SMB
7835,Customer 7835,customer7835@email.com,Australia,London,2021-12-19,SMB
7836,Customer 7836,customer7836@email.com,UK,Leeds,2023-05-19,Corporate
7837,Customer 7837,customer7837@email.com,USA,London,2024-02-15,SMB
7838,Customer 7838,customer7838@email.com,UK,London,2021-07-18,SMB
7839,Customer 7839,customer7839@email.com,Australia,Leeds,2024-07-26,Consumer
7840,Customer 7840,customer7840@email.com,Germany,Leeds,2023-04-27,SMB
7841,Customer 7841,customer7841@email.com,Canada,London,2024-01-08,Consumer
7842,Customer 7842,customer7842@email.com,UK,Birmingham,2024-12-18,SMB
7843,Customer 7843,customer7843@email.com,Canada,Glasgow,2024-10-09,Consumer
7844,Customer 7844,customer7844@email.com,USA,Manchester,2022-06-10,Consumer
7845,Customer 7845,customer7845@email.com,Germany,Leeds,2022-06-25,Consumer
7846,Customer 7846,customer7846@email.com,USA,Glasgow,2022-04-22,Consumer
7847,Customer 7847,customer7847@email.com,Germany,Glasgow,2021-01-10,Corporate
7848,Customer 7848,customer7848@email.com,Germany,Birmingham,2024-07-07,SMB
7849,Customer 7849,customer7849@email.com,Canada,Glasgow,2022-06-08,Corporate
7850,Customer 7850,customer7850@email.com,USA,Leeds,2023-03-21,SMB
7851,Customer 7851,customer7851@email.com,USA,Glasgow,2023-02-11,Consumer
7852,Customer 7852,customer7852@email.com,UK,Leeds,2023-05-10,SMB
7853,Customer 7853,customer7853@email.com,USA,Leeds,2023-10-27,Consumer
7854,Customer 7854,customer7854@email.com,UK,London,2023-11-25,SMB
7855,Customer 7855,customer7855@email.com,France,Birmingham,2021-06-24,Consumer
7856,Customer 7856,customer7856@email.com,France,Manchester,2022-03-18,SMB
7857,Customer 7857,customer7857@email.com,France,London,2024-03-16,SMB
7858,Customer 7858,customer7858@email.com,Australia,Manchester,2024-05-01,SMB
7859,Customer 7859,customer7859@email.com,USA,Leeds,2023-11-03,Consumer
7860,Customer 7860,customer7860@email.com,Australia,London,2021-09-03,SMB
7861,Customer 7861,customer7861@email.com,USA,Glasgow,2022-11-06,Consumer
7862,Customer 7862,customer7862@email.com,UK,Glasgow,2021-04-24,Corporate
7863,Customer 7863,customer7863@email.com,Australia,Manchester,2023-10-09,SMB
7864,Customer 7864,customer7864@email.com,Australia,Leeds,2023-03-05,Consumer
7865,Customer 7865,customer7865@email.com,Australia,Manchester,2021-08-21,Consumer
7866,Customer 7866,customer7866@email.com,Germany,Birmingham,2023-09-07,Consumer
7867,Customer 7867,customer7867@email.com,UK,Glasgow,2024-09-07,Corporate
7868,Customer 7868,customer7868@email.com,France,London,2021-05-06,Consumer
7869,Customer 7869,customer7869@email.com,UK,London,2024-08-29,Corporate
7870,Customer 7870,customer7870@email.com,Germany,London,2022-05-26,Corporate
7871,Customer 7871,customer7871@email.com,USA,Glasgow,2021-10-08,Consumer
7872,Customer 7872,customer7872@email.com,UK,Leeds,2023-03-09,SMB
7873,Customer 7873,customer7873@email.com,Australia,Glasgow,2023-09-05,Corporate
7874,Customer 7874,customer7874@email.com,France,Glasgow,2023-06-22,Consumer
7875,Customer 7875,customer7875@email.com,France,London,2024-07-30,Corporate
7876,Customer 7876,customer7876@email.com,USA,Glasgow,2022-10-13,Consumer
7877,Customer 7877,customer7877@email.com,UK,London,2022-01-27,Consumer
7878,Customer 7878,customer7878@email.com,Germany,Leeds,2022-01-17,Corporate
7879,Customer 7879,customer7879@email.com,USA,Birmingham,2021-08-04,Consumer
7880,Customer 7880,customer7880@email.com,UK,London,2022-06-26,Corporate
7881,Customer 7881,customer7881@email.com,Canada,Manchester,2022-08-29,Consumer
7882,Customer 7882,customer7882@email.com,France,Birmingham,2021-04-26,SMB
7883,Customer 7883,customer7883@email.com,Germany,Leeds,2022-05-24,SMB
7884,Customer 7884,customer7884@email.com,Australia,Birmingham,2021-09-28,Corporate
7885,Customer 7885,customer7885@email.com,Germany,London,2025-01-03,Corporate
7886,Customer 7886,customer7886@email.com,Australia,Leeds,2024-08-07,Corporate
7887,Customer 7887,customer7887@email.com,Germany,Manchester,2023-11-29,Corporate
7888,Customer 7888,customer7888@email.com,France,London,2023-11-14,SMB
7889,Customer 7889,customer7889@email.com,Australia,London,2023-02-15,Corporate
7890,Customer 7890,customer7890@email.com,UK,Leeds,2023-12-03,Consumer
7891,Customer 7891,customer7891@email.com,Australia,Leeds,2024-04-08,Consumer
7892,Customer 7892,customer7892@email.com,USA,Birmingham,2021-12-06,Corporate
7893,Customer 7893,customer7893@email.com,UK,Manchester,2021-06-18,Consumer
7894,Customer 7894,customer7894@email.com,USA,Birmingham,2025-02-04,Corporate
7895,Customer 7895,customer7895@email.com,Germany,Birmingham,2022-10-24,Consumer
7896,Customer 7896,customer7896@email.com,UK,London,2021-05-23,Consumer
7897,Customer 7897,customer7897@email.com,Germany,Leeds,2024-01-30,Corporate
7898,Customer 7898,customer7898@email.com,Canada,London,2022-07-29,Corporate
7899,Customer 7899,customer7899@email.com,Germany,Manchester,2022-04-20,SMB
7900,Customer 7900,customer7900@email.com,Germany,Birmingham,2021-11-07,Corporate
7901,Customer 7901,customer7901@email.com,USA,Manchester,2023-12-20,SMB
7902,Customer 7902,customer7902@email.com,Australia,Leeds,2023-11-19,Corporate
7903,Customer 7903,customer7903@email.com,Canada,Leeds,2022-06-15,Consumer
7904,Customer 7904,customer7904@email.com,Germany,Glasgow,2023-09-18,SMB
7905,Customer 7905,customer7905@email.com,Germany,Manchester,2021-03-14,Consumer
7906,Customer 7906,customer7906@email.com,Canada,London,2024-11-18,Corporate
7907,Customer 7907,customer7907@email.com,Canada,Manchester,2023-05-19,Corporate
7908,Customer 7908,customer7908@email.com,UK,Birmingham,2022-01-29,Corporate
7909,Customer 7909,customer7909@email.com,USA,Leeds,2022-04-26,Corporate
7910,Customer 7910,customer7910@email.com,Canada,Leeds,2022-04-18,SMB
7911,Customer 7911,customer7911@email.com,Canada,Manchester,2021-11-09,SMB
7912,Customer 7912,customer7912@email.com,France,Manchester,2025-01-01,Corporate
7913,Customer 7913,customer7913@email.com,Australia,Manchester,2023-08-10,Consumer
7914,Customer 7914,customer7914@email.com,Canada,Birmingham,2021-11-20,SMB
7915,Customer 7915,customer7915@email.com,USA,Birmingham,2023-10-10,Consumer
7916,Customer 7916,customer7916@email.com,Australia,London,2023-08-23,Corporate
7917,Customer 7917,customer7917@email.com,Australia,Manchester,2021-03-28,SMB
7918,Customer 7918,customer7918@email.com,Germany,London,2021-12-25,SMB
7919,Customer 7919,customer7919@email.com,Germany,Glasgow,2022-11-26,SMB
7920,Customer 7920,customer7920@email.com,Germany,Birmingham,2021-07-16,Consumer
7921,Customer 7921,customer7921@email.com,Germany,Leeds,2023-01-26,Corporate
7922,Customer 7922,customer7922@email.com,France,Glasgow,2023-09-04,Corporate
7923,Customer 7923,customer7923@email.com,Canada,Leeds,2024-11-09,SMB
7924,Customer 7924,customer7924@email.com,Germany,Glasgow,2024-02-16,SMB
7925,Customer 7925,customer7925@email.com,UK,London,2022-05-13,Corporate
7926,Customer 7926,customer7926@email.com,Germany,London,2023-06-27,Consumer
7927,Customer 7927,customer7927@email.com,Canada,Birmingham,2023-07-20,SMB
7928,Customer 7928,customer7928@email.com,Germany,Leeds,2022-04-07,Consumer
7929,Customer 7929,customer7929@email.com,France,Glasgow,2023-08-28,Consumer
7930,Customer 7930,customer7930@email.com,USA,Manchester,2024-06-24,Corporate
7931,Customer 7931,customer7931@email.com,USA,Manchester,2021-08-22,Corporate
7932,Customer 7932,customer7932@email.com,Canada,Birmingham,2022-02-21,Consumer
7933,Customer 7933,customer7933@email.com,USA,Leeds,2025-01-30,Consumer
7934,Customer 7934,customer7934@email.com,USA,Manchester,2024-10-20,Corporate
7935,Customer 7935,customer7935@email.com,UK,Birmingham,2021-06-02,SMB
7936,Customer 7936,customer7936@email.com,Canada,Birmingham,2021-09-29,Consumer
7937,Customer 7937,customer7937@email.com,Canada,Leeds,2022-01-27,SMB
7938,Customer 7938,customer7938@email.com,USA,Manchester,2022-07-01,Consumer
7939,Customer 7939,customer7939@email.com,USA,Manchester,2022-12-26,Corporate
7940,Customer 7940,customer7940@email.com,USA,Manchester,2024-12-24,SMB
7941,Customer 7941,customer7941@email.com,Australia,London,2021-07-08,Corporate
7942,Customer 7942,customer7942@email.com,France,Manchester,2023-03-23,Consumer
7943,Customer 7943,customer7943@email.com,Germany,Glasgow,2024-06-29,Corporate
7944,Customer 7944,customer7944@email.com,France,London,2022-01-30,SMB
7945,Customer 7945,customer7945@email.com,Canada,London,2022-10-24,Corporate
7946,Customer 7946,customer7946@email.com,UK,London,2023-05-03,SMB
7947,Customer 7947,customer7947@email.com,Germany,London,2024-05-27,Corporate
7948,Customer 7948,customer7948@email.com,UK,Birmingham,2022-08-17,Corporate
7949,Customer 7949,customer7949@email.com,Australia,Glasgow,2021-07-09,SMB
7950,Customer 7950,customer7950@email.com,Canada,Leeds,2021-08-22,SMB
7951,Customer 7951,customer7951@email.com,Australia,Manchester,2021-08-20,SMB
7952,Customer 7952,customer7952@email.com,Canada,London,2021-12-24,Consumer
7953,Customer 7953,customer7953@email.com,UK,Leeds,2022-04-23,Corporate
7954,Customer 7954,customer7954@email.com,UK,Birmingham,2024-12-23,SMB
7955,Customer 7955,customer7955@email.com,UK,Leeds,2021-08-25,Consumer
7956,Customer 7956,customer7956@email.com,Canada,London,2023-11-23,Consumer
7957,Customer 7957,customer7957@email.com,USA,Glasgow,2021-08-01,SMB
7958,Customer 7958,customer7958@email.com,UK,Leeds,2022-01-14,SMB
7959,Customer 7959,customer7959@email.com,Australia,London,2023-10-23,SMB
7960,Customer 7960,customer7960@email.com,Germany,London,2023-06-28,Consumer
7961,Customer 7961,customer7961@email.com,Canada,Manchester,2022-03-26,Consumer
7962,Customer 7962,customer7962@email.com,Australia,Manchester,2022-07-23,Corporate
7963,Customer 7963,customer7963@email.com,France,Glasgow,2024-12-21,Consumer
7964,Customer 7964,customer7964@email.com,France,Manchester,2023-03-24,SMB
7965,Customer 7965,customer7965@email.com,Germany,Glasgow,2021-10-06,Corporate
7966,Customer 7966,customer7966@email.com,USA,Birmingham,2021-08-02,Corporate
7967,Customer 7967,customer7967@email.com,UK,Birmingham,2024-08-01,Corporate
7968,Customer 7968,customer7968@email.com,Canada,Manchester,2022-12-19,Corporate
7969,Customer 7969,customer7969@email.com,Australia,Birmingham,2023-08-28,SMB
7970,Customer 7970,customer7970@email.com,UK,Leeds,2024-07-21,Corporate
7971,Customer 7971,customer7971@email.com,Australia,Leeds,2023-11-01,SMB
7972,Customer 7972,customer7972@email.com,Canada,Leeds,2023-05-21,Consumer
7973,Customer 7973,customer7973@email.com,France,Birmingham,2023-12-07,SMB
7974,Customer 7974,customer7974@email.com,UK,Leeds,2022-03-14,Corporate
7975,Customer 7975,customer7975@email.com,Germany,Glasgow,2022-11-02,Consumer
7976,Customer 7976,customer7976@email.com,USA,London,2023-06-23,Consumer
7977,Customer 7977,customer7977@email.com,Germany,Manchester,2024-12-21,Consumer
7978,Customer 7978,customer7978@email.com,USA,Glasgow,2024-12-26,Corporate
7979,Customer 7979,customer7979@email.com,Australia,Leeds,2024-02-28,SMB
7980,Customer 7980,customer7980@email.com,UK,London,2023-11-12,SMB
7981,Customer 7981,customer7981@email.com,UK,Manchester,2023-06-11,Corporate
7982,Customer 7982,customer7982@email.com,USA,Glasgow,2022-01-24,Corporate
7983,Customer 7983,customer7983@email.com,France,Manchester,2021-05-15,Consumer
7984,Customer 7984,customer7984@email.com,Canada,Birmingham,2022-06-16,SMB
7985,Customer 7985,customer7985@email.com,Germany,Leeds,2021-08-08,Corporate
7986,Customer 7986,customer7986@email.com,Australia,Glasgow,2021-11-29,Corporate
7987,Customer 7987,customer7987@email.com,Germany,Glasgow,2024-02-28,SMB
7988,Customer 7988,customer7988@email.com,Germany,London,2023-11-22,Consumer
7989,Customer 7989,customer7989@email.com,Australia,London,2024-12-19,Consumer
7990,Customer 7990,customer7990@email.com,Australia,London,2024-08-14,Consumer
7991,Customer 7991,customer7991@email.com,UK,Manchester,2021-12-23,SMB
7992,Customer 7992,customer7992@email.com,Germany,Leeds,2025-01-18,Corporate
7993,Customer 7993,customer7993@email.com,Canada,Manchester,2022-02-05,Corporate
7994,Customer 7994,customer7994@email.com,Canada,Leeds,2023-06-15,Corporate
7995,Customer 7995,customer7995@email.com,USA,Glasgow,2023-09-17,Corporate
7996,Customer 7996,customer7996@email.com,Australia,Manchester,2022-12-10,SMB
7997,Customer 7997,customer7997@email.com,UK,Manchester,2025-01-18,Consumer
7998,Customer 7998,customer7998@email.com,Canada,Manchester,2023-11-24,Consumer
7999,Customer 7999,customer7999@email.com,France,Birmingham,2021-09-05,Consumer
8000,Customer 8000,customer8000@email.com,UK,Leeds,2023-08-04,Consumer
8001,Customer 8001,customer8001@email.com,UK,Leeds,2021-02-11,Corporate
8002,Customer 8002,customer8002@email.com,Canada,Manchester,2023-03-12,Corporate
8003,Customer 8003,customer8003@email.com,France,Birmingham,2021-05-03,SMB
8004,Customer 8004,customer8004@email.com,USA,Manchester,2021-01-27,Consumer
8005,Customer 8005,customer8005@email.com,Canada,Leeds,2025-01-25,Corporate
8006,Customer 8006,customer8006@email.com,France,Glasgow,2022-07-25,Corporate
8007,Customer 8007,customer8007@email.com,UK,Birmingham,2024-03-16,Corporate
8008,Customer 8008,customer8008@email.com,France,Birmingham,2022-05-11,Consumer
8009,Customer 8009,customer8009@email.com,UK,Manchester,2022-05-01,Corporate
8010,Customer 8010,customer8010@email.com,Canada,Glasgow,2025-01-23,Consumer
8011,Customer 8011,customer8011@email.com,Australia,Leeds,2023-06-18,Consumer
8012,Customer 8012,customer8012@email.com,Canada,London,2022-12-12,SMB
8013,Customer 8013,customer8013@email.com,Germany,Leeds,2024-02-26,SMB
8014,Customer 8014,customer8014@email.com,Germany,Leeds,2022-01-11,Consumer
8015,Customer 8015,customer8015@email.com,Germany,Glasgow,2022-10-27,Consumer
8016,Customer 8016,customer8016@email.com,Canada,Birmingham,2023-02-22,Consumer
8017,Customer 8017,customer8017@email.com,USA,Leeds,2023-05-01,Corporate
8018,Customer 8018,customer8018@email.com,Canada,Birmingham,2024-01-12,Corporate
8019,Customer 8019,customer8019@email.com,Australia,Glasgow,2022-11-05,Corporate
8020,Customer 8020,customer8020@email.com,France,Glasgow,2024-02-01,SMB
8021,Customer 8021,customer8021@email.com,Canada,Manchester,2021-12-28,Consumer
8022,Customer 8022,customer8022@email.com,Canada,London,2022-11-15,Corporate
8023,Customer 8023,customer8023@email.com,UK,Glasgow,2024-07-03,Corporate
8024,Customer 8024,customer8024@email.com,UK,Glasgow,2021-09-04,SMB
8025,Customer 8025,customer8025@email.com,UK,Birmingham,2024-04-30,SMB
8026,Customer 8026,customer8026@email.com,Canada,Glasgow,2022-06-19,Consumer
8027,Customer 8027,customer8027@email.com,USA,Leeds,2021-11-10,Consumer
8028,Customer 8028,customer8028@email.com,France,Manchester,2024-07-23,Corporate
8029,Customer 8029,customer8029@email.com,France,Manchester,2024-10-28,Corporate
8030,Customer 8030,customer8030@email.com,Australia,Leeds,2022-03-20,Corporate
8031,Customer 8031,customer8031@email.com,USA,Glasgow,2023-05-19,Corporate
8032,Customer 8032,customer8032@email.com,USA,London,2024-05-03,Corporate
8033,Customer 8033,customer8033@email.com,France,Glasgow,2024-07-05,SMB
8034,Customer 8034,customer8034@email.com,Germany,Manchester,2022-08-05,Consumer
8035,Customer 8035,customer8035@email.com,UK,London,2023-05-21,SMB
8036,Customer 8036,customer8036@email.com,UK,Birmingham,2024-10-15,Consumer
8037,Customer 8037,customer8037@email.com,France,Birmingham,2022-07-02,Consumer
8038,Customer 8038,customer8038@email.com,USA,Glasgow,2024-02-06,Consumer
8039,Customer 8039,customer8039@email.com,Australia,Glasgow,2023-11-14,SMB
8040,Customer 8040,customer8040@email.com,Germany,London,2022-04-10,Corporate
8041,Customer 8041,customer8041@email.com,France,London,2023-11-12,Consumer
8042,Customer 8042,customer8042@email.com,UK,Glasgow,2022-05-17,Consumer
8043,Customer 8043,customer8043@email.com,Canada,Manchester,2023-05-01,SMB
8044,Customer 8044,customer8044@email.com,USA,Birmingham,2022-12-17,SMB
8045,Customer 8045,customer8045@email.com,Canada,London,2023-06-11,Corporate
8046,Customer 8046,customer8046@email.com,Australia,Manchester,2022-05-16,Corporate
8047,Customer 8047,customer8047@email.com,France,Glasgow,2023-01-05,Consumer
8048,Customer 8048,customer8048@email.com,UK,Leeds,2022-08-16,SMB
8049,Customer 8049,customer8049@email.com,Germany,London,2022-02-11,Corporate
8050,Customer 8050,customer8050@email.com,Canada,Leeds,2024-09-15,Corporate
8051,Customer 8051,customer8051@email.com,Germany,Manchester,2022-12-04,Corporate
8052,Customer 8052,customer8052@email.com,Australia,Birmingham,2021-10-13,SMB
8053,Customer 8053,customer8053@email.com,UK,Manchester,2021-05-27,SMB
8054,Customer 8054,customer8054@email.com,Canada,Birmingham,2023-03-05,SMB
8055,Customer 8055,customer8055@email.com,Australia,Manchester,2022-01-19,SMB
8056,Customer 8056,customer8056@email.com,Germany,London,2021-01-11,SMB
8057,Customer 8057,customer8057@email.com,Germany,London,2021-10-03,Consumer
8058,Customer 8058,customer8058@email.com,Canada,Leeds,2023-06-05,Consumer
8059,Customer 8059,customer8059@email.com,UK,Manchester,2023-08-22,SMB
8060,Customer 8060,customer8060@email.com,Germany,Manchester,2021-10-30,Consumer
8061,Customer 8061,customer8061@email.com,France,Leeds,2021-07-23,SMB
8062,Customer 8062,customer8062@email.com,Australia,Glasgow,2021-12-11,Consumer
8063,Customer 8063,customer8063@email.com,Canada,Manchester,2023-04-06,Consumer
8064,Customer 8064,customer8064@email.com,USA,Manchester,2024-07-13,Corporate
8065,Customer 8065,customer8065@email.com,USA,Manchester,2021-01-22,SMB
8066,Customer 8066,customer8066@email.com,UK,Glasgow,2023-04-19,Consumer
8067,Customer 8067,customer8067@email.com,France,London,2022-06-20,Consumer
8068,Customer 8068,customer8068@email.com,Germany,Leeds,2024-01-25,Corporate
8069,Customer 8069,customer8069@email.com,USA,Glasgow,2023-09-08,Consumer
8070,Customer 8070,customer8070@email.com,UK,Birmingham,2025-01-08,Corporate
8071,Customer 8071,customer8071@email.com,Australia,Birmingham,2021-09-20,Consumer
8072,Customer 8072,customer8072@email.com,France,Glasgow,2022-08-07,Corporate
8073,Customer 8073,customer8073@email.com,France,Glasgow,2023-10-10,Corporate
8074,Customer 8074,customer8074@email.com,UK,London,2022-01-18,SMB
8075,Customer 8075,customer8075@email.com,UK,Birmingham,2023-07-06,SMB
8076,Customer 8076,customer8076@email.com,Germany,Leeds,2022-01-27,Consumer
8077,Customer 8077,customer8077@email.com,UK,Manchester,2023-06-08,SMB
8078,Customer 8078,customer8078@email.com,Germany,Manchester,2022-06-24,SMB
8079,Customer 8079,customer8079@email.com,Germany,London,2024-01-21,SMB
8080,Customer 8080,customer8080@email.com,Canada,London,2022-07-20,Consumer
8081,Customer 8081,customer8081@email.com,France,Birmingham,2024-03-28,Consumer
8082,Customer 8082,customer8082@email.com,Australia,Leeds,2023-06-03,SMB
8083,Customer 8083,customer8083@email.com,France,Leeds,2021-08-16,SMB
8084,Customer 8084,customer8084@email.com,France,Glasgow,2022-04-18,Consumer
8085,Customer 8085,customer8085@email.com,Canada,London,2022-01-07,SMB
8086,Customer 8086,customer8086@email.com,Germany,Manchester,2024-10-31,Corporate
8087,Customer 8087,customer8087@email.com,Germany,Manchester,2021-02-06,Consumer
8088,Customer 8088,customer8088@email.com,UK,Birmingham,2022-11-22,Consumer
8089,Customer 8089,customer8089@email.com,Canada,Manchester,2023-04-24,Corporate
8090,Customer 8090,customer8090@email.com,UK,Leeds,2023-11-27,SMB
8091,Customer 8091,customer8091@email.com,Canada,Leeds,2021-04-11,Corporate
8092,Customer 8092,customer8092@email.com,UK,London,2024-04-28,SMB
8093,Customer 8093,customer8093@email.com,USA,Birmingham,2022-10-20,SMB
8094,Customer 8094,customer8094@email.com,France,Manchester,2021-03-31,Consumer
8095,Customer 8095,customer8095@email.com,France,London,2023-10-27,Consumer
8096,Customer 8096,customer8096@email.com,Australia,Glasgow,2023-06-24,SMB
8097,Customer 8097,customer8097@email.com,Germany,Glasgow,2024-03-08,Corporate
8098,Customer 8098,customer8098@email.com,Australia,Manchester,2021-04-05,Consumer
8099,Customer 8099,customer8099@email.com,USA,Manchester,2022-09-24,SMB
8100,Customer 8100,customer8100@email.com,Australia,Manchester,2024-11-10,Consumer
8101,Customer 8101,customer8101@email.com,France,Leeds,2021-05-03,Consumer
8102,Customer 8102,customer8102@email.com,Germany,Manchester,2024-08-01,Consumer
8103,Customer 8103,customer8103@email.com,USA,Glasgow,2022-01-01,Corporate
8104,Customer 8104,customer8104@email.com,France,Manchester,2022-11-22,Corporate
8105,Customer 8105,customer8105@email.com,UK,Birmingham,2021-11-21,SMB
8106,Customer 8106,customer8106@email.com,Canada,Glasgow,2022-02-11,Corporate
8107,Customer 8107,customer8107@email.com,USA,Birmingham,2023-09-23,SMB
8108,Customer 8108,customer8108@email.com,Germany,Glasgow,2022-06-03,SMB
8109,Customer 8109,customer8109@email.com,Australia,London,2023-06-15,Consumer
8110,Customer 8110,customer8110@email.com,Australia,Glasgow,2021-03-18,Consumer
8111,Customer 8111,customer8111@email.com,USA,Glasgow,2021-08-22,Corporate
8112,Customer 8112,customer8112@email.com,Germany,Birmingham,2023-04-10,SMB
8113,Customer 8113,customer8113@email.com,USA,Birmingham,2022-08-09,SMB
8114,Customer 8114,customer8114@email.com,Germany,Glasgow,2022-04-29,Consumer
8115,Customer 8115,customer8115@email.com,Australia,Glasgow,2025-01-27,Consumer
8116,Customer 8116,customer8116@email.com,France,Leeds,2021-09-28,Consumer
8117,Customer 8117,customer8117@email.com,UK,London,2023-07-28,Corporate
8118,Customer 8118,customer8118@email.com,France,London,2025-01-30,SMB
8119,Customer 8119,customer8119@email.com,UK,Manchester,2022-04-14,SMB
8120,Customer 8120,customer8120@email.com,Australia,Glasgow,2022-09-24,SMB
8121,Customer 8121,customer8121@email.com,France,Glasgow,2022-07-01,Consumer
8122,Customer 8122,customer8122@email.com,France,Glasgow,2022-12-20,Corporate
8123,Customer 8123,customer8123@email.com,USA,Glasgow,2023-10-05,Corporate
8124,Customer 8124,customer8124@email.com,Canada,London,2021-09-27,Consumer
8125,Customer 8125,customer8125@email.com,Australia,Birmingham,2022-08-28,Corporate
8126,Customer 8126,customer8126@email.com,Germany,Leeds,2023-08-23,Corporate
8127,Customer 8127,customer8127@email.com,Australia,Birmingham,2022-01-13,SMB
8128,Customer 8128,customer8128@email.com,Germany,Birmingham,2021-06-26,Consumer
8129,Customer 8129,customer8129@email.com,Germany,London,2021-10-01,Consumer
8130,Customer 8130,customer8130@email.com,UK,Leeds,2022-09-29,Consumer
8131,Customer 8131,customer8131@email.com,Germany,Glasgow,2021-01-27,Consumer
8132,Customer 8132,customer8132@email.com,Germany,London,2022-07-30,SMB
8133,Customer 8133,customer8133@email.com,USA,London,2021-03-01,Corporate
8134,Customer 8134,customer8134@email.com,France,Leeds,2023-01-01,Corporate
8135,Customer 8135,customer8135@email.com,Australia,Manchester,2024-05-25,SMB
8136,Customer 8136,customer8136@email.com,Australia,London,2022-10-23,Corporate
8137,Customer 8137,customer8137@email.com,Germany,Birmingham,2021-09-27,Consumer
8138,Customer 8138,customer8138@email.com,Canada,Birmingham,2024-02-14,SMB
8139,Customer 8139,customer8139@email.com,Australia,Glasgow,2021-09-02,SMB
8140,Customer 8140,customer8140@email.com,Germany,London,2022-10-22,Consumer
8141,Customer 8141,customer8141@email.com,UK,Glasgow,2021-03-26,Consumer
8142,Customer 8142,customer8142@email.com,UK,London,2023-06-26,Consumer
8143,Customer 8143,customer8143@email.com,UK,Leeds,2025-01-13,Corporate
8144,Customer 8144,customer8144@email.com,Germany,London,2022-06-20,Consumer
8145,Customer 8145,customer8145@email.com,USA,Manchester,2021-03-30,SMB
8146,Customer 8146,customer8146@email.com,Canada,Birmingham,2022-07-03,Corporate
8147,Customer 8147,customer8147@email.com,Germany,Leeds,2023-05-04,Corporate
8148,Customer 8148,customer8148@email.com,USA,Birmingham,2023-06-14,SMB
8149,Customer 8149,customer8149@email.com,USA,Glasgow,2022-05-22,Corporate
8150,Customer 8150,customer8150@email.com,Australia,Leeds,2022-02-12,Consumer
8151,Customer 8151,customer8151@email.com,Germany,Manchester,2024-07-18,Consumer
8152,Customer 8152,customer8152@email.com,Germany,Birmingham,2022-06-08,Consumer
8153,Customer 8153,customer8153@email.com,USA,London,2022-08-30,Consumer
8154,Customer 8154,customer8154@email.com,USA,London,2023-09-30,Corporate
8155,Customer 8155,customer8155@email.com,USA,London,2022-03-24,SMB
8156,Customer 8156,customer8156@email.com,Australia,Leeds,2022-06-27,Corporate
8157,Customer 8157,customer8157@email.com,Germany,Manchester,2023-08-07,SMB
8158,Customer 8158,customer8158@email.com,USA,Manchester,2021-12-16,SMB
8159,Customer 8159,customer8159@email.com,UK,Manchester,2023-05-02,Consumer
8160,Customer 8160,customer8160@email.com,Germany,Birmingham,2021-11-24,Corporate
8161,Customer 8161,customer8161@email.com,Australia,Leeds,2024-08-02,Consumer
8162,Customer 8162,customer8162@email.com,UK,London,2023-11-25,Corporate
8163,Customer 8163,customer8163@email.com,France,Birmingham,2022-09-15,Corporate
8164,Customer 8164,customer8164@email.com,Germany,Manchester,2022-05-03,Consumer
8165,Customer 8165,customer8165@email.com,France,London,2022-05-02,Corporate
8166,Customer 8166,customer8166@email.com,USA,Leeds,2021-05-25,Consumer
8167,Customer 8167,customer8167@email.com,Australia,Glasgow,2023-01-26,SMB
8168,Customer 8168,customer8168@email.com,USA,Manchester,2021-05-26,Consumer
8169,Customer 8169,customer8169@email.com,Australia,Manchester,2023-10-18,Corporate
8170,Customer 8170,customer8170@email.com,Canada,Manchester,2023-04-08,Corporate
8171,Customer 8171,customer8171@email.com,USA,Manchester,2022-09-19,SMB
8172,Customer 8172,customer8172@email.com,France,London,2024-07-19,SMB
8173,Customer 8173,customer8173@email.com,Australia,Leeds,2022-06-18,SMB
8174,Customer 8174,customer8174@email.com,USA,Birmingham,2022-09-22,Consumer
8175,Customer 8175,customer8175@email.com,Germany,London,2023-05-31,Consumer
8176,Customer 8176,customer8176@email.com,Australia,Leeds,2024-01-24,Corporate
8177,Customer 8177,customer8177@email.com,Australia,Birmingham,2025-01-10,SMB
8178,Customer 8178,customer8178@email.com,USA,Manchester,2022-02-19,SMB
8179,Customer 8179,customer8179@email.com,Canada,Leeds,2021-09-14,Consumer
8180,Customer 8180,customer8180@email.com,USA,Manchester,2024-07-09,Corporate
8181,Customer 8181,customer8181@email.com,France,Leeds,2021-03-28,SMB
8182,Customer 8182,customer8182@email.com,France,Glasgow,2023-06-24,Consumer
8183,Customer 8183,customer8183@email.com,Australia,Manchester,2024-12-30,Consumer
8184,Customer 8184,customer8184@email.com,Australia,Manchester,2022-07-24,SMB
8185,Customer 8185,customer8185@email.com,USA,Manchester,2023-01-12,SMB
8186,Customer 8186,customer8186@email.com,France,London,2021-04-18,Corporate
8187,Customer 8187,customer8187@email.com,France,Birmingham,2023-11-09,SMB
8188,Customer 8188,customer8188@email.com,Canada,Manchester,2024-10-20,Consumer
8189,Customer 8189,customer8189@email.com,Germany,Manchester,2024-11-03,SMB
8190,Customer 8190,customer8190@email.com,Canada,London,2021-06-09,SMB
8191,Customer 8191,customer8191@email.com,UK,London,2021-04-10,Corporate
8192,Customer 8192,customer8192@email.com,Canada,Glasgow,2021-09-22,Consumer
8193,Customer 8193,customer8193@email.com,USA,Leeds,2023-01-20,SMB
8194,Customer 8194,customer8194@email.com,Germany,Manchester,2023-12-09,Consumer
8195,Customer 8195,customer8195@email.com,USA,Leeds,2022-11-08,Corporate
8196,Customer 8196,customer8196@email.com,UK,London,2023-03-10,Consumer
8197,Customer 8197,customer8197@email.com,Germany,London,2024-12-09,SMB
8198,Customer 8198,customer8198@email.com,Australia,Glasgow,2023-12-19,SMB
8199,Customer 8199,customer8199@email.com,France,Birmingham,2021-07-02,Corporate
8200,Customer 8200,customer8200@email.com,Canada,London,2022-10-21,Corporate
8201,Customer 8201,customer8201@email.com,USA,Manchester,2025-01-10,Corporate
8202,Customer 8202,customer8202@email.com,UK,Glasgow,2024-08-17,Consumer
8203,Customer 8203,customer8203@email.com,France,Birmingham,2022-08-31,Consumer
8204,Customer 8204,customer8204@email.com,Canada,Glasgow,2024-10-09,Consumer
8205,Customer 8205,customer8205@email.com,France,London,2024-05-21,Consumer
8206,Customer 8206,customer8206@email.com,Canada,Birmingham,2024-04-27,Corporate
8207,Customer 8207,customer8207@email.com,Australia,Leeds,2022-10-05,Consumer
8208,Customer 8208,customer8208@email.com,Germany,Birmingham,2021-12-13,Consumer
8209,Customer 8209,customer8209@email.com,France,Manchester,2023-03-23,Consumer
8210,Customer 8210,customer8210@email.com,France,Leeds,2023-03-12,Consumer
8211,Customer 8211,customer8211@email.com,France,Leeds,2024-03-06,Corporate
8212,Customer 8212,customer8212@email.com,Germany,Manchester,2023-11-20,Corporate
8213,Customer 8213,customer8213@email.com,UK,Leeds,2021-05-26,SMB
8214,Customer 8214,customer8214@email.com,Canada,London,2025-01-31,SMB
8215,Customer 8215,customer8215@email.com,Australia,Birmingham,2022-05-18,Consumer
8216,Customer 8216,customer8216@email.com,France,Birmingham,2023-03-10,Consumer
8217,Customer 8217,customer8217@email.com,Germany,Manchester,2023-08-26,Corporate
8218,Customer 8218,customer8218@email.com,UK,London,2024-04-29,SMB
8219,Customer 8219,customer8219@email.com,Canada,Leeds,2022-04-16,Consumer
8220,Customer 8220,customer8220@email.com,Germany,Birmingham,2022-11-21,SMB
8221,Customer 8221,customer8221@email.com,Australia,Birmingham,2024-09-30,SMB
8222,Customer 8222,customer8222@email.com,Australia,Birmingham,2021-01-01,SMB
8223,Customer 8223,customer8223@email.com,Canada,Birmingham,2021-04-20,Corporate
8224,Customer 8224,customer8224@email.com,France,Glasgow,2023-06-13,Consumer
8225,Customer 8225,customer8225@email.com,Australia,Manchester,2023-12-24,Consumer
8226,Customer 8226,customer8226@email.com,UK,Leeds,2023-01-26,Corporate
8227,Customer 8227,customer8227@email.com,Germany,Leeds,2021-02-22,Corporate
8228,Customer 8228,customer8228@email.com,UK,Manchester,2021-09-19,Corporate
8229,Customer 8229,customer8229@email.com,France,London,2024-08-18,SMB
8230,Customer 8230,customer8230@email.com,UK,Manchester,2023-06-05,SMB
8231,Customer 8231,customer8231@email.com,UK,Birmingham,2021-08-22,Consumer
8232,Customer 8232,customer8232@email.com,USA,Birmingham,2021-03-14,Consumer
8233,Customer 8233,customer8233@email.com,UK,Manchester,2024-10-12,SMB
8234,Customer 8234,customer8234@email.com,Canada,Manchester,2023-08-09,SMB
8235,Customer 8235,customer8235@email.com,Germany,Leeds,2022-04-29,Corporate
8236,Customer 8236,customer8236@email.com,USA,Leeds,2023-10-27,SMB
8237,Customer 8237,customer8237@email.com,Germany,Glasgow,2023-05-27,Consumer
8238,Customer 8238,customer8238@email.com,Germany,Glasgow,2023-05-09,Consumer
8239,Customer 8239,customer8239@email.com,France,Birmingham,2021-05-17,Corporate
8240,Customer 8240,customer8240@email.com,France,Glasgow,2023-02-18,Corporate
8241,Customer 8241,customer8241@email.com,USA,Glasgow,2024-11-28,Consumer
8242,Customer 8242,customer8242@email.com,Australia,London,2022-09-20,SMB
8243,Customer 8243,customer8243@email.com,France,Manchester,2022-07-09,SMB
8244,Customer 8244,customer8244@email.com,France,Leeds,2023-01-13,Consumer
8245,Customer 8245,customer8245@email.com,France,Glasgow,2022-07-24,SMB
8246,Customer 8246,customer8246@email.com,Germany,Leeds,2024-05-14,SMB
8247,Customer 8247,customer8247@email.com,USA,Glasgow,2022-02-14,Consumer
8248,Customer 8248,customer8248@email.com,Germany,Glasgow,2023-11-26,Consumer
8249,Customer 8249,customer8249@email.com,Canada,Birmingham,2021-08-18,Corporate
8250,Customer 8250,customer8250@email.com,Germany,London,2024-06-04,Consumer
8251,Customer 8251,customer8251@email.com,Canada,Manchester,2021-09-19,Corporate
8252,Customer 8252,customer8252@email.com,UK,Manchester,2024-02-29,Corporate
8253,Customer 8253,customer8253@email.com,UK,Birmingham,2023-06-11,SMB
8254,Customer 8254,customer8254@email.com,Canada,Birmingham,2022-03-24,Consumer
8255,Customer 8255,customer8255@email.com,Canada,Manchester,2021-07-05,SMB
8256,Customer 8256,customer8256@email.com,Germany,Manchester,2024-04-24,Consumer
8257,Customer 8257,customer8257@email.com,Canada,London,2024-07-21,Consumer
8258,Customer 8258,customer8258@email.com,USA,Glasgow,2021-12-18,SMB
8259,Customer 8259,customer8259@email.com,UK,London,2024-12-07,Corporate
8260,Customer 8260,customer8260@email.com,UK,Manchester,2024-03-20,Consumer
8261,Customer 8261,customer8261@email.com,Australia,Glasgow,2022-01-19,Corporate
8262,Customer 8262,customer8262@email.com,Canada,Manchester,2023-11-26,SMB
8263,Customer 8263,customer8263@email.com,France,London,2021-11-22,SMB
8264,Customer 8264,customer8264@email.com,France,London,2022-04-10,Consumer
8265,Customer 8265,customer8265@email.com,Canada,London,2022-04-11,SMB
8266,Customer 8266,customer8266@email.com,USA,Glasgow,2024-01-24,Consumer
8267,Customer 8267,customer8267@email.com,France,Leeds,2024-03-03,Consumer
8268,Customer 8268,customer8268@email.com,Australia,Leeds,2021-06-11,Consumer
8269,Customer 8269,customer8269@email.com,Canada,Manchester,2022-07-10,Consumer
8270,Customer 8270,customer8270@email.com,USA,Glasgow,2021-10-27,Consumer
8271,Customer 8271,customer8271@email.com,USA,Birmingham,2021-12-22,SMB
8272,Customer 8272,customer8272@email.com,Germany,Leeds,2024-06-17,Consumer
8273,Customer 8273,customer8273@email.com,USA,Glasgow,2022-07-18,Corporate
8274,Customer 8274,customer8274@email.com,France,Glasgow,2023-03-04,Consumer
8275,Customer 8275,customer8275@email.com,France,Leeds,2023-10-20,Consumer
8276,Customer 8276,customer8276@email.com,Canada,Glasgow,2022-08-09,Consumer
8277,Customer 8277,customer8277@email.com,Canada,Glasgow,2023-01-20,SMB
8278,Customer 8278,customer8278@email.com,USA,Leeds,2024-04-05,Corporate
8279,Customer 8279,customer8279@email.com,Australia,London,2021-05-20,Corporate
8280,Customer 8280,customer8280@email.com,UK,Manchester,2024-03-08,Corporate
8281,Customer 8281,customer8281@email.com,Germany,Birmingham,2021-08-23,SMB
8282,Customer 8282,customer8282@email.com,UK,Manchester,2023-10-24,SMB
8283,Customer 8283,customer8283@email.com,USA,London,2021-09-13,Consumer
8284,Customer 8284,customer8284@email.com,USA,London,2022-01-06,SMB
8285,Customer 8285,customer8285@email.com,UK,Glasgow,2021-10-05,Corporate
8286,Customer 8286,customer8286@email.com,Germany,Manchester,2022-05-31,Corporate
8287,Customer 8287,customer8287@email.com,UK,London,2023-06-23,SMB
8288,Customer 8288,customer8288@email.com,Canada,Manchester,2024-05-20,SMB
8289,Customer 8289,customer8289@email.com,France,London,2024-05-24,Corporate
8290,Customer 8290,customer8290@email.com,Australia,Birmingham,2021-09-27,Corporate
8291,Customer 8291,customer8291@email.com,Canada,London,2022-04-21,Corporate
8292,Customer 8292,customer8292@email.com,France,Manchester,2023-07-17,Corporate
8293,Customer 8293,customer8293@email.com,Australia,Glasgow,2021-03-05,Corporate
8294,Customer 8294,customer8294@email.com,Australia,Manchester,2022-04-05,SMB
8295,Customer 8295,customer8295@email.com,Australia,Leeds,2023-11-06,SMB
8296,Customer 8296,customer8296@email.com,USA,Manchester,2022-07-18,Consumer
8297,Customer 8297,customer8297@email.com,Australia,Birmingham,2023-11-09,Consumer
8298,Customer 8298,customer8298@email.com,Germany,Birmingham,2024-09-10,Consumer
8299,Customer 8299,customer8299@email.com,UK,Birmingham,2023-06-27,SMB
8300,Customer 8300,customer8300@email.com,Germany,London,2021-04-03,Consumer
8301,Customer 8301,customer8301@email.com,UK,Birmingham,2023-02-12,Consumer
8302,Customer 8302,customer8302@email.com,Canada,Manchester,2023-03-21,SMB
8303,Customer 8303,customer8303@email.com,Canada,Glasgow,2023-11-07,Corporate
8304,Customer 8304,customer8304@email.com,UK,Birmingham,2023-04-20,SMB
8305,Customer 8305,customer8305@email.com,Germany,Manchester,2022-05-03,SMB
8306,Customer 8306,customer8306@email.com,UK,London,2024-01-23,Corporate
8307,Customer 8307,customer8307@email.com,Australia,London,2023-10-31,Consumer
8308,Customer 8308,customer8308@email.com,USA,Glasgow,2023-01-19,SMB
8309,Customer 8309,customer8309@email.com,Canada,Glasgow,2022-06-12,SMB
8310,Customer 8310,customer8310@email.com,USA,Manchester,2024-03-13,Corporate
8311,Customer 8311,customer8311@email.com,Australia,Glasgow,2022-07-08,SMB
8312,Customer 8312,customer8312@email.com,Australia,Glasgow,2022-05-30,Consumer
8313,Customer 8313,customer8313@email.com,Canada,London,2025-02-02,Corporate
8314,Customer 8314,customer8314@email.com,Canada,Manchester,2022-01-12,SMB
8315,Customer 8315,customer8315@email.com,Australia,Glasgow,2022-04-29,Consumer
8316,Customer 8316,customer8316@email.com,France,Manchester,2022-03-28,Consumer
8317,Customer 8317,customer8317@email.com,USA,Birmingham,2023-02-26,SMB
8318,Customer 8318,customer8318@email.com,USA,London,2024-01-04,Consumer
8319,Customer 8319,customer8319@email.com,France,London,2023-11-30,Corporate
8320,Customer 8320,customer8320@email.com,Germany,London,2021-10-29,Consumer
8321,Customer 8321,customer8321@email.com,USA,Leeds,2023-12-22,Corporate
8322,Customer 8322,customer8322@email.com,UK,Manchester,2023-09-26,Corporate
8323,Customer 8323,customer8323@email.com,Australia,Birmingham,2024-06-22,Corporate
8324,Customer 8324,customer8324@email.com,Australia,Glasgow,2021-01-18,SMB
8325,Customer 8325,customer8325@email.com,France,Birmingham,2022-02-02,Consumer
8326,Customer 8326,customer8326@email.com,USA,Manchester,2023-10-04,SMB
8327,Customer 8327,customer8327@email.com,Germany,London,2022-08-17,SMB
8328,Customer 8328,customer8328@email.com,USA,Leeds,2021-07-08,Corporate
8329,Customer 8329,customer8329@email.com,Australia,Manchester,2021-04-14,SMB
8330,Customer 8330,customer8330@email.com,Canada,Manchester,2024-09-29,Consumer
8331,Customer 8331,customer8331@email.com,UK,Glasgow,2024-10-26,SMB
8332,Customer 8332,customer8332@email.com,France,Birmingham,2021-02-02,SMB
8333,Customer 8333,customer8333@email.com,Canada,Birmingham,2023-01-19,Corporate
8334,Customer 8334,customer8334@email.com,Germany,Glasgow,2022-01-09,Corporate
8335,Customer 8335,customer8335@email.com,Canada,Leeds,2024-04-16,SMB
8336,Customer 8336,customer8336@email.com,Canada,London,2023-11-02,Corporate
8337,Customer 8337,customer8337@email.com,Germany,London,2023-01-11,SMB
8338,Customer 8338,customer8338@email.com,Canada,Leeds,2023-06-09,Consumer
8339,Customer 8339,customer8339@email.com,France,Glasgow,2022-04-01,Consumer
8340,Customer 8340,customer8340@email.com,Australia,Manchester,2021-09-06,Corporate
8341,Customer 8341,customer8341@email.com,USA,Birmingham,2022-03-24,Consumer
8342,Customer 8342,customer8342@email.com,Canada,Manchester,2023-10-15,Consumer
8343,Customer 8343,customer8343@email.com,France,Birmingham,2023-09-07,SMB
8344,Customer 8344,customer8344@email.com,USA,Manchester,2023-10-25,Corporate
8345,Customer 8345,customer8345@email.com,USA,Glasgow,2024-06-13,Consumer
8346,Customer 8346,customer8346@email.com,Canada,Glasgow,2021-06-22,Corporate
8347,Customer 8347,customer8347@email.com,France,Leeds,2024-09-07,Corporate
8348,Customer 8348,customer8348@email.com,Australia,Manchester,2022-01-06,Corporate
8349,Customer 8349,customer8349@email.com,Canada,Manchester,2023-03-02,Consumer
8350,Customer 8350,customer8350@email.com,Germany,Leeds,2023-01-19,Corporate
8351,Customer 8351,customer8351@email.com,USA,Leeds,2023-02-26,Corporate
8352,Customer 8352,customer8352@email.com,Canada,Glasgow,2024-08-12,SMB
8353,Customer 8353,customer8353@email.com,USA,Glasgow,2023-04-20,SMB
8354,Customer 8354,customer8354@email.com,France,Manchester,2022-02-04,SMB
8355,Customer 8355,customer8355@email.com,UK,Glasgow,2023-12-18,SMB
8356,Customer 8356,customer8356@email.com,Canada,Glasgow,2022-07-02,Corporate
8357,Customer 8357,customer8357@email.com,Australia,Manchester,2022-02-12,SMB
8358,Customer 8358,customer8358@email.com,Canada,Leeds,2022-10-03,SMB
8359,Customer 8359,customer8359@email.com,USA,Manchester,2021-03-05,Consumer
8360,Customer 8360,customer8360@email.com,France,London,2022-07-28,SMB
8361,Customer 8361,customer8361@email.com,Germany,Manchester,2022-02-24,SMB
8362,Customer 8362,customer8362@email.com,Australia,London,2021-05-26,Consumer
8363,Customer 8363,customer8363@email.com,France,Manchester,2024-07-19,Corporate
8364,Customer 8364,customer8364@email.com,Canada,London,2021-01-17,Corporate
8365,Customer 8365,customer8365@email.com,Germany,London,2021-04-08,Consumer
8366,Customer 8366,customer8366@email.com,France,Manchester,2022-03-28,Consumer
8367,Customer 8367,customer8367@email.com,UK,Glasgow,2023-09-02,Corporate
8368,Customer 8368,customer8368@email.com,Australia,Birmingham,2023-06-17,SMB
8369,Customer 8369,customer8369@email.com,USA,Glasgow,2023-10-13,Consumer
8370,Customer 8370,customer8370@email.com,France,London,2024-06-20,Consumer
8371,Customer 8371,customer8371@email.com,France,Manchester,2022-04-24,Consumer
8372,Customer 8372,customer8372@email.com,UK,Manchester,2021-07-20,Corporate
8373,Customer 8373,customer8373@email.com,Canada,Manchester,2025-02-05,Corporate
8374,Customer 8374,customer8374@email.com,Australia,Manchester,2021-06-28,Corporate
8375,Customer 8375,customer8375@email.com,Australia,Birmingham,2022-05-23,Corporate
8376,Customer 8376,customer8376@email.com,USA,Leeds,2022-03-29,Corporate
8377,Customer 8377,customer8377@email.com,France,London,2021-09-27,SMB
8378,Customer 8378,customer8378@email.com,Germany,Birmingham,2024-06-11,SMB
8379,Customer 8379,customer8379@email.com,France,Glasgow,2022-05-01,Corporate
8380,Customer 8380,customer8380@email.com,USA,Leeds,2022-08-01,Corporate
8381,Customer 8381,customer8381@email.com,France,Leeds,2021-12-04,Corporate
8382,Customer 8382,customer8382@email.com,UK,Manchester,2023-05-11,Consumer
8383,Customer 8383,customer8383@email.com,France,Birmingham,2023-01-27,Consumer
8384,Customer 8384,customer8384@email.com,France,Glasgow,2023-01-27,Corporate
8385,Customer 8385,customer8385@email.com,Germany,Manchester,2025-01-11,Corporate
8386,Customer 8386,customer8386@email.com,UK,Manchester,2022-08-07,Consumer
8387,Customer 8387,customer8387@email.com,UK,London,2024-10-12,Consumer
8388,Customer 8388,customer8388@email.com,France,Leeds,2023-12-09,Consumer
8389,Customer 8389,customer8389@email.com,Australia,Glasgow,2021-12-12,Consumer
8390,Customer 8390,customer8390@email.com,Germany,Leeds,2022-12-03,Consumer
8391,Customer 8391,customer8391@email.com,France,Birmingham,2021-10-20,Corporate
8392,Customer 8392,customer8392@email.com,France,London,2024-03-19,Corporate
8393,Customer 8393,customer8393@email.com,USA,Manchester,2023-03-07,Consumer
8394,Customer 8394,customer8394@email.com,USA,London,2023-10-19,Corporate
8395,Customer 8395,customer8395@email.com,Australia,Manchester,2024-07-07,Consumer
8396,Customer 8396,customer8396@email.com,Germany,London,2024-09-07,Consumer
8397,Customer 8397,customer8397@email.com,Canada,Manchester,2021-03-18,Consumer
8398,Customer 8398,customer8398@email.com,USA,Leeds,2024-02-08,Corporate
8399,Customer 8399,customer8399@email.com,Canada,Leeds,2023-03-28,Corporate
8400,Customer 8400,customer8400@email.com,UK,Leeds,2023-06-15,Corporate
8401,Customer 8401,customer8401@email.com,USA,Leeds,2022-10-13,Corporate
8402,Customer 8402,customer8402@email.com,USA,London,2022-07-01,SMB
8403,Customer 8403,customer8403@email.com,Germany,Manchester,2024-12-17,Consumer
8404,Customer 8404,customer8404@email.com,Australia,Leeds,2022-01-29,Consumer
8405,Customer 8405,customer8405@email.com,Canada,London,2024-06-12,Corporate
8406,Customer 8406,customer8406@email.com,USA,Manchester,2024-09-15,Corporate
8407,Customer 8407,customer8407@email.com,USA,London,2021-11-21,SMB
8408,Customer 8408,customer8408@email.com,Germany,Leeds,2021-05-31,Consumer
8409,Customer 8409,customer8409@email.com,Germany,Birmingham,2023-05-29,Consumer
8410,Customer 8410,customer8410@email.com,Australia,London,2023-11-22,Corporate
8411,Customer 8411,customer8411@email.com,Canada,Leeds,2021-09-29,Corporate
8412,Customer 8412,customer8412@email.com,UK,Glasgow,2023-04-16,SMB
8413,Customer 8413,customer8413@email.com,Australia,Manchester,2022-01-03,Consumer
8414,Customer 8414,customer8414@email.com,UK,Leeds,2024-09-01,SMB
8415,Customer 8415,customer8415@email.com,France,Glasgow,2022-08-13,Consumer
8416,Customer 8416,customer8416@email.com,USA,London,2022-08-11,Corporate
8417,Customer 8417,customer8417@email.com,Canada,London,2022-07-26,SMB
8418,Customer 8418,customer8418@email.com,Australia,Glasgow,2024-10-23,Corporate
8419,Customer 8419,customer8419@email.com,USA,Glasgow,2021-03-21,Consumer
8420,Customer 8420,customer8420@email.com,Canada,Manchester,2024-04-10,Consumer
8421,Customer 8421,customer8421@email.com,Canada,London,2021-09-15,SMB
8422,Customer 8422,customer8422@email.com,Canada,Glasgow,2021-10-06,Corporate
8423,Customer 8423,customer8423@email.com,USA,Birmingham,2022-05-19,Consumer
8424,Customer 8424,customer8424@email.com,Australia,Birmingham,2022-07-12,Consumer
8425,Customer 8425,customer8425@email.com,Germany,Glasgow,2022-05-06,SMB
8426,Customer 8426,customer8426@email.com,USA,Manchester,2022-07-20,SMB
8427,Customer 8427,customer8427@email.com,Canada,London,2024-09-22,Corporate
8428,Customer 8428,customer8428@email.com,Australia,Birmingham,2022-06-05,SMB
8429,Customer 8429,customer8429@email.com,France,Glasgow,2021-11-22,Consumer
8430,Customer 8430,customer8430@email.com,UK,Glasgow,2024-04-10,Corporate
8431,Customer 8431,customer8431@email.com,Canada,Leeds,2021-03-25,Corporate
8432,Customer 8432,customer8432@email.com,France,Glasgow,2023-04-21,Corporate
8433,Customer 8433,customer8433@email.com,Germany,Manchester,2024-12-12,Consumer
8434,Customer 8434,customer8434@email.com,Canada,Birmingham,2024-09-24,SMB
8435,Customer 8435,customer8435@email.com,France,Leeds,2021-11-16,Corporate
8436,Customer 8436,customer8436@email.com,Canada,Birmingham,2021-10-31,Consumer
8437,Customer 8437,customer8437@email.com,USA,Birmingham,2024-07-19,SMB
8438,Customer 8438,customer8438@email.com,Australia,Manchester,2022-11-21,Corporate
8439,Customer 8439,customer8439@email.com,France,Glasgow,2024-02-12,SMB
8440,Customer 8440,customer8440@email.com,Australia,Manchester,2022-02-11,SMB
8441,Customer 8441,customer8441@email.com,USA,Glasgow,2023-11-16,SMB
8442,Customer 8442,customer8442@email.com,USA,Leeds,2024-06-14,Consumer
8443,Customer 8443,customer8443@email.com,Australia,Manchester,2024-08-26,Corporate
8444,Customer 8444,customer8444@email.com,France,Manchester,2022-11-15,Corporate
8445,Customer 8445,customer8445@email.com,Australia,London,2021-08-21,Corporate
8446,Customer 8446,customer8446@email.com,Australia,Manchester,2023-10-19,Consumer
8447,Customer 8447,customer8447@email.com,UK,London,2022-07-03,SMB
8448,Customer 8448,customer8448@email.com,France,Glasgow,2024-07-12,Consumer
8449,Customer 8449,customer8449@email.com,UK,Glasgow,2023-11-03,Corporate
8450,Customer 8450,customer8450@email.com,Canada,Glasgow,2022-05-11,SMB
8451,Customer 8451,customer8451@email.com,Australia,London,2024-09-01,Consumer
8452,Customer 8452,customer8452@email.com,Canada,Glasgow,2022-09-10,Consumer
8453,Customer 8453,customer8453@email.com,France,Birmingham,2023-04-28,Consumer
8454,Customer 8454,customer8454@email.com,Australia,Manchester,2023-10-03,Consumer
8455,Customer 8455,customer8455@email.com,Canada,London,2022-01-19,SMB
8456,Customer 8456,customer8456@email.com,Germany,Glasgow,2023-10-14,Consumer
8457,Customer 8457,customer8457@email.com,USA,Birmingham,2022-10-04,SMB
8458,Customer 8458,customer8458@email.com,Australia,Manchester,2021-11-12,Consumer
8459,Customer 8459,customer8459@email.com,USA,Manchester,2021-09-13,Corporate
8460,Customer 8460,customer8460@email.com,UK,Glasgow,2022-03-17,Consumer
8461,Customer 8461,customer8461@email.com,Canada,Birmingham,2024-02-13,Consumer
8462,Customer 8462,customer8462@email.com,UK,London,2021-10-26,Corporate
8463,Customer 8463,customer8463@email.com,Australia,Glasgow,2023-07-04,SMB
8464,Customer 8464,customer8464@email.com,USA,Manchester,2024-02-22,Consumer
8465,Customer 8465,customer8465@email.com,USA,Manchester,2021-09-13,Consumer
8466,Customer 8466,customer8466@email.com,Canada,Manchester,2022-10-13,Corporate
8467,Customer 8467,customer8467@email.com,Australia,Glasgow,2021-02-16,SMB
8468,Customer 8468,customer8468@email.com,Germany,Leeds,2023-06-22,Corporate
8469,Customer 8469,customer8469@email.com,Germany,Leeds,2022-04-08,Consumer
8470,Customer 8470,customer8470@email.com,Canada,Leeds,2024-10-05,SMB
8471,Customer 8471,customer8471@email.com,Australia,Birmingham,2024-02-21,Consumer
8472,Customer 8472,customer8472@email.com,Canada,Glasgow,2021-01-31,Corporate
8473,Customer 8473,customer8473@email.com,Australia,Manchester,2021-02-24,Consumer
8474,Customer 8474,customer8474@email.com,UK,Birmingham,2021-06-02,Corporate
8475,Customer 8475,customer8475@email.com,Canada,Leeds,2022-04-01,Corporate
8476,Customer 8476,customer8476@email.com,Australia,London,2021-10-13,SMB
8477,Customer 8477,customer8477@email.com,Germany,Birmingham,2021-02-05,Corporate
8478,Customer 8478,customer8478@email.com,Australia,Birmingham,2023-03-29,SMB
8479,Customer 8479,customer8479@email.com,Australia,Glasgow,2021-09-13,SMB
8480,Customer 8480,customer8480@email.com,Canada,Birmingham,2021-06-27,SMB
8481,Customer 8481,customer8481@email.com,UK,Glasgow,2024-07-01,SMB
8482,Customer 8482,customer8482@email.com,UK,London,2022-05-23,SMB
8483,Customer 8483,customer8483@email.com,UK,Manchester,2021-01-21,Corporate
8484,Customer 8484,customer8484@email.com,UK,Manchester,2021-03-16,Corporate
8485,Customer 8485,customer8485@email.com,France,Leeds,2022-12-20,SMB
8486,Customer 8486,customer8486@email.com,Canada,Leeds,2022-04-05,Corporate
8487,Customer 8487,customer8487@email.com,USA,London,2024-04-16,SMB
8488,Customer 8488,customer8488@email.com,Canada,Manchester,2024-11-06,Corporate
8489,Customer 8489,customer8489@email.com,France,Leeds,2023-11-27,SMB
8490,Customer 8490,customer8490@email.com,UK,Birmingham,2024-02-18,Consumer
8491,Customer 8491,customer8491@email.com,France,Glasgow,2022-09-22,Consumer
8492,Customer 8492,customer8492@email.com,Germany,Leeds,2021-01-01,SMB
8493,Customer 8493,customer8493@email.com,Germany,London,2023-07-25,Corporate
8494,Customer 8494,customer8494@email.com,Canada,Manchester,2021-11-07,SMB
8495,Customer 8495,customer8495@email.com,Canada,London,2024-05-16,Corporate
8496,Customer 8496,customer8496@email.com,USA,Glasgow,2024-03-23,SMB
8497,Customer 8497,customer8497@email.com,USA,Glasgow,2023-02-01,SMB
8498,Customer 8498,customer8498@email.com,Germany,London,2022-11-14,Corporate
8499,Customer 8499,customer8499@email.com,UK,Leeds,2021-11-11,Corporate
8500,Customer 8500,customer8500@email.com,France,Leeds,2021-11-03,SMB
8501,Customer 8501,customer8501@email.com,USA,Manchester,2022-09-11,Consumer
8502,Customer 8502,customer8502@email.com,Australia,Manchester,2024-01-26,Consumer
8503,Customer 8503,customer8503@email.com,USA,Birmingham,2021-01-07,Consumer
8504,Customer 8504,customer8504@email.com,UK,Birmingham,2023-11-02,Consumer
8505,Customer 8505,customer8505@email.com,UK,Manchester,2022-05-29,Consumer
8506,Customer 8506,customer8506@email.com,Canada,Birmingham,2021-12-15,Corporate
8507,Customer 8507,customer8507@email.com,France,London,2023-07-06,Consumer
8508,Customer 8508,customer8508@email.com,UK,Leeds,2023-10-28,Corporate
8509,Customer 8509,customer8509@email.com,USA,Birmingham,2022-05-15,Consumer
8510,Customer 8510,customer8510@email.com,USA,Birmingham,2022-04-20,Corporate
8511,Customer 8511,customer8511@email.com,Germany,London,2022-06-08,Consumer
8512,Customer 8512,customer8512@email.com,UK,Glasgow,2023-12-17,Consumer
8513,Customer 8513,customer8513@email.com,Australia,Manchester,2022-08-13,Corporate
8514,Customer 8514,customer8514@email.com,Canada,London,2021-08-21,Corporate
8515,Customer 8515,customer8515@email.com,France,Glasgow,2023-03-02,SMB
8516,Customer 8516,customer8516@email.com,Australia,London,2023-11-20,Consumer
8517,Customer 8517,customer8517@email.com,Canada,Leeds,2022-01-02,Consumer
8518,Customer 8518,customer8518@email.com,USA,London,2021-02-25,Corporate
8519,Customer 8519,customer8519@email.com,Australia,London,2021-01-10,Corporate
8520,Customer 8520,customer8520@email.com,Canada,Leeds,2021-05-27,Consumer
8521,Customer 8521,customer8521@email.com,USA,Manchester,2021-12-30,Consumer
8522,Customer 8522,customer8522@email.com,USA,Glasgow,2021-09-10,Corporate
8523,Customer 8523,customer8523@email.com,USA,Birmingham,2023-07-29,Corporate
8524,Customer 8524,customer8524@email.com,USA,Manchester,2024-06-30,Consumer
8525,Customer 8525,customer8525@email.com,USA,London,2025-01-06,Corporate
8526,Customer 8526,customer8526@email.com,Germany,Birmingham,2023-01-06,Corporate
8527,Customer 8527,customer8527@email.com,Australia,Leeds,2021-12-06,Consumer
8528,Customer 8528,customer8528@email.com,Canada,Manchester,2024-10-08,SMB
8529,Customer 8529,customer8529@email.com,Germany,Glasgow,2022-09-16,Corporate
8530,Customer 8530,customer8530@email.com,Germany,Manchester,2022-12-06,SMB
8531,Customer 8531,customer8531@email.com,UK,Manchester,2021-11-19,Corporate
8532,Customer 8532,customer8532@email.com,UK,Birmingham,2024-03-09,SMB
8533,Customer 8533,customer8533@email.com,UK,Leeds,2023-05-11,Corporate
8534,Customer 8534,customer8534@email.com,France,Leeds,2025-01-08,SMB
8535,Customer 8535,customer8535@email.com,UK,Manchester,2021-04-05,SMB
8536,Customer 8536,customer8536@email.com,Canada,Leeds,2022-07-07,Corporate
8537,Customer 8537,customer8537@email.com,Germany,Birmingham,2024-12-14,SMB
8538,Customer 8538,customer8538@email.com,Canada,Birmingham,2023-03-01,Consumer
8539,Customer 8539,customer8539@email.com,Australia,Glasgow,2024-03-19,Consumer
8540,Customer 8540,customer8540@email.com,UK,Leeds,2022-07-07,Consumer
8541,Customer 8541,customer8541@email.com,France,Glasgow,2024-10-06,SMB
8542,Customer 8542,customer8542@email.com,Australia,London,2021-04-26,Corporate
8543,Customer 8543,customer8543@email.com,France,Birmingham,2022-09-24,SMB
8544,Customer 8544,customer8544@email.com,Australia,Manchester,2024-06-14,Corporate
8545,Customer 8545,customer8545@email.com,Germany,Birmingham,2021-09-27,SMB
8546,Customer 8546,customer8546@email.com,Canada,London,2023-05-11,Corporate
8547,Customer 8547,customer8547@email.com,USA,Manchester,2021-10-18,SMB
8548,Customer 8548,customer8548@email.com,Canada,Leeds,2024-12-28,SMB
8549,Customer 8549,customer8549@email.com,UK,Leeds,2021-01-09,Consumer
8550,Customer 8550,customer8550@email.com,USA,Birmingham,2022-09-22,SMB
8551,Customer 8551,customer8551@email.com,France,Manchester,2023-05-14,Consumer
8552,Customer 8552,customer8552@email.com,Germany,Manchester,2022-04-20,Corporate
8553,Customer 8553,customer8553@email.com,Germany,Glasgow,2022-06-21,Corporate
8554,Customer 8554,customer8554@email.com,France,London,2022-11-16,Consumer
8555,Customer 8555,customer8555@email.com,UK,Leeds,2023-11-01,SMB
8556,Customer 8556,customer8556@email.com,France,Birmingham,2022-09-05,Corporate
8557,Customer 8557,customer8557@email.com,Australia,Manchester,2023-02-16,SMB
8558,Customer 8558,customer8558@email.com,UK,Leeds,2024-09-12,SMB
8559,Customer 8559,customer8559@email.com,USA,Birmingham,2022-08-18,SMB
8560,Customer 8560,customer8560@email.com,France,Leeds,2021-10-03,Corporate
8561,Customer 8561,customer8561@email.com,UK,Birmingham,2022-01-05,Corporate
8562,Customer 8562,customer8562@email.com,USA,Leeds,2021-12-11,SMB
8563,Customer 8563,customer8563@email.com,France,Glasgow,2022-01-03,Consumer
8564,Customer 8564,customer8564@email.com,Germany,London,2024-08-27,Consumer
8565,Customer 8565,customer8565@email.com,France,Leeds,2023-01-01,Consumer
8566,Customer 8566,customer8566@email.com,Canada,London,2021-01-15,SMB
8567,Customer 8567,customer8567@email.com,France,Leeds,2023-01-28,Consumer
8568,Customer 8568,customer8568@email.com,Canada,Manchester,2022-11-19,Corporate
8569,Customer 8569,customer8569@email.com,USA,Glasgow,2021-01-04,Consumer
8570,Customer 8570,customer8570@email.com,France,Glasgow,2024-10-31,Consumer
8571,Customer 8571,customer8571@email.com,USA,London,2024-10-24,SMB
8572,Customer 8572,customer8572@email.com,USA,Manchester,2025-01-28,Corporate
8573,Customer 8573,customer8573@email.com,UK,Birmingham,2022-06-17,Corporate
8574,Customer 8574,customer8574@email.com,USA,Glasgow,2023-09-13,Consumer
8575,Customer 8575,customer8575@email.com,USA,Manchester,2024-03-06,SMB
8576,Customer 8576,customer8576@email.com,France,Manchester,2023-04-14,SMB
8577,Customer 8577,customer8577@email.com,France,London,2021-12-29,Consumer
8578,Customer 8578,customer8578@email.com,Germany,Manchester,2024-05-24,Corporate
8579,Customer 8579,customer8579@email.com,UK,Manchester,2024-10-23,Corporate
8580,Customer 8580,customer8580@email.com,USA,Birmingham,2021-04-27,Corporate
8581,Customer 8581,customer8581@email.com,UK,London,2024-04-17,SMB
8582,Customer 8582,customer8582@email.com,Canada,London,2024-06-23,Consumer
8583,Customer 8583,customer8583@email.com,USA,Manchester,2021-05-08,SMB
8584,Customer 8584,customer8584@email.com,UK,Birmingham,2024-10-13,Corporate
8585,Customer 8585,customer8585@email.com,Germany,Leeds,2021-03-19,SMB
8586,Customer 8586,customer8586@email.com,Germany,Glasgow,2023-01-11,Corporate
8587,Customer 8587,customer8587@email.com,USA,London,2024-08-09,Consumer
8588,Customer 8588,customer8588@email.com,Canada,Birmingham,2023-02-13,Corporate
8589,Customer 8589,customer8589@email.com,Germany,Birmingham,2021-03-23,Consumer
8590,Customer 8590,customer8590@email.com,Germany,Manchester,2021-12-08,SMB
8591,Customer 8591,customer8591@email.com,Canada,Glasgow,2024-09-23,SMB
8592,Customer 8592,customer8592@email.com,UK,London,2023-03-30,SMB
8593,Customer 8593,customer8593@email.com,Germany,Leeds,2022-08-01,Corporate
8594,Customer 8594,customer8594@email.com,France,Manchester,2021-04-06,Consumer
8595,Customer 8595,customer8595@email.com,Australia,London,2024-03-14,SMB
8596,Customer 8596,customer8596@email.com,Australia,London,2022-07-31,SMB
8597,Customer 8597,customer8597@email.com,Germany,Birmingham,2022-06-05,Consumer
8598,Customer 8598,customer8598@email.com,UK,Glasgow,2024-11-21,Corporate
8599,Customer 8599,customer8599@email.com,UK,Leeds,2023-09-23,SMB
8600,Customer 8600,customer8600@email.com,USA,Glasgow,2021-12-23,Corporate
8601,Customer 8601,customer8601@email.com,France,Birmingham,2021-07-05,Corporate
8602,Customer 8602,customer8602@email.com,UK,Leeds,2022-06-27,Corporate
8603,Customer 8603,customer8603@email.com,Canada,Leeds,2021-05-31,SMB
8604,Customer 8604,customer8604@email.com,France,Manchester,2024-09-04,SMB
8605,Customer 8605,customer8605@email.com,Australia,Leeds,2023-12-19,Consumer
8606,Customer 8606,customer8606@email.com,France,London,2021-01-10,Consumer
8607,Customer 8607,customer8607@email.com,Canada,Glasgow,2023-05-07,Corporate
8608,Customer 8608,customer8608@email.com,Germany,Glasgow,2024-02-22,SMB
8609,Customer 8609,customer8609@email.com,Canada,Manchester,2021-12-22,Corporate
8610,Customer 8610,customer8610@email.com,Canada,Leeds,2024-10-01,Consumer
8611,Customer 8611,customer8611@email.com,Germany,Birmingham,2023-03-05,Corporate
8612,Customer 8612,customer8612@email.com,Germany,London,2021-08-25,Corporate
8613,Customer 8613,customer8613@email.com,Germany,Manchester,2021-11-29,SMB
8614,Customer 8614,customer8614@email.com,Germany,Leeds,2021-01-17,Corporate
8615,Customer 8615,customer8615@email.com,Germany,Birmingham,2024-12-18,Corporate
8616,Customer 8616,customer8616@email.com,Canada,Leeds,2021-11-20,SMB
8617,Customer 8617,customer8617@email.com,USA,Manchester,2021-01-23,SMB
8618,Customer 8618,customer8618@email.com,USA,Birmingham,2023-07-20,Consumer
8619,Customer 8619,customer8619@email.com,UK,Birmingham,2022-04-04,SMB
8620,Customer 8620,customer8620@email.com,USA,Birmingham,2025-01-23,Corporate
8621,Customer 8621,customer8621@email.com,Australia,Birmingham,2022-06-05,Consumer
8622,Customer 8622,customer8622@email.com,USA,Leeds,2022-12-20,Consumer
8623,Customer 8623,customer8623@email.com,Canada,Birmingham,2022-07-11,Consumer
8624,Customer 8624,customer8624@email.com,Germany,Leeds,2024-12-15,Consumer
8625,Customer 8625,customer8625@email.com,Germany,Birmingham,2022-02-07,Corporate
8626,Customer 8626,customer8626@email.com,Canada,Birmingham,2024-09-16,Corporate
8627,Customer 8627,customer8627@email.com,Australia,Manchester,2022-04-02,Corporate
8628,Customer 8628,customer8628@email.com,USA,Leeds,2023-11-17,Corporate
8629,Customer 8629,customer8629@email.com,Canada,Leeds,2022-02-01,Consumer
8630,Customer 8630,customer8630@email.com,UK,Glasgow,2024-04-26,Corporate
8631,Customer 8631,customer8631@email.com,Germany,Manchester,2021-05-20,Consumer
8632,Customer 8632,customer8632@email.com,France,Leeds,2022-06-05,SMB
8633,Customer 8633,customer8633@email.com,UK,Manchester,2023-01-16,Corporate
8634,Customer 8634,customer8634@email.com,Australia,Manchester,2021-04-02,SMB
8635,Customer 8635,customer8635@email.com,UK,Manchester,2021-03-18,SMB
8636,Customer 8636,customer8636@email.com,Canada,London,2023-05-02,Corporate
8637,Customer 8637,customer8637@email.com,USA,Leeds,2024-06-21,Consumer
8638,Customer 8638,customer8638@email.com,Germany,Manchester,2023-04-25,SMB
8639,Customer 8639,customer8639@email.com,Australia,London,2022-10-29,Corporate
8640,Customer 8640,customer8640@email.com,Australia,London,2023-08-17,SMB
8641,Customer 8641,customer8641@email.com,France,Birmingham,2023-09-16,SMB
8642,Customer 8642,customer8642@email.com,UK,Birmingham,2023-03-08,Corporate
8643,Customer 8643,customer8643@email.com,France,Leeds,2021-03-29,SMB
8644,Customer 8644,customer8644@email.com,USA,Birmingham,2023-07-04,Consumer
8645,Customer 8645,customer8645@email.com,USA,Leeds,2024-08-10,Consumer
8646,Customer 8646,customer8646@email.com,France,London,2021-04-05,SMB
8647,Customer 8647,customer8647@email.com,Germany,London,2024-06-30,SMB
8648,Customer 8648,customer8648@email.com,USA,Leeds,2022-07-05,Corporate
8649,Customer 8649,customer8649@email.com,France,Birmingham,2022-02-03,Consumer
8650,Customer 8650,customer8650@email.com,UK,Birmingham,2023-02-06,SMB
8651,Customer 8651,customer8651@email.com,France,Leeds,2023-12-14,Consumer
8652,Customer 8652,customer8652@email.com,France,Glasgow,2021-08-31,SMB
8653,Customer 8653,customer8653@email.com,Canada,Birmingham,2024-02-08,Corporate
8654,Customer 8654,customer8654@email.com,USA,Manchester,2022-09-16,Corporate
8655,Customer 8655,customer8655@email.com,Germany,Birmingham,2022-12-02,Consumer
8656,Customer 8656,customer8656@email.com,Germany,Glasgow,2024-05-29,Consumer
8657,Customer 8657,customer8657@email.com,Canada,London,2022-07-18,SMB
8658,Customer 8658,customer8658@email.com,Australia,London,2021-06-11,SMB
8659,Customer 8659,customer8659@email.com,Germany,London,2021-02-04,SMB
8660,Customer 8660,customer8660@email.com,France,Birmingham,2023-08-24,Consumer
8661,Customer 8661,customer8661@email.com,Canada,London,2021-02-06,Corporate
8662,Customer 8662,customer8662@email.com,UK,Glasgow,2023-04-26,Corporate
8663,Customer 8663,customer8663@email.com,USA,Glasgow,2023-04-09,Consumer
8664,Customer 8664,customer8664@email.com,USA,Birmingham,2022-09-15,Corporate
8665,Customer 8665,customer8665@email.com,USA,Manchester,2024-10-25,Consumer
8666,Customer 8666,customer8666@email.com,France,Birmingham,2024-04-15,SMB
8667,Customer 8667,customer8667@email.com,UK,London,2022-06-05,Consumer
8668,Customer 8668,customer8668@email.com,Canada,Birmingham,2024-07-22,Corporate
8669,Customer 8669,customer8669@email.com,Canada,Glasgow,2021-04-15,Consumer
8670,Customer 8670,customer8670@email.com,USA,Birmingham,2021-06-05,Consumer
8671,Customer 8671,customer8671@email.com,UK,Birmingham,2021-12-02,Consumer
8672,Customer 8672,customer8672@email.com,UK,Manchester,2023-11-16,Consumer
8673,Customer 8673,customer8673@email.com,UK,Glasgow,2021-10-23,Corporate
8674,Customer 8674,customer8674@email.com,Germany,Leeds,2024-10-10,SMB
8675,Customer 8675,customer8675@email.com,Germany,Leeds,2023-06-05,Corporate
8676,Customer 8676,customer8676@email.com,USA,Glasgow,2021-03-10,Corporate
8677,Customer 8677,customer8677@email.com,UK,Leeds,2024-09-12,SMB
8678,Customer 8678,customer8678@email.com,Australia,London,2021-05-31,Corporate
8679,Customer 8679,customer8679@email.com,UK,Leeds,2023-05-07,SMB
8680,Customer 8680,customer8680@email.com,Canada,London,2022-07-31,SMB
8681,Customer 8681,customer8681@email.com,Canada,Glasgow,2022-10-24,Consumer
8682,Customer 8682,customer8682@email.com,USA,Leeds,2024-09-05,Corporate
8683,Customer 8683,customer8683@email.com,Australia,Leeds,2023-01-27,SMB
8684,Customer 8684,customer8684@email.com,UK,London,2022-03-28,Corporate
8685,Customer 8685,customer8685@email.com,Australia,London,2022-07-24,Corporate
8686,Customer 8686,customer8686@email.com,USA,Birmingham,2024-02-10,SMB
8687,Customer 8687,customer8687@email.com,Canada,Manchester,2022-09-27,Consumer
8688,Customer 8688,customer8688@email.com,Canada,Leeds,2025-01-25,SMB
8689,Customer 8689,customer8689@email.com,Germany,Manchester,2021-12-28,Consumer
8690,Customer 8690,customer8690@email.com,USA,Manchester,2021-07-22,SMB
8691,Customer 8691,customer8691@email.com,USA,Leeds,2022-05-02,SMB
8692,Customer 8692,customer8692@email.com,UK,London,2021-01-04,Consumer
8693,Customer 8693,customer8693@email.com,UK,Birmingham,2024-02-27,Consumer
8694,Customer 8694,customer8694@email.com,Germany,Glasgow,2023-11-16,Corporate
8695,Customer 8695,customer8695@email.com,France,Leeds,2023-03-12,SMB
8696,Customer 8696,customer8696@email.com,Australia,Leeds,2023-09-04,Corporate
8697,Customer 8697,customer8697@email.com,France,Glasgow,2021-01-27,Corporate
8698,Customer 8698,customer8698@email.com,France,Manchester,2023-12-02,Consumer
8699,Customer 8699,customer8699@email.com,USA,Birmingham,2023-08-23,Consumer
8700,Customer 8700,customer8700@email.com,Australia,Manchester,2021-03-05,Corporate
8701,Customer 8701,customer8701@email.com,USA,Glasgow,2023-11-15,Consumer
8702,Customer 8702,customer8702@email.com,Australia,Glasgow,2021-03-13,SMB
8703,Customer 8703,customer8703@email.com,Canada,Birmingham,2023-06-19,Consumer
8704,Customer 8704,customer8704@email.com,USA,Glasgow,2021-09-25,Consumer
8705,Customer 8705,customer8705@email.com,USA,Glasgow,2021-04-05,SMB
8706,Customer 8706,customer8706@email.com,USA,Birmingham,2022-01-30,Consumer
8707,Customer 8707,customer8707@email.com,Germany,Leeds,2023-05-19,Corporate
8708,Customer 8708,customer8708@email.com,USA,Manchester,2021-12-30,Corporate
8709,Customer 8709,customer8709@email.com,UK,Leeds,2024-08-31,Corporate
8710,Customer 8710,customer8710@email.com,UK,Leeds,2021-04-27,Consumer
8711,Customer 8711,customer8711@email.com,Australia,Manchester,2021-06-13,Consumer
8712,Customer 8712,customer8712@email.com,Canada,Leeds,2023-05-27,Consumer
8713,Customer 8713,customer8713@email.com,Germany,Birmingham,2023-03-01,Corporate
8714,Customer 8714,customer8714@email.com,Australia,Manchester,2022-07-31,Consumer
8715,Customer 8715,customer8715@email.com,UK,London,2021-11-02,SMB
8716,Customer 8716,customer8716@email.com,Germany,Leeds,2023-02-11,Consumer
8717,Customer 8717,customer8717@email.com,Germany,Glasgow,2021-07-19,Corporate
8718,Customer 8718,customer8718@email.com,Canada,Manchester,2021-06-29,SMB
8719,Customer 8719,customer8719@email.com,Germany,London,2021-12-24,SMB
8720,Customer 8720,customer8720@email.com,USA,Glasgow,2023-01-10,Corporate
8721,Customer 8721,customer8721@email.com,Germany,London,2024-06-29,SMB
8722,Customer 8722,customer8722@email.com,Canada,Leeds,2024-08-15,SMB
8723,Customer 8723,customer8723@email.com,Australia,Glasgow,2022-03-06,SMB
8724,Customer 8724,customer8724@email.com,Canada,Leeds,2023-10-25,SMB
8725,Customer 8725,customer8725@email.com,Canada,Glasgow,2022-10-15,SMB
8726,Customer 8726,customer8726@email.com,UK,Manchester,2022-11-09,Consumer
8727,Customer 8727,customer8727@email.com,USA,Birmingham,2021-09-11,Corporate
8728,Customer 8728,customer8728@email.com,UK,Birmingham,2023-07-30,Corporate
8729,Customer 8729,customer8729@email.com,Australia,London,2024-01-25,Consumer
8730,Customer 8730,customer8730@email.com,France,Glasgow,2021-06-16,Consumer
8731,Customer 8731,customer8731@email.com,Australia,Leeds,2024-09-16,Corporate
8732,Customer 8732,customer8732@email.com,USA,Manchester,2023-08-23,Corporate
8733,Customer 8733,customer8733@email.com,Germany,Manchester,2023-05-04,Consumer
8734,Customer 8734,customer8734@email.com,Canada,Manchester,2023-12-22,Consumer
8735,Customer 8735,customer8735@email.com,France,Birmingham,2021-06-23,SMB
8736,Customer 8736,customer8736@email.com,USA,Leeds,2024-06-30,Consumer
8737,Customer 8737,customer8737@email.com,UK,Manchester,2025-01-24,Consumer
8738,Customer 8738,customer8738@email.com,Canada,Manchester,2022-09-16,SMB
8739,Customer 8739,customer8739@email.com,Australia,London,2024-05-23,SMB
8740,Customer 8740,customer8740@email.com,UK,Glasgow,2024-06-16,Corporate
8741,Customer 8741,customer8741@email.com,USA,Glasgow,2022-02-19,Corporate
8742,Customer 8742,customer8742@email.com,USA,Glasgow,2023-01-09,Consumer
8743,Customer 8743,customer8743@email.com,Australia,London,2022-11-06,SMB
8744,Customer 8744,customer8744@email.com,France,Birmingham,2021-05-06,SMB
8745,Customer 8745,customer8745@email.com,Australia,London,2023-07-30,Corporate
8746,Customer 8746,customer8746@email.com,Germany,Manchester,2021-09-10,Corporate
8747,Customer 8747,customer8747@email.com,UK,Leeds,2021-07-16,Consumer
8748,Customer 8748,customer8748@email.com,France,Manchester,2022-02-17,SMB
8749,Customer 8749,customer8749@email.com,Canada,Manchester,2025-01-19,Corporate
8750,Customer 8750,customer8750@email.com,Germany,Leeds,2023-02-15,Consumer
8751,Customer 8751,customer8751@email.com,France,Glasgow,2023-12-14,Consumer
8752,Customer 8752,customer8752@email.com,UK,London,2024-09-24,Consumer
8753,Customer 8753,customer8753@email.com,USA,Birmingham,2024-10-14,Corporate
8754,Customer 8754,customer8754@email.com,Canada,Manchester,2024-03-20,Corporate
8755,Customer 8755,customer8755@email.com,Australia,Manchester,2024-01-29,Corporate
8756,Customer 8756,customer8756@email.com,UK,Birmingham,2021-08-22,Corporate
8757,Customer 8757,customer8757@email.com,Germany,London,2023-12-22,Corporate
8758,Customer 8758,customer8758@email.com,Germany,Manchester,2021-07-15,SMB
8759,Customer 8759,customer8759@email.com,USA,Birmingham,2022-06-26,SMB
8760,Customer 8760,customer8760@email.com,USA,Manchester,2024-02-04,SMB
8761,Customer 8761,customer8761@email.com,Canada,Glasgow,2021-10-22,SMB
8762,Customer 8762,customer8762@email.com,Australia,Glasgow,2022-10-07,Consumer
8763,Customer 8763,customer8763@email.com,Canada,Manchester,2025-01-14,Consumer
8764,Customer 8764,customer8764@email.com,USA,Manchester,2021-06-05,SMB
8765,Customer 8765,customer8765@email.com,USA,Glasgow,2022-02-10,Corporate
8766,Customer 8766,customer8766@email.com,Germany,Manchester,2023-06-15,SMB
8767,Customer 8767,customer8767@email.com,USA,London,2022-12-27,SMB
8768,Customer 8768,customer8768@email.com,France,London,2023-01-08,Consumer
8769,Customer 8769,customer8769@email.com,UK,Leeds,2023-03-08,Corporate
8770,Customer 8770,customer8770@email.com,USA,London,2022-07-08,Consumer
8771,Customer 8771,customer8771@email.com,Canada,Manchester,2022-01-10,Corporate
8772,Customer 8772,customer8772@email.com,Australia,Manchester,2022-03-31,Consumer
8773,Customer 8773,customer8773@email.com,Australia,Birmingham,2021-07-21,SMB
8774,Customer 8774,customer8774@email.com,Australia,London,2025-01-15,Corporate
8775,Customer 8775,customer8775@email.com,France,Glasgow,2024-04-25,Consumer
8776,Customer 8776,customer8776@email.com,Canada,Glasgow,2023-05-04,SMB
8777,Customer 8777,customer8777@email.com,France,Leeds,2022-12-25,Consumer
8778,Customer 8778,customer8778@email.com,USA,Birmingham,2024-10-23,Consumer
8779,Customer 8779,customer8779@email.com,UK,Glasgow,2021-12-06,Consumer
8780,Customer 8780,customer8780@email.com,Australia,Leeds,2021-09-19,SMB
8781,Customer 8781,customer8781@email.com,Canada,London,2022-06-27,Corporate
8782,Customer 8782,customer8782@email.com,Australia,Birmingham,2022-07-05,Consumer
8783,Customer 8783,customer8783@email.com,France,Birmingham,2024-08-22,SMB
8784,Customer 8784,customer8784@email.com,Germany,Manchester,2022-09-30,Consumer
8785,Customer 8785,customer8785@email.com,USA,London,2021-06-14,Corporate
8786,Customer 8786,customer8786@email.com,UK,Birmingham,2023-01-28,Consumer
8787,Customer 8787,customer8787@email.com,USA,Leeds,2022-09-13,SMB
8788,Customer 8788,customer8788@email.com,Germany,Glasgow,2024-01-17,Consumer
8789,Customer 8789,customer8789@email.com,UK,London,2024-05-08,Consumer
8790,Customer 8790,customer8790@email.com,Germany,London,2024-07-18,Corporate
8791,Customer 8791,customer8791@email.com,USA,Birmingham,2021-02-20,Corporate
8792,Customer 8792,customer8792@email.com,France,Birmingham,2022-05-04,Corporate
8793,Customer 8793,customer8793@email.com,USA,Birmingham,2021-07-17,Consumer
8794,Customer 8794,customer8794@email.com,USA,Leeds,2023-11-13,SMB
8795,Customer 8795,customer8795@email.com,USA,Manchester,2022-10-27,Consumer
8796,Customer 8796,customer8796@email.com,Canada,Birmingham,2024-05-31,Consumer
8797,Customer 8797,customer8797@email.com,Germany,Manchester,2024-05-29,Consumer
8798,Customer 8798,customer8798@email.com,Germany,Manchester,2022-10-25,Consumer
8799,Customer 8799,customer8799@email.com,Australia,London,2021-09-23,Corporate
8800,Customer 8800,customer8800@email.com,Germany,Glasgow,2021-03-14,Corporate
8801,Customer 8801,customer8801@email.com,Australia,Glasgow,2021-03-18,Corporate
8802,Customer 8802,customer8802@email.com,Canada,Leeds,2022-06-28,Corporate
8803,Customer 8803,customer8803@email.com,France,Leeds,2023-05-31,SMB
8804,Customer 8804,customer8804@email.com,Australia,Glasgow,2022-03-11,Consumer
8805,Customer 8805,customer8805@email.com,USA,Glasgow,2023-12-25,Consumer
8806,Customer 8806,customer8806@email.com,France,London,2021-12-23,Consumer
8807,Customer 8807,customer8807@email.com,Canada,London,2023-07-25,SMB
8808,Customer 8808,customer8808@email.com,Germany,Glasgow,2021-01-18,SMB
8809,Customer 8809,customer8809@email.com,Australia,Birmingham,2022-11-07,Corporate
8810,Customer 8810,customer8810@email.com,USA,Birmingham,2022-07-29,Consumer
8811,Customer 8811,customer8811@email.com,UK,London,2023-01-21,Consumer
8812,Customer 8812,customer8812@email.com,UK,Manchester,2024-12-30,SMB
8813,Customer 8813,customer8813@email.com,France,Glasgow,2023-09-23,Consumer
8814,Customer 8814,customer8814@email.com,Germany,Leeds,2025-01-04,SMB
8815,Customer 8815,customer8815@email.com,UK,Birmingham,2023-10-30,Corporate
8816,Customer 8816,customer8816@email.com,France,Manchester,2025-02-02,SMB
8817,Customer 8817,customer8817@email.com,Canada,Birmingham,2022-09-24,Consumer
8818,Customer 8818,customer8818@email.com,France,Manchester,2024-10-03,SMB
8819,Customer 8819,customer8819@email.com,France,Glasgow,2022-01-07,SMB
8820,Customer 8820,customer8820@email.com,France,Glasgow,2023-08-28,Corporate
8821,Customer 8821,customer8821@email.com,USA,Glasgow,2024-04-13,Consumer
8822,Customer 8822,customer8822@email.com,France,London,2024-02-28,Consumer
8823,Customer 8823,customer8823@email.com,Australia,Manchester,2024-08-09,Corporate
8824,Customer 8824,customer8824@email.com,France,Leeds,2021-12-19,SMB
8825,Customer 8825,customer8825@email.com,USA,Leeds,2021-08-12,SMB
8826,Customer 8826,customer8826@email.com,USA,Glasgow,2023-08-12,Consumer
8827,Customer 8827,customer8827@email.com,Canada,Leeds,2022-01-03,SMB
8828,Customer 8828,customer8828@email.com,Germany,Birmingham,2024-01-19,Corporate
8829,Customer 8829,customer8829@email.com,UK,Manchester,2022-10-18,Consumer
8830,Customer 8830,customer8830@email.com,UK,Manchester,2024-01-01,SMB
8831,Customer 8831,customer8831@email.com,France,Manchester,2022-03-09,Corporate
8832,Customer 8832,customer8832@email.com,Canada,Birmingham,2024-10-03,Corporate
8833,Customer 8833,customer8833@email.com,France,London,2024-07-10,Consumer
8834,Customer 8834,customer8834@email.com,UK,Birmingham,2024-07-18,Consumer
8835,Customer 8835,customer8835@email.com,USA,Manchester,2022-05-24,SMB
8836,Customer 8836,customer8836@email.com,Germany,Manchester,2022-05-23,SMB
8837,Customer 8837,customer8837@email.com,Canada,Manchester,2022-09-09,SMB
8838,Customer 8838,customer8838@email.com,USA,Leeds,2022-02-24,Corporate
8839,Customer 8839,customer8839@email.com,Germany,London,2024-01-01,Corporate
8840,Customer 8840,customer8840@email.com,Canada,Birmingham,2021-03-15,SMB
8841,Customer 8841,customer8841@email.com,Canada,Manchester,2022-07-28,Consumer
8842,Customer 8842,customer8842@email.com,UK,Glasgow,2021-05-26,Corporate
8843,Customer 8843,customer8843@email.com,USA,London,2021-02-15,Corporate
8844,Customer 8844,customer8844@email.com,Canada,Glasgow,2024-02-03,SMB
8845,Customer 8845,customer8845@email.com,Australia,London,2024-02-07,Consumer
8846,Customer 8846,customer8846@email.com,Canada,Manchester,2024-09-02,Corporate
8847,Customer 8847,customer8847@email.com,Germany,London,2021-05-01,Consumer
8848,Customer 8848,customer8848@email.com,UK,London,2023-12-03,Corporate
8849,Customer 8849,customer8849@email.com,France,Manchester,2021-04-09,Consumer
8850,Customer 8850,customer8850@email.com,UK,Glasgow,2022-12-07,Consumer
8851,Customer 8851,customer8851@email.com,France,Glasgow,2021-11-07,Corporate
8852,Customer 8852,customer8852@email.com,USA,Leeds,2024-05-22,Consumer
8853,Customer 8853,customer8853@email.com,USA,Glasgow,2025-01-26,Corporate
8854,Customer 8854,customer8854@email.com,Canada,Glasgow,2022-02-27,Corporate
8855,Customer 8855,customer8855@email.com,Australia,London,2024-11-13,Consumer
8856,Customer 8856,customer8856@email.com,USA,Leeds,2024-02-10,Corporate
8857,Customer 8857,customer8857@email.com,Canada,Manchester,2021-09-29,Consumer
8858,Customer 8858,customer8858@email.com,UK,Manchester,2023-04-05,Corporate
8859,Customer 8859,customer8859@email.com,USA,Birmingham,2024-01-31,Consumer
8860,Customer 8860,customer8860@email.com,UK,Leeds,2021-07-29,Corporate
8861,Customer 8861,customer8861@email.com,UK,London,2023-01-09,Corporate
8862,Customer 8862,customer8862@email.com,Australia,Birmingham,2023-03-04,SMB
8863,Customer 8863,customer8863@email.com,USA,Birmingham,2023-11-12,Corporate
8864,Customer 8864,customer8864@email.com,UK,Manchester,2023-01-30,Corporate
8865,Customer 8865,customer8865@email.com,Australia,Glasgow,2021-06-08,Consumer
8866,Customer 8866,customer8866@email.com,Australia,London,2023-01-11,Consumer
8867,Customer 8867,customer8867@email.com,USA,Leeds,2021-12-09,Consumer
8868,Customer 8868,customer8868@email.com,Australia,Birmingham,2024-11-24,Consumer
8869,Customer 8869,customer8869@email.com,USA,London,2025-01-17,SMB
8870,Customer 8870,customer8870@email.com,USA,Manchester,2022-11-30,SMB
8871,Customer 8871,customer8871@email.com,France,Birmingham,2024-03-12,Consumer
8872,Customer 8872,customer8872@email.com,UK,Birmingham,2022-02-01,Consumer
8873,Customer 8873,customer8873@email.com,Germany,Manchester,2022-06-20,Consumer
8874,Customer 8874,customer8874@email.com,USA,Manchester,2021-05-21,Consumer
8875,Customer 8875,customer8875@email.com,UK,Manchester,2023-08-19,Corporate
8876,Customer 8876,customer8876@email.com,Australia,London,2021-08-28,Consumer
8877,Customer 8877,customer8877@email.com,Canada,London,2021-10-19,Corporate
8878,Customer 8878,customer8878@email.com,USA,London,2023-03-28,Consumer
8879,Customer 8879,customer8879@email.com,Australia,Glasgow,2021-03-23,SMB
8880,Customer 8880,customer8880@email.com,Australia,Birmingham,2022-07-14,SMB
8881,Customer 8881,customer8881@email.com,Australia,London,2023-05-20,Consumer
8882,Customer 8882,customer8882@email.com,Australia,Glasgow,2021-06-20,SMB
8883,Customer 8883,customer8883@email.com,Australia,Birmingham,2023-09-04,SMB
8884,Customer 8884,customer8884@email.com,USA,London,2022-08-03,SMB
8885,Customer 8885,customer8885@email.com,Germany,Manchester,2022-06-10,SMB
8886,Customer 8886,customer8886@email.com,France,Leeds,2022-06-26,Corporate
8887,Customer 8887,customer8887@email.com,Australia,London,2021-04-20,Corporate
8888,Customer 8888,customer8888@email.com,Australia,Leeds,2024-05-20,Corporate
8889,Customer 8889,customer8889@email.com,France,London,2025-01-01,Corporate
8890,Customer 8890,customer8890@email.com,USA,Manchester,2021-11-18,Consumer
8891,Customer 8891,customer8891@email.com,UK,Leeds,2023-06-19,SMB
8892,Customer 8892,customer8892@email.com,Canada,Glasgow,2022-12-15,SMB
8893,Customer 8893,customer8893@email.com,Canada,Manchester,2021-03-25,Consumer
8894,Customer 8894,customer8894@email.com,UK,Leeds,2023-08-14,Consumer
8895,Customer 8895,customer8895@email.com,USA,Leeds,2022-01-11,Corporate
8896,Customer 8896,customer8896@email.com,Canada,Manchester,2023-12-13,Corporate
8897,Customer 8897,customer8897@email.com,France,Manchester,2024-07-03,SMB
8898,Customer 8898,customer8898@email.com,UK,Manchester,2022-08-09,Consumer
8899,Customer 8899,customer8899@email.com,Germany,Birmingham,2024-05-28,SMB
8900,Customer 8900,customer8900@email.com,USA,Glasgow,2021-04-10,Consumer
8901,Customer 8901,customer8901@email.com,UK,London,2021-05-09,Corporate
8902,Customer 8902,customer8902@email.com,Canada,Leeds,2023-07-07,SMB
8903,Customer 8903,customer8903@email.com,USA,London,2021-08-07,SMB
8904,Customer 8904,customer8904@email.com,France,Manchester,2022-04-22,Consumer
8905,Customer 8905,customer8905@email.com,USA,Glasgow,2025-01-21,SMB
8906,Customer 8906,customer8906@email.com,USA,Glasgow,2021-01-22,Corporate
8907,Customer 8907,customer8907@email.com,France,Birmingham,2022-07-14,SMB
8908,Customer 8908,customer8908@email.com,Australia,Manchester,2022-09-21,Consumer
8909,Customer 8909,customer8909@email.com,France,Leeds,2023-10-16,SMB
8910,Customer 8910,customer8910@email.com,USA,Birmingham,2024-09-14,Corporate
8911,Customer 8911,customer8911@email.com,France,Manchester,2021-12-05,Consumer
8912,Customer 8912,customer8912@email.com,Australia,Birmingham,2021-06-28,Consumer
8913,Customer 8913,customer8913@email.com,UK,London,2022-02-25,Corporate
8914,Customer 8914,customer8914@email.com,France,Manchester,2023-10-04,Consumer
8915,Customer 8915,customer8915@email.com,France,Leeds,2021-02-18,Consumer
8916,Customer 8916,customer8916@email.com,USA,Leeds,2023-02-06,SMB
8917,Customer 8917,customer8917@email.com,UK,Manchester,2021-01-30,Consumer
8918,Customer 8918,customer8918@email.com,Germany,Birmingham,2021-03-26,SMB
8919,Customer 8919,customer8919@email.com,Germany,Glasgow,2023-02-28,Corporate
8920,Customer 8920,customer8920@email.com,Canada,Manchester,2021-11-25,Corporate
8921,Customer 8921,customer8921@email.com,France,Leeds,2022-09-02,Corporate
8922,Customer 8922,customer8922@email.com,France,London,2022-03-10,Corporate
8923,Customer 8923,customer8923@email.com,UK,Leeds,2022-08-11,Consumer
8924,Customer 8924,customer8924@email.com,Australia,Glasgow,2024-06-26,Consumer
8925,Customer 8925,customer8925@email.com,Germany,Leeds,2024-03-03,SMB
8926,Customer 8926,customer8926@email.com,Canada,Glasgow,2022-11-21,SMB
8927,Customer 8927,customer8927@email.com,UK,Manchester,2024-10-20,SMB
8928,Customer 8928,customer8928@email.com,France,Leeds,2022-03-01,Consumer
8929,Customer 8929,customer8929@email.com,Germany,Birmingham,2024-12-09,SMB
8930,Customer 8930,customer8930@email.com,Canada,Birmingham,2023-02-09,Consumer
8931,Customer 8931,customer8931@email.com,USA,Leeds,2022-05-27,Corporate
8932,Customer 8932,customer8932@email.com,Germany,Leeds,2024-11-09,Consumer
8933,Customer 8933,customer8933@email.com,Canada,London,2024-11-12,Corporate
8934,Customer 8934,customer8934@email.com,UK,Leeds,2023-10-09,SMB
8935,Customer 8935,customer8935@email.com,USA,London,2025-01-12,Consumer
8936,Customer 8936,customer8936@email.com,Canada,London,2022-07-18,SMB
8937,Customer 8937,customer8937@email.com,Canada,London,2021-10-30,SMB
8938,Customer 8938,customer8938@email.com,France,London,2021-04-09,Corporate
8939,Customer 8939,customer8939@email.com,Australia,Manchester,2024-08-22,SMB
8940,Customer 8940,customer8940@email.com,Germany,Birmingham,2022-07-11,Consumer
8941,Customer 8941,customer8941@email.com,France,London,2021-02-11,SMB
8942,Customer 8942,customer8942@email.com,USA,Birmingham,2023-09-18,Corporate
8943,Customer 8943,customer8943@email.com,Australia,London,2022-04-13,Corporate
8944,Customer 8944,customer8944@email.com,Canada,Birmingham,2022-03-16,SMB
8945,Customer 8945,customer8945@email.com,France,Leeds,2021-11-23,Corporate
8946,Customer 8946,customer8946@email.com,Australia,Leeds,2022-07-23,SMB
8947,Customer 8947,customer8947@email.com,Germany,Birmingham,2021-02-02,Corporate
8948,Customer 8948,customer8948@email.com,USA,London,2022-02-16,SMB
8949,Customer 8949,customer8949@email.com,UK,Manchester,2023-03-23,SMB
8950,Customer 8950,customer8950@email.com,France,Birmingham,2024-02-12,Consumer
8951,Customer 8951,customer8951@email.com,USA,Glasgow,2022-05-23,Consumer
8952,Customer 8952,customer8952@email.com,UK,Manchester,2021-02-25,SMB
8953,Customer 8953,customer8953@email.com,France,Glasgow,2024-10-07,Consumer
8954,Customer 8954,customer8954@email.com,USA,Birmingham,2024-09-14,Consumer
8955,Customer 8955,customer8955@email.com,USA,London,2022-06-30,Corporate
8956,Customer 8956,customer8956@email.com,Australia,Glasgow,2024-07-17,Consumer
8957,Customer 8957,customer8957@email.com,France,Birmingham,2021-07-15,Corporate
8958,Customer 8958,customer8958@email.com,USA,Manchester,2022-02-17,Consumer
8959,Customer 8959,customer8959@email.com,Canada,London,2022-09-29,Consumer
8960,Customer 8960,customer8960@email.com,France,Glasgow,2024-01-08,SMB
8961,Customer 8961,customer8961@email.com,USA,Birmingham,2024-01-12,Consumer
8962,Customer 8962,customer8962@email.com,Australia,London,2023-01-12,SMB
8963,Customer 8963,customer8963@email.com,UK,London,2021-05-17,SMB
8964,Customer 8964,customer8964@email.com,UK,Leeds,2022-06-23,SMB
8965,Customer 8965,customer8965@email.com,Canada,London,2022-11-20,SMB
8966,Customer 8966,customer8966@email.com,France,Birmingham,2022-12-20,Consumer
8967,Customer 8967,customer8967@email.com,Australia,Manchester,2023-07-22,SMB
8968,Customer 8968,customer8968@email.com,USA,Leeds,2021-11-02,Consumer
8969,Customer 8969,customer8969@email.com,USA,Birmingham,2024-08-27,Consumer
8970,Customer 8970,customer8970@email.com,UK,Birmingham,2022-01-23,Corporate
8971,Customer 8971,customer8971@email.com,Australia,Birmingham,2022-12-26,Corporate
8972,Customer 8972,customer8972@email.com,Canada,Glasgow,2023-07-04,Corporate
8973,Customer 8973,customer8973@email.com,UK,Glasgow,2022-07-03,SMB
8974,Customer 8974,customer8974@email.com,UK,Manchester,2022-05-21,Consumer
8975,Customer 8975,customer8975@email.com,Canada,Birmingham,2022-01-23,Consumer
8976,Customer 8976,customer8976@email.com,France,Glasgow,2021-10-20,SMB
8977,Customer 8977,customer8977@email.com,USA,Glasgow,2021-06-28,Corporate
8978,Customer 8978,customer8978@email.com,France,Glasgow,2022-11-03,Corporate
8979,Customer 8979,customer8979@email.com,Australia,Manchester,2024-12-23,Consumer
8980,Customer 8980,customer8980@email.com,Germany,Manchester,2024-08-28,Consumer
8981,Customer 8981,customer8981@email.com,Germany,Birmingham,2021-03-21,Consumer
8982,Customer 8982,customer8982@email.com,Germany,Leeds,2023-11-04,Corporate
8983,Customer 8983,customer8983@email.com,Canada,Birmingham,2023-12-14,Consumer
8984,Customer 8984,customer8984@email.com,UK,Glasgow,2022-03-23,Corporate
8985,Customer 8985,customer8985@email.com,France,Glasgow,2023-02-05,Corporate
8986,Customer 8986,customer8986@email.com,USA,London,2023-12-25,Corporate
8987,Customer 8987,customer8987@email.com,Germany,Birmingham,2024-10-27,SMB
8988,Customer 8988,customer8988@email.com,France,Glasgow,2022-05-18,SMB
8989,Customer 8989,customer8989@email.com,Germany,Glasgow,2022-07-24,Consumer
8990,Customer 8990,customer8990@email.com,Germany,Leeds,2021-04-06,Corporate
8991,Customer 8991,customer8991@email.com,USA,London,2024-07-07,Consumer
8992,Customer 8992,customer8992@email.com,Australia,Birmingham,2022-08-08,Corporate
8993,Customer 8993,customer8993@email.com,Australia,Manchester,2021-09-05,Consumer
8994,Customer 8994,customer8994@email.com,Australia,Birmingham,2021-05-07,Consumer
8995,Customer 8995,customer8995@email.com,Canada,Birmingham,2022-05-14,SMB
8996,Customer 8996,customer8996@email.com,UK,Leeds,2021-02-15,SMB
8997,Customer 8997,customer8997@email.com,Canada,Birmingham,2023-09-09,SMB
8998,Customer 8998,customer8998@email.com,France,Leeds,2021-09-25,SMB
8999,Customer 8999,customer8999@email.com,Canada,Leeds,2021-04-04,Corporate
9000,Customer 9000,customer9000@email.com,France,Glasgow,2023-01-06,Consumer
9001,Customer 9001,customer9001@email.com,France,Manchester,2024-09-01,Consumer
9002,Customer 9002,customer9002@email.com,UK,Leeds,2022-09-04,Corporate
9003,Customer 9003,customer9003@email.com,USA,London,2021-03-12,Corporate
9004,Customer 9004,customer9004@email.com,UK,London,2022-08-16,Consumer
9005,Customer 9005,customer9005@email.com,Australia,Manchester,2022-03-25,SMB
9006,Customer 9006,customer9006@email.com,Australia,Leeds,2024-10-22,SMB
9007,Customer 9007,customer9007@email.com,Canada,Manchester,2022-09-12,SMB
9008,Customer 9008,customer9008@email.com,France,Glasgow,2022-09-06,Corporate
9009,Customer 9009,customer9009@email.com,Germany,London,2024-12-04,Consumer
9010,Customer 9010,customer9010@email.com,Germany,Birmingham,2021-04-01,Corporate
9011,Customer 9011,customer9011@email.com,France,London,2023-05-27,Consumer
9012,Customer 9012,customer9012@email.com,UK,Leeds,2022-06-12,SMB
9013,Customer 9013,customer9013@email.com,USA,Manchester,2024-02-08,SMB
9014,Customer 9014,customer9014@email.com,UK,London,2023-02-14,SMB
9015,Customer 9015,customer9015@email.com,France,Birmingham,2022-11-03,Consumer
9016,Customer 9016,customer9016@email.com,France,Birmingham,2023-02-04,SMB
9017,Customer 9017,customer9017@email.com,USA,Manchester,2024-01-18,Consumer
9018,Customer 9018,customer9018@email.com,Canada,Manchester,2024-07-19,Corporate
9019,Customer 9019,customer9019@email.com,Canada,London,2024-06-24,SMB
9020,Customer 9020,customer9020@email.com,USA,Leeds,2021-12-27,Corporate
9021,Customer 9021,customer9021@email.com,Canada,Glasgow,2022-01-13,Corporate
9022,Customer 9022,customer9022@email.com,Germany,Birmingham,2024-05-14,Consumer
9023,Customer 9023,customer9023@email.com,Canada,Manchester,2021-12-11,Corporate
9024,Customer 9024,customer9024@email.com,Canada,Glasgow,2023-03-09,Consumer
9025,Customer 9025,customer9025@email.com,Canada,Glasgow,2022-03-31,Consumer
9026,Customer 9026,customer9026@email.com,Germany,Glasgow,2023-06-27,Corporate
9027,Customer 9027,customer9027@email.com,Canada,Leeds,2021-03-08,Consumer
9028,Customer 9028,customer9028@email.com,Australia,Manchester,2023-09-14,Consumer
9029,Customer 9029,customer9029@email.com,Germany,Birmingham,2023-09-06,Consumer
9030,Customer 9030,customer9030@email.com,USA,Manchester,2021-02-12,Corporate
9031,Customer 9031,customer9031@email.com,UK,London,2021-08-17,Consumer
9032,Customer 9032,customer9032@email.com,USA,Birmingham,2025-01-07,SMB
9033,Customer 9033,customer9033@email.com,UK,Manchester,2021-08-22,Corporate
9034,Customer 9034,customer9034@email.com,USA,Birmingham,2024-05-07,Corporate
9035,Customer 9035,customer9035@email.com,Australia,London,2022-05-12,Consumer
9036,Customer 9036,customer9036@email.com,UK,Birmingham,2023-04-28,Corporate
9037,Customer 9037,customer9037@email.com,UK,Glasgow,2023-11-22,SMB
9038,Customer 9038,customer9038@email.com,France,Leeds,2024-07-11,Corporate
9039,Customer 9039,customer9039@email.com,UK,London,2021-04-23,Corporate
9040,Customer 9040,customer9040@email.com,UK,Birmingham,2023-08-31,Corporate
9041,Customer 9041,customer9041@email.com,France,London,2022-04-04,Consumer
9042,Customer 9042,customer9042@email.com,Canada,Glasgow,2024-07-23,SMB
9043,Customer 9043,customer9043@email.com,Canada,Leeds,2024-03-15,SMB
9044,Customer 9044,customer9044@email.com,France,London,2024-10-12,SMB
9045,Customer 9045,customer9045@email.com,Germany,Glasgow,2021-01-06,Corporate
9046,Customer 9046,customer9046@email.com,UK,Glasgow,2024-09-25,SMB
9047,Customer 9047,customer9047@email.com,UK,Glasgow,2023-09-19,Consumer
9048,Customer 9048,customer9048@email.com,France,Birmingham,2022-05-09,Corporate
9049,Customer 9049,customer9049@email.com,France,Manchester,2024-02-06,Consumer
9050,Customer 9050,customer9050@email.com,Germany,London,2021-03-12,Corporate
9051,Customer 9051,customer9051@email.com,Australia,Manchester,2023-07-28,Consumer
9052,Customer 9052,customer9052@email.com,Canada,Glasgow,2024-09-25,Corporate
9053,Customer 9053,customer9053@email.com,USA,Manchester,2022-11-05,Consumer
9054,Customer 9054,customer9054@email.com,Australia,Glasgow,2024-01-29,SMB
9055,Customer 9055,customer9055@email.com,Canada,Glasgow,2024-09-12,Corporate
9056,Customer 9056,customer9056@email.com,UK,Leeds,2023-11-23,Corporate
9057,Customer 9057,customer9057@email.com,Australia,Leeds,2021-05-23,Consumer
9058,Customer 9058,customer9058@email.com,France,Manchester,2024-06-21,Consumer
9059,Customer 9059,customer9059@email.com,Germany,London,2023-01-06,Consumer
9060,Customer 9060,customer9060@email.com,Canada,Manchester,2022-12-27,Corporate
9061,Customer 9061,customer9061@email.com,Germany,London,2021-08-05,Consumer
9062,Customer 9062,customer9062@email.com,Canada,Manchester,2022-03-10,SMB
9063,Customer 9063,customer9063@email.com,Australia,Birmingham,2023-04-14,Consumer
9064,Customer 9064,customer9064@email.com,UK,Birmingham,2023-12-14,Consumer
9065,Customer 9065,customer9065@email.com,USA,London,2022-12-21,Consumer
9066,Customer 9066,customer9066@email.com,Germany,Leeds,2023-07-31,SMB
9067,Customer 9067,customer9067@email.com,Germany,London,2023-06-26,Consumer
9068,Customer 9068,customer9068@email.com,USA,Manchester,2023-09-22,Consumer
9069,Customer 9069,customer9069@email.com,Germany,Glasgow,2024-03-20,Corporate
9070,Customer 9070,customer9070@email.com,Germany,Birmingham,2021-02-24,Corporate
9071,Customer 9071,customer9071@email.com,Canada,Glasgow,2025-01-11,Consumer
9072,Customer 9072,customer9072@email.com,Canada,Birmingham,2023-11-25,Corporate
9073,Customer 9073,customer9073@email.com,USA,Manchester,2023-05-11,Consumer
9074,Customer 9074,customer9074@email.com,UK,Birmingham,2023-10-04,Consumer
9075,Customer 9075,customer9075@email.com,Australia,London,2024-02-17,SMB
9076,Customer 9076,customer9076@email.com,Australia,Glasgow,2024-05-05,Consumer
9077,Customer 9077,customer9077@email.com,Germany,Glasgow,2022-07-20,Corporate
9078,Customer 9078,customer9078@email.com,UK,Manchester,2023-02-10,Corporate
9079,Customer 9079,customer9079@email.com,USA,Glasgow,2023-05-28,Corporate
9080,Customer 9080,customer9080@email.com,USA,Manchester,2023-04-04,Corporate
9081,Customer 9081,customer9081@email.com,Canada,Leeds,2022-05-29,Consumer
9082,Customer 9082,customer9082@email.com,Germany,London,2023-05-12,SMB
9083,Customer 9083,customer9083@email.com,France,Birmingham,2022-02-26,SMB
9084,Customer 9084,customer9084@email.com,USA,Birmingham,2022-06-01,Consumer
9085,Customer 9085,customer9085@email.com,Germany,Birmingham,2024-03-08,Corporate
9086,Customer 9086,customer9086@email.com,UK,Leeds,2022-12-06,SMB
9087,Customer 9087,customer9087@email.com,Canada,London,2023-03-20,SMB
9088,Customer 9088,customer9088@email.com,Australia,Glasgow,2021-02-13,Consumer
9089,Customer 9089,customer9089@email.com,UK,Glasgow,2023-05-08,Corporate
9090,Customer 9090,customer9090@email.com,USA,London,2023-03-12,SMB
9091,Customer 9091,customer9091@email.com,USA,London,2021-08-07,Consumer
9092,Customer 9092,customer9092@email.com,UK,Birmingham,2022-07-22,SMB
9093,Customer 9093,customer9093@email.com,USA,Glasgow,2023-06-27,SMB
9094,Customer 9094,customer9094@email.com,Germany,London,2021-09-15,Corporate
9095,Customer 9095,customer9095@email.com,USA,Glasgow,2023-08-19,Corporate
9096,Customer 9096,customer9096@email.com,Canada,London,2024-11-01,SMB
9097,Customer 9097,customer9097@email.com,Germany,Manchester,2023-06-12,Corporate
9098,Customer 9098,customer9098@email.com,France,Birmingham,2021-10-16,SMB
9099,Customer 9099,customer9099@email.com,USA,London,2025-02-02,SMB
9100,Customer 9100,customer9100@email.com,USA,Leeds,2023-08-30,SMB
9101,Customer 9101,customer9101@email.com,Canada,London,2021-04-13,Consumer
9102,Customer 9102,customer9102@email.com,Canada,Manchester,2023-03-15,Corporate
9103,Customer 9103,customer9103@email.com,Australia,Leeds,2024-03-18,Corporate
9104,Customer 9104,customer9104@email.com,UK,Leeds,2024-01-13,SMB
9105,Customer 9105,customer9105@email.com,UK,London,2023-11-16,Corporate
9106,Customer 9106,customer9106@email.com,UK,Manchester,2024-04-13,SMB
9107,Customer 9107,customer9107@email.com,Canada,Leeds,2024-12-16,Corporate
9108,Customer 9108,customer9108@email.com,UK,Birmingham,2024-10-01,Corporate
9109,Customer 9109,customer9109@email.com,UK,Birmingham,2021-10-29,SMB
9110,Customer 9110,customer9110@email.com,France,Glasgow,2024-08-14,Corporate
9111,Customer 9111,customer9111@email.com,UK,Glasgow,2024-03-04,SMB
9112,Customer 9112,customer9112@email.com,USA,Manchester,2023-12-15,Consumer
9113,Customer 9113,customer9113@email.com,Australia,Leeds,2021-02-25,SMB
9114,Customer 9114,customer9114@email.com,Canada,Birmingham,2023-10-12,Corporate
9115,Customer 9115,customer9115@email.com,Germany,Birmingham,2022-01-09,Consumer
9116,Customer 9116,customer9116@email.com,Australia,Manchester,2023-04-11,Consumer
9117,Customer 9117,customer9117@email.com,France,Leeds,2023-07-09,SMB
9118,Customer 9118,customer9118@email.com,Canada,Manchester,2024-09-24,Consumer
9119,Customer 9119,customer9119@email.com,Canada,London,2022-04-02,SMB
9120,Customer 9120,customer9120@email.com,USA,Birmingham,2024-10-10,Corporate
9121,Customer 9121,customer9121@email.com,Australia,Manchester,2021-05-12,SMB
9122,Customer 9122,customer9122@email.com,Australia,Manchester,2022-05-08,Consumer
9123,Customer 9123,customer9123@email.com,UK,London,2021-04-20,SMB
9124,Customer 9124,customer9124@email.com,USA,Glasgow,2022-08-05,SMB
9125,Customer 9125,customer9125@email.com,UK,Birmingham,2023-03-07,Corporate
9126,Customer 9126,customer9126@email.com,UK,Manchester,2024-02-24,SMB
9127,Customer 9127,customer9127@email.com,Canada,Birmingham,2024-08-12,Corporate
9128,Customer 9128,customer9128@email.com,Australia,Glasgow,2024-04-17,Consumer
9129,Customer 9129,customer9129@email.com,UK,Manchester,2023-03-21,Consumer
9130,Customer 9130,customer9130@email.com,France,London,2023-06-05,SMB
9131,Customer 9131,customer9131@email.com,France,Birmingham,2024-05-05,SMB
9132,Customer 9132,customer9132@email.com,Australia,London,2023-02-12,Consumer
9133,Customer 9133,customer9133@email.com,France,Glasgow,2024-01-30,Consumer
9134,Customer 9134,customer9134@email.com,Canada,Glasgow,2023-07-26,Consumer
9135,Customer 9135,customer9135@email.com,USA,Birmingham,2022-07-27,SMB
9136,Customer 9136,customer9136@email.com,Germany,Glasgow,2024-04-21,Consumer
9137,Customer 9137,customer9137@email.com,UK,Leeds,2023-03-20,SMB
9138,Customer 9138,customer9138@email.com,Germany,Birmingham,2023-05-29,Consumer
9139,Customer 9139,customer9139@email.com,USA,Leeds,2023-10-30,Consumer
9140,Customer 9140,customer9140@email.com,USA,Glasgow,2022-02-17,SMB
9141,Customer 9141,customer9141@email.com,Canada,Birmingham,2023-04-10,Corporate
9142,Customer 9142,customer9142@email.com,France,Leeds,2022-07-20,SMB
9143,Customer 9143,customer9143@email.com,France,Glasgow,2021-04-14,Corporate
9144,Customer 9144,customer9144@email.com,USA,Manchester,2024-02-24,SMB
9145,Customer 9145,customer9145@email.com,Canada,Manchester,2022-11-08,Corporate
9146,Customer 9146,customer9146@email.com,Canada,London,2023-08-03,Corporate
9147,Customer 9147,customer9147@email.com,Australia,Manchester,2021-09-27,Corporate
9148,Customer 9148,customer9148@email.com,UK,Leeds,2022-04-11,SMB
9149,Customer 9149,customer9149@email.com,France,Manchester,2023-03-12,SMB
9150,Customer 9150,customer9150@email.com,USA,Birmingham,2024-02-16,SMB
9151,Customer 9151,customer9151@email.com,Australia,Birmingham,2024-01-21,Corporate
9152,Customer 9152,customer9152@email.com,Germany,Birmingham,2023-10-02,Corporate
9153,Customer 9153,customer9153@email.com,France,Manchester,2024-01-16,SMB
9154,Customer 9154,customer9154@email.com,UK,Manchester,2021-08-22,SMB
9155,Customer 9155,customer9155@email.com,Canada,London,2023-07-02,Consumer
9156,Customer 9156,customer9156@email.com,USA,Glasgow,2024-02-22,Consumer
9157,Customer 9157,customer9157@email.com,France,London,2024-05-11,Consumer
9158,Customer 9158,customer9158@email.com,Germany,Leeds,2023-11-22,Consumer
9159,Customer 9159,customer9159@email.com,UK,Birmingham,2021-12-23,Consumer
9160,Customer 9160,customer9160@email.com,UK,Manchester,2025-01-26,SMB
9161,Customer 9161,customer9161@email.com,Australia,Glasgow,2023-08-22,Corporate
9162,Customer 9162,customer9162@email.com,France,Glasgow,2021-04-04,Corporate
9163,Customer 9163,customer9163@email.com,Germany,Manchester,2024-12-02,SMB
9164,Customer 9164,customer9164@email.com,UK,London,2024-01-29,SMB
9165,Customer 9165,customer9165@email.com,USA,Glasgow,2021-09-01,SMB
9166,Customer 9166,customer9166@email.com,UK,London,2021-02-27,Consumer
9167,Customer 9167,customer9167@email.com,Germany,Manchester,2023-08-23,Consumer
9168,Customer 9168,customer9168@email.com,Canada,London,2024-10-12,Consumer
9169,Customer 9169,customer9169@email.com,Canada,Birmingham,2021-11-16,SMB
9170,Customer 9170,customer9170@email.com,Australia,Manchester,2023-11-09,SMB
9171,Customer 9171,customer9171@email.com,France,Manchester,2021-12-23,Corporate
9172,Customer 9172,customer9172@email.com,Germany,Glasgow,2021-04-27,SMB
9173,Customer 9173,customer9173@email.com,Australia,Glasgow,2024-03-05,Consumer
9174,Customer 9174,customer9174@email.com,UK,Glasgow,2021-10-23,Corporate
9175,Customer 9175,customer9175@email.com,UK,Birmingham,2022-06-09,SMB
9176,Customer 9176,customer9176@email.com,Canada,Birmingham,2024-01-30,Corporate
9177,Customer 9177,customer9177@email.com,Australia,Leeds,2024-11-04,Corporate
9178,Customer 9178,customer9178@email.com,Canada,Manchester,2024-03-24,SMB
9179,Customer 9179,customer9179@email.com,USA,Glasgow,2024-02-03,Consumer
9180,Customer 9180,customer9180@email.com,Canada,Manchester,2024-02-26,Consumer
9181,Customer 9181,customer9181@email.com,USA,London,2022-02-05,Corporate
9182,Customer 9182,customer9182@email.com,UK,Birmingham,2023-01-09,SMB
9183,Customer 9183,customer9183@email.com,Australia,Leeds,2022-06-13,SMB
9184,Customer 9184,customer9184@email.com,USA,London,2022-07-11,Consumer
9185,Customer 9185,customer9185@email.com,Australia,Manchester,2022-07-04,SMB
9186,Customer 9186,customer9186@email.com,Australia,Birmingham,2024-02-22,SMB
9187,Customer 9187,customer9187@email.com,USA,Glasgow,2021-12-26,Corporate
9188,Customer 9188,customer9188@email.com,France,London,2021-03-05,SMB
9189,Customer 9189,customer9189@email.com,Canada,Birmingham,2023-02-04,SMB
9190,Customer 9190,customer9190@email.com,USA,Manchester,2023-02-13,SMB
9191,Customer 9191,customer9191@email.com,UK,Manchester,2022-09-16,Consumer
9192,Customer 9192,customer9192@email.com,Australia,London,2021-04-12,Consumer
9193,Customer 9193,customer9193@email.com,Germany,London,2022-07-15,Corporate
9194,Customer 9194,customer9194@email.com,USA,London,2024-07-24,Consumer
9195,Customer 9195,customer9195@email.com,Canada,Leeds,2024-06-04,Consumer
9196,Customer 9196,customer9196@email.com,Australia,Glasgow,2023-11-13,Consumer
9197,Customer 9197,customer9197@email.com,France,Birmingham,2023-04-24,Consumer
9198,Customer 9198,customer9198@email.com,UK,Manchester,2023-12-24,Corporate
9199,Customer 9199,customer9199@email.com,France,Manchester,2024-03-26,SMB
9200,Customer 9200,customer9200@email.com,Germany,Glasgow,2024-11-14,SMB
9201,Customer 9201,customer9201@email.com,USA,London,2024-03-18,SMB
9202,Customer 9202,customer9202@email.com,Australia,London,2023-04-19,Corporate
9203,Customer 9203,customer9203@email.com,USA,Manchester,2024-10-18,Consumer
9204,Customer 9204,customer9204@email.com,Canada,Glasgow,2022-11-12,Corporate
9205,Customer 9205,customer9205@email.com,USA,Manchester,2025-01-27,Corporate
9206,Customer 9206,customer9206@email.com,UK,London,2022-10-07,Corporate
9207,Customer 9207,customer9207@email.com,Germany,Birmingham,2022-02-03,SMB
9208,Customer 9208,customer9208@email.com,France,London,2022-02-09,Consumer
9209,Customer 9209,customer9209@email.com,Germany,Birmingham,2023-04-06,SMB
9210,Customer 9210,customer9210@email.com,Australia,Leeds,2024-03-01,Corporate
9211,Customer 9211,customer9211@email.com,USA,Glasgow,2024-05-05,Corporate
9212,Customer 9212,customer9212@email.com,Australia,Leeds,2022-10-09,SMB
9213,Customer 9213,customer9213@email.com,France,London,2021-02-04,SMB
9214,Customer 9214,customer9214@email.com,Australia,Glasgow,2022-02-24,SMB
9215,Customer 9215,customer9215@email.com,Canada,London,2022-01-12,Consumer
9216,Customer 9216,customer9216@email.com,Germany,Glasgow,2024-11-23,SMB
9217,Customer 9217,customer9217@email.com,France,Glasgow,2021-08-08,Consumer
9218,Customer 9218,customer9218@email.com,France,London,2022-11-28,Consumer
9219,Customer 9219,customer9219@email.com,France,London,2021-12-08,SMB
9220,Customer 9220,customer9220@email.com,UK,Glasgow,2023-01-23,Corporate
9221,Customer 9221,customer9221@email.com,Germany,Glasgow,2022-02-20,Corporate
9222,Customer 9222,customer9222@email.com,Australia,London,2025-01-19,Consumer
9223,Customer 9223,customer9223@email.com,France,London,2024-08-13,Consumer
9224,Customer 9224,customer9224@email.com,Germany,Manchester,2023-07-27,Consumer
9225,Customer 9225,customer9225@email.com,France,Manchester,2024-09-16,Corporate
9226,Customer 9226,customer9226@email.com,Canada,Manchester,2023-10-04,Consumer
9227,Customer 9227,customer9227@email.com,Canada,Leeds,2022-11-11,Consumer
9228,Customer 9228,customer9228@email.com,Canada,Glasgow,2024-09-24,Corporate
9229,Customer 9229,customer9229@email.com,USA,Birmingham,2023-01-18,SMB
9230,Customer 9230,customer9230@email.com,France,Leeds,2023-03-17,Corporate
9231,Customer 9231,customer9231@email.com,USA,Glasgow,2024-08-14,SMB
9232,Customer 9232,customer9232@email.com,Germany,Birmingham,2021-11-08,SMB
9233,Customer 9233,customer9233@email.com,USA,Manchester,2021-02-24,Consumer
9234,Customer 9234,customer9234@email.com,Germany,Birmingham,2022-11-25,Consumer
9235,Customer 9235,customer9235@email.com,Germany,London,2022-06-18,SMB
9236,Customer 9236,customer9236@email.com,Germany,London,2021-04-15,Consumer
9237,Customer 9237,customer9237@email.com,Australia,Glasgow,2024-04-13,SMB
9238,Customer 9238,customer9238@email.com,USA,Leeds,2021-10-21,Consumer
9239,Customer 9239,customer9239@email.com,Australia,Manchester,2023-05-30,Corporate
9240,Customer 9240,customer9240@email.com,France,Glasgow,2022-07-05,SMB
9241,Customer 9241,customer9241@email.com,USA,Manchester,2023-06-30,SMB
9242,Customer 9242,customer9242@email.com,France,London,2022-01-10,Consumer
9243,Customer 9243,customer9243@email.com,France,Leeds,2022-03-26,Corporate
9244,Customer 9244,customer9244@email.com,Germany,Leeds,2025-01-08,Consumer
9245,Customer 9245,customer9245@email.com,USA,London,2023-12-20,Corporate
9246,Customer 9246,customer9246@email.com,France,Birmingham,2024-11-16,Consumer
9247,Customer 9247,customer9247@email.com,Canada,Leeds,2023-03-23,SMB
9248,Customer 9248,customer9248@email.com,France,Birmingham,2022-01-25,Corporate
9249,Customer 9249,customer9249@email.com,Canada,Manchester,2024-05-20,Corporate
9250,Customer 9250,customer9250@email.com,USA,Leeds,2022-10-29,Consumer
9251,Customer 9251,customer9251@email.com,Australia,London,2024-06-17,Corporate
9252,Customer 9252,customer9252@email.com,USA,Birmingham,2024-02-20,Consumer
9253,Customer 9253,customer9253@email.com,Australia,Manchester,2024-06-30,Corporate
9254,Customer 9254,customer9254@email.com,Australia,Manchester,2021-05-21,Consumer
9255,Customer 9255,customer9255@email.com,USA,Leeds,2025-01-15,Consumer
9256,Customer 9256,customer9256@email.com,France,Leeds,2023-05-24,Consumer
9257,Customer 9257,customer9257@email.com,UK,Glasgow,2024-03-22,SMB
9258,Customer 9258,customer9258@email.com,France,Glasgow,2024-08-24,Corporate
9259,Customer 9259,customer9259@email.com,France,Leeds,2024-09-02,SMB
9260,Customer 9260,customer9260@email.com,Germany,Glasgow,2024-08-12,SMB
9261,Customer 9261,customer9261@email.com,Germany,London,2023-04-23,SMB
9262,Customer 9262,customer9262@email.com,France,London,2024-09-30,SMB
9263,Customer 9263,customer9263@email.com,Canada,Glasgow,2022-08-20,Corporate
9264,Customer 9264,customer9264@email.com,Australia,Leeds,2024-07-29,Corporate
9265,Customer 9265,customer9265@email.com,Germany,London,2024-05-16,SMB
9266,Customer 9266,customer9266@email.com,France,Manchester,2023-08-10,Corporate
9267,Customer 9267,customer9267@email.com,UK,Leeds,2022-07-06,Corporate
9268,Customer 9268,customer9268@email.com,Canada,Birmingham,2024-01-25,Consumer
9269,Customer 9269,customer9269@email.com,USA,Birmingham,2025-01-15,Corporate
9270,Customer 9270,customer9270@email.com,France,Leeds,2022-01-08,SMB
9271,Customer 9271,customer9271@email.com,France,Glasgow,2022-10-10,Corporate
9272,Customer 9272,customer9272@email.com,Australia,London,2024-01-02,SMB
9273,Customer 9273,customer9273@email.com,Canada,London,2021-11-29,Corporate
9274,Customer 9274,customer9274@email.com,Germany,Leeds,2022-01-28,SMB
9275,Customer 9275,customer9275@email.com,Germany,Manchester,2024-02-04,Corporate
9276,Customer 9276,customer9276@email.com,Germany,Glasgow,2024-01-30,Corporate
9277,Customer 9277,customer9277@email.com,USA,Manchester,2024-10-14,Corporate
9278,Customer 9278,customer9278@email.com,Canada,Leeds,2024-09-14,SMB
9279,Customer 9279,customer9279@email.com,Canada,Leeds,2022-01-30,Consumer
9280,Customer 9280,customer9280@email.com,Germany,Manchester,2021-02-04,SMB
9281,Customer 9281,customer9281@email.com,Germany,Birmingham,2021-06-06,Corporate
9282,Customer 9282,customer9282@email.com,Australia,Leeds,2023-06-23,SMB
9283,Customer 9283,customer9283@email.com,UK,Glasgow,2024-07-20,Corporate
9284,Customer 9284,customer9284@email.com,UK,Manchester,2023-08-25,Corporate
9285,Customer 9285,customer9285@email.com,France,Birmingham,2022-01-31,Consumer
9286,Customer 9286,customer9286@email.com,France,Manchester,2021-07-26,Corporate
9287,Customer 9287,customer9287@email.com,Canada,Birmingham,2022-09-13,Corporate
9288,Customer 9288,customer9288@email.com,Canada,Birmingham,2024-08-22,Corporate
9289,Customer 9289,customer9289@email.com,USA,Glasgow,2023-03-16,Consumer
9290,Customer 9290,customer9290@email.com,USA,Leeds,2022-04-07,SMB
9291,Customer 9291,customer9291@email.com,UK,Birmingham,2021-09-09,Consumer
9292,Customer 9292,customer9292@email.com,France,Leeds,2024-07-14,SMB
9293,Customer 9293,customer9293@email.com,UK,Glasgow,2023-05-17,Corporate
9294,Customer 9294,customer9294@email.com,UK,Leeds,2021-07-28,SMB
9295,Customer 9295,customer9295@email.com,France,London,2023-08-13,SMB
9296,Customer 9296,customer9296@email.com,USA,Birmingham,2022-06-23,SMB
9297,Customer 9297,customer9297@email.com,Australia,Glasgow,2023-04-15,SMB
9298,Customer 9298,customer9298@email.com,Australia,Manchester,2022-05-18,Corporate
9299,Customer 9299,customer9299@email.com,Australia,Glasgow,2023-08-14,Consumer
9300,Customer 9300,customer9300@email.com,France,Birmingham,2022-05-29,SMB
9301,Customer 9301,customer9301@email.com,Germany,Glasgow,2022-08-03,Corporate
9302,Customer 9302,customer9302@email.com,Germany,Manchester,2024-03-17,Corporate
9303,Customer 9303,customer9303@email.com,Germany,London,2023-04-20,Corporate
9304,Customer 9304,customer9304@email.com,Canada,Birmingham,2023-09-13,Corporate
9305,Customer 9305,customer9305@email.com,USA,Birmingham,2021-03-24,SMB
9306,Customer 9306,customer9306@email.com,USA,Glasgow,2023-12-02,Consumer
9307,Customer 9307,customer9307@email.com,Canada,Leeds,2021-06-05,Corporate
9308,Customer 9308,customer9308@email.com,UK,Leeds,2022-03-29,Consumer
9309,Customer 9309,customer9309@email.com,Australia,Manchester,2024-07-31,Consumer
9310,Customer 9310,customer9310@email.com,Germany,London,2024-04-26,Consumer
9311,Customer 9311,customer9311@email.com,Australia,London,2022-09-09,Corporate
9312,Customer 9312,customer9312@email.com,Germany,Glasgow,2022-09-16,Corporate
9313,Customer 9313,customer9313@email.com,Australia,Glasgow,2025-02-06,Corporate
9314,Customer 9314,customer9314@email.com,UK,Leeds,2022-05-22,Consumer
9315,Customer 9315,customer9315@email.com,Australia,London,2024-03-02,Corporate
9316,Customer 9316,customer9316@email.com,Australia,London,2024-07-18,Corporate
9317,Customer 9317,customer9317@email.com,France,London,2022-09-14,Consumer
9318,Customer 9318,customer9318@email.com,Australia,Manchester,2024-01-02,Corporate
9319,Customer 9319,customer9319@email.com,France,Manchester,2024-12-30,SMB
9320,Customer 9320,customer9320@email.com,USA,Glasgow,2021-10-20,SMB
9321,Customer 9321,customer9321@email.com,Canada,Leeds,2022-10-17,SMB
9322,Customer 9322,customer9322@email.com,Australia,Birmingham,2023-07-26,SMB
9323,Customer 9323,customer9323@email.com,USA,Leeds,2023-01-27,Consumer
9324,Customer 9324,customer9324@email.com,France,Manchester,2024-12-31,Corporate
9325,Customer 9325,customer9325@email.com,Australia,Manchester,2023-09-23,SMB
9326,Customer 9326,customer9326@email.com,Australia,Glasgow,2022-10-29,SMB
9327,Customer 9327,customer9327@email.com,UK,Birmingham,2021-03-01,Corporate
9328,Customer 9328,customer9328@email.com,USA,London,2021-11-23,Consumer
9329,Customer 9329,customer9329@email.com,Germany,Birmingham,2024-04-20,SMB
9330,Customer 9330,customer9330@email.com,Germany,Birmingham,2023-03-10,Corporate
9331,Customer 9331,customer9331@email.com,UK,Birmingham,2023-02-24,Corporate
9332,Customer 9332,customer9332@email.com,France,Glasgow,2023-02-06,SMB
9333,Customer 9333,customer9333@email.com,Germany,Manchester,2024-12-28,SMB
9334,Customer 9334,customer9334@email.com,Germany,London,2022-06-03,Corporate
9335,Customer 9335,customer9335@email.com,Canada,Birmingham,2022-09-30,Corporate
9336,Customer 9336,customer9336@email.com,USA,London,2021-03-24,SMB
9337,Customer 9337,customer9337@email.com,France,Birmingham,2021-01-28,SMB
9338,Customer 9338,customer9338@email.com,Australia,Manchester,2021-09-23,SMB
9339,Customer 9339,customer9339@email.com,USA,London,2024-07-30,SMB
9340,Customer 9340,customer9340@email.com,France,Leeds,2022-02-01,Consumer
9341,Customer 9341,customer9341@email.com,Germany,Manchester,2023-08-20,Corporate
9342,Customer 9342,customer9342@email.com,Canada,London,2023-02-02,SMB
9343,Customer 9343,customer9343@email.com,USA,Birmingham,2023-09-07,Corporate
9344,Customer 9344,customer9344@email.com,Germany,Birmingham,2024-11-07,SMB
9345,Customer 9345,customer9345@email.com,France,Manchester,2023-03-22,Consumer
9346,Customer 9346,customer9346@email.com,USA,Manchester,2022-08-04,Corporate
9347,Customer 9347,customer9347@email.com,Australia,Birmingham,2024-09-04,Consumer
9348,Customer 9348,customer9348@email.com,USA,London,2022-09-03,Corporate
9349,Customer 9349,customer9349@email.com,Germany,Leeds,2021-07-12,Consumer
9350,Customer 9350,customer9350@email.com,USA,Glasgow,2021-08-15,SMB
9351,Customer 9351,customer9351@email.com,Australia,Manchester,2022-03-27,SMB
9352,Customer 9352,customer9352@email.com,Canada,Birmingham,2024-04-20,Consumer
9353,Customer 9353,customer9353@email.com,Canada,London,2023-07-21,SMB
9354,Customer 9354,customer9354@email.com,Germany,Manchester,2024-09-12,Consumer
9355,Customer 9355,customer9355@email.com,France,London,2022-10-17,Consumer
9356,Customer 9356,customer9356@email.com,Germany,Manchester,2021-07-22,Corporate
9357,Customer 9357,customer9357@email.com,Canada,Birmingham,2022-02-06,Consumer
9358,Customer 9358,customer9358@email.com,UK,London,2022-04-17,Corporate
9359,Customer 9359,customer9359@email.com,UK,Birmingham,2023-06-09,Consumer
9360,Customer 9360,customer9360@email.com,USA,London,2021-06-28,Corporate
9361,Customer 9361,customer9361@email.com,Australia,Manchester,2023-11-08,Corporate
9362,Customer 9362,customer9362@email.com,USA,Glasgow,2022-04-08,SMB
9363,Customer 9363,customer9363@email.com,UK,Glasgow,2023-04-15,Corporate
9364,Customer 9364,customer9364@email.com,Canada,Leeds,2022-09-01,Corporate
9365,Customer 9365,customer9365@email.com,USA,Leeds,2023-07-15,Consumer
9366,Customer 9366,customer9366@email.com,Germany,Birmingham,2024-11-27,Corporate
9367,Customer 9367,customer9367@email.com,Australia,London,2024-11-17,SMB
9368,Customer 9368,customer9368@email.com,Germany,Leeds,2023-07-25,Consumer
9369,Customer 9369,customer9369@email.com,Australia,Manchester,2021-10-27,Corporate
9370,Customer 9370,customer9370@email.com,Canada,Glasgow,2021-12-17,Consumer
9371,Customer 9371,customer9371@email.com,USA,London,2021-07-06,Consumer
9372,Customer 9372,customer9372@email.com,Australia,Glasgow,2024-10-02,Consumer
9373,Customer 9373,customer9373@email.com,Germany,London,2022-09-15,Consumer
9374,Customer 9374,customer9374@email.com,USA,Leeds,2024-12-03,Consumer
9375,Customer 9375,customer9375@email.com,USA,Leeds,2021-03-12,Corporate
9376,Customer 9376,customer9376@email.com,Germany,Birmingham,2024-09-12,Consumer
9377,Customer 9377,customer9377@email.com,UK,London,2024-05-20,Consumer
9378,Customer 9378,customer9378@email.com,Australia,Manchester,2021-11-05,SMB
9379,Customer 9379,customer9379@email.com,Germany,Leeds,2024-02-06,SMB
9380,Customer 9380,customer9380@email.com,Canada,Birmingham,2021-06-26,Consumer
9381,Customer 9381,customer9381@email.com,France,Leeds,2022-03-03,Corporate
9382,Customer 9382,customer9382@email.com,Germany,Glasgow,2023-01-10,SMB
9383,Customer 9383,customer9383@email.com,USA,Leeds,2022-06-15,SMB
9384,Customer 9384,customer9384@email.com,USA,London,2022-02-22,Consumer
9385,Customer 9385,customer9385@email.com,Germany,Birmingham,2021-09-05,Corporate
9386,Customer 9386,customer9386@email.com,France,London,2021-07-28,Corporate
9387,Customer 9387,customer9387@email.com,Germany,Manchester,2021-08-04,SMB
9388,Customer 9388,customer9388@email.com,France,Manchester,2022-12-14,SMB
9389,Customer 9389,customer9389@email.com,France,Leeds,2022-03-14,SMB
9390,Customer 9390,customer9390@email.com,Canada,Birmingham,2021-11-07,SMB
9391,Customer 9391,customer9391@email.com,Australia,Birmingham,2022-01-18,SMB
9392,Customer 9392,customer9392@email.com,USA,Birmingham,2023-09-08,Consumer
9393,Customer 9393,customer9393@email.com,USA,Birmingham,2024-07-18,Consumer
9394,Customer 9394,customer9394@email.com,France,Leeds,2021-05-01,Consumer
9395,Customer 9395,customer9395@email.com,USA,London,2022-02-11,SMB
9396,Customer 9396,customer9396@email.com,UK,Leeds,2021-09-02,Consumer
9397,Customer 9397,customer9397@email.com,France,London,2021-03-07,SMB
9398,Customer 9398,customer9398@email.com,USA,Glasgow,2023-07-31,Corporate
9399,Customer 9399,customer9399@email.com,UK,Glasgow,2021-08-16,Corporate
9400,Customer 9400,customer9400@email.com,Canada,London,2023-06-01,Consumer
9401,Customer 9401,customer9401@email.com,USA,Leeds,2021-05-17,Corporate
9402,Customer 9402,customer9402@email.com,UK,Manchester,2021-07-13,Corporate
9403,Customer 9403,customer9403@email.com,Germany,Leeds,2022-12-07,Corporate
9404,Customer 9404,customer9404@email.com,Australia,Manchester,2022-10-20,Consumer
9405,Customer 9405,customer9405@email.com,Germany,Leeds,2022-10-19,Corporate
9406,Customer 9406,customer9406@email.com,UK,Birmingham,2024-10-09,Consumer
9407,Customer 9407,customer9407@email.com,France,Birmingham,2023-07-19,SMB
9408,Customer 9408,customer9408@email.com,France,Glasgow,2022-07-10,SMB
9409,Customer 9409,customer9409@email.com,USA,Glasgow,2024-03-26,Consumer
9410,Customer 9410,customer9410@email.com,Germany,London,2023-08-16,Consumer
9411,Customer 9411,customer9411@email.com,France,Manchester,2025-02-08,Corporate
9412,Customer 9412,customer9412@email.com,France,Birmingham,2023-11-06,SMB
9413,Customer 9413,customer9413@email.com,Germany,Leeds,2024-01-07,Corporate
9414,Customer 9414,customer9414@email.com,Canada,London,2021-02-21,SMB
9415,Customer 9415,customer9415@email.com,France,Leeds,2022-05-29,Corporate
9416,Customer 9416,customer9416@email.com,Australia,Birmingham,2023-01-14,Corporate
9417,Customer 9417,customer9417@email.com,UK,Birmingham,2023-12-21,SMB
9418,Customer 9418,customer9418@email.com,USA,Birmingham,2024-03-01,Corporate
9419,Customer 9419,customer9419@email.com,France,Birmingham,2024-11-06,SMB
9420,Customer 9420,customer9420@email.com,Australia,Leeds,2022-11-23,Consumer
9421,Customer 9421,customer9421@email.com,Australia,London,2022-06-27,Corporate
9422,Customer 9422,customer9422@email.com,France,Birmingham,2022-02-14,SMB
9423,Customer 9423,customer9423@email.com,Canada,Glasgow,2021-06-04,SMB
9424,Customer 9424,customer9424@email.com,UK,London,2022-09-25,Corporate
9425,Customer 9425,customer9425@email.com,USA,Glasgow,2021-02-20,SMB
9426,Customer 9426,customer9426@email.com,France,Leeds,2023-10-21,Corporate
9427,Customer 9427,customer9427@email.com,USA,Birmingham,2023-09-21,Corporate
9428,Customer 9428,customer9428@email.com,Germany,London,2024-01-24,Consumer
9429,Customer 9429,customer9429@email.com,Australia,Birmingham,2022-06-08,Consumer
9430,Customer 9430,customer9430@email.com,Australia,Birmingham,2021-12-21,Consumer
9431,Customer 9431,customer9431@email.com,France,London,2023-12-05,Corporate
9432,Customer 9432,customer9432@email.com,France,Birmingham,2023-03-13,Corporate
9433,Customer 9433,customer9433@email.com,Germany,Birmingham,2024-05-13,SMB
9434,Customer 9434,customer9434@email.com,Canada,Manchester,2023-04-20,Consumer
9435,Customer 9435,customer9435@email.com,France,Manchester,2024-12-25,Consumer
9436,Customer 9436,customer9436@email.com,Australia,London,2021-09-13,SMB
9437,Customer 9437,customer9437@email.com,USA,London,2021-09-05,Consumer
9438,Customer 9438,customer9438@email.com,UK,Birmingham,2022-06-17,Consumer
9439,Customer 9439,customer9439@email.com,USA,Glasgow,2021-02-10,Consumer
9440,Customer 9440,customer9440@email.com,Canada,London,2025-01-22,SMB
9441,Customer 9441,customer9441@email.com,UK,Birmingham,2023-03-01,Consumer
9442,Customer 9442,customer9442@email.com,USA,Glasgow,2024-07-24,Corporate
9443,Customer 9443,customer9443@email.com,USA,Manchester,2021-07-14,Consumer
9444,Customer 9444,customer9444@email.com,Germany,London,2023-12-31,Corporate
9445,Customer 9445,customer9445@email.com,Canada,Birmingham,2024-07-17,Consumer
9446,Customer 9446,customer9446@email.com,Australia,Manchester,2024-09-20,Corporate
9447,Customer 9447,customer9447@email.com,Germany,Leeds,2021-11-04,Consumer
9448,Customer 9448,customer9448@email.com,UK,Manchester,2024-12-21,Corporate
9449,Customer 9449,customer9449@email.com,Australia,Birmingham,2024-05-07,Corporate
9450,Customer 9450,customer9450@email.com,Germany,Glasgow,2021-03-17,Consumer
9451,Customer 9451,customer9451@email.com,Canada,Leeds,2023-02-26,SMB
9452,Customer 9452,customer9452@email.com,France,Leeds,2023-03-06,Consumer
9453,Customer 9453,customer9453@email.com,France,Leeds,2021-08-18,SMB
9454,Customer 9454,customer9454@email.com,UK,London,2021-03-26,SMB
9455,Customer 9455,customer9455@email.com,France,Birmingham,2024-03-31,SMB
9456,Customer 9456,customer9456@email.com,Germany,Leeds,2022-02-01,SMB
9457,Customer 9457,customer9457@email.com,UK,Manchester,2024-10-26,SMB
9458,Customer 9458,customer9458@email.com,Australia,Glasgow,2021-08-03,SMB
9459,Customer 9459,customer9459@email.com,Canada,Birmingham,2023-10-22,Consumer
9460,Customer 9460,customer9460@email.com,UK,Manchester,2022-01-12,Corporate
9461,Customer 9461,customer9461@email.com,Australia,London,2022-02-16,Corporate
9462,Customer 9462,customer9462@email.com,UK,Leeds,2023-03-11,Consumer
9463,Customer 9463,customer9463@email.com,USA,Manchester,2024-05-08,Consumer
9464,Customer 9464,customer9464@email.com,USA,Birmingham,2024-04-21,Consumer
9465,Customer 9465,customer9465@email.com,UK,Manchester,2022-02-14,SMB
9466,Customer 9466,customer9466@email.com,France,London,2024-11-22,SMB
9467,Customer 9467,customer9467@email.com,USA,Glasgow,2021-08-04,Corporate
9468,Customer 9468,customer9468@email.com,Canada,Leeds,2023-01-22,Consumer
9469,Customer 9469,customer9469@email.com,Australia,Birmingham,2021-12-15,Corporate
9470,Customer 9470,customer9470@email.com,Germany,Leeds,2023-04-11,Corporate
9471,Customer 9471,customer9471@email.com,USA,Leeds,2022-10-16,SMB
9472,Customer 9472,customer9472@email.com,UK,Leeds,2023-10-19,SMB
9473,Customer 9473,customer9473@email.com,France,Manchester,2023-12-01,Corporate
9474,Customer 9474,customer9474@email.com,Germany,Manchester,2021-01-03,SMB
9475,Customer 9475,customer9475@email.com,Australia,Glasgow,2024-01-23,SMB
9476,Customer 9476,customer9476@email.com,Australia,London,2023-12-19,SMB
9477,Customer 9477,customer9477@email.com,USA,Birmingham,2023-01-10,Corporate
9478,Customer 9478,customer9478@email.com,Australia,Manchester,2022-02-11,Corporate
9479,Customer 9479,customer9479@email.com,Australia,Leeds,2021-01-18,Corporate
9480,Customer 9480,customer9480@email.com,France,London,2023-01-21,Consumer
9481,Customer 9481,customer9481@email.com,France,Birmingham,2022-08-09,Corporate
9482,Customer 9482,customer9482@email.com,France,Birmingham,2023-06-07,SMB
9483,Customer 9483,customer9483@email.com,UK,Birmingham,2021-11-28,Corporate
9484,Customer 9484,customer9484@email.com,Australia,Birmingham,2023-10-10,Consumer
9485,Customer 9485,customer9485@email.com,Australia,Glasgow,2021-06-18,SMB
9486,Customer 9486,customer9486@email.com,Australia,Birmingham,2023-02-15,Corporate
9487,Customer 9487,customer9487@email.com,Canada,London,2023-04-29,Corporate
9488,Customer 9488,customer9488@email.com,France,Manchester,2023-07-30,SMB
9489,Customer 9489,customer9489@email.com,Germany,London,2021-07-25,Corporate
9490,Customer 9490,customer9490@email.com,USA,Leeds,2022-06-05,Consumer
9491,Customer 9491,customer9491@email.com,Germany,Glasgow,2023-10-15,SMB
9492,Customer 9492,customer9492@email.com,UK,Glasgow,2024-10-01,Corporate
9493,Customer 9493,customer9493@email.com,UK,Leeds,2021-10-31,SMB
9494,Customer 9494,customer9494@email.com,Australia,London,2021-04-25,Corporate
9495,Customer 9495,customer9495@email.com,Germany,London,2022-10-26,Corporate
9496,Customer 9496,customer9496@email.com,Australia,Leeds,2021-03-28,SMB
9497,Customer 9497,customer9497@email.com,Canada,Birmingham,2024-01-24,Corporate
9498,Customer 9498,customer9498@email.com,UK,Birmingham,2023-01-13,Corporate
9499,Customer 9499,customer9499@email.com,UK,Manchester,2022-03-04,SMB
9500,Customer 9500,customer9500@email.com,Germany,London,2022-03-26,Corporate
9501,Customer 9501,customer9501@email.com,UK,London,2023-02-25,Corporate
9502,Customer 9502,customer9502@email.com,Canada,Leeds,2022-12-16,SMB
9503,Customer 9503,customer9503@email.com,Canada,Leeds,2021-01-02,Consumer
9504,Customer 9504,customer9504@email.com,Canada,Birmingham,2024-01-07,Consumer
9505,Customer 9505,customer9505@email.com,USA,London,2024-09-09,Consumer
9506,Customer 9506,customer9506@email.com,Canada,London,2023-01-13,Consumer
9507,Customer 9507,customer9507@email.com,Canada,Glasgow,2024-01-27,Consumer
9508,Customer 9508,customer9508@email.com,USA,Manchester,2021-04-20,Consumer
9509,Customer 9509,customer9509@email.com,Australia,Manchester,2022-11-10,SMB
9510,Customer 9510,customer9510@email.com,France,Birmingham,2025-01-20,SMB
9511,Customer 9511,customer9511@email.com,UK,London,2022-01-06,SMB
9512,Customer 9512,customer9512@email.com,Canada,Glasgow,2024-09-22,Corporate
9513,Customer 9513,customer9513@email.com,UK,London,2023-06-09,Consumer
9514,Customer 9514,customer9514@email.com,Germany,Leeds,2022-08-22,Consumer
9515,Customer 9515,customer9515@email.com,UK,Birmingham,2023-11-12,SMB
9516,Customer 9516,customer9516@email.com,Australia,Manchester,2022-12-23,Corporate
9517,Customer 9517,customer9517@email.com,USA,London,2021-11-01,Corporate
9518,Customer 9518,customer9518@email.com,UK,Birmingham,2023-07-13,SMB
9519,Customer 9519,customer9519@email.com,UK,Manchester,2024-07-19,Consumer
9520,Customer 9520,customer9520@email.com,UK,London,2023-04-16,Corporate
9521,Customer 9521,customer9521@email.com,France,Glasgow,2022-03-22,Consumer
9522,Customer 9522,customer9522@email.com,France,Birmingham,2023-07-21,Corporate
9523,Customer 9523,customer9523@email.com,Germany,London,2021-10-05,Consumer
9524,Customer 9524,customer9524@email.com,USA,Manchester,2022-01-12,Corporate
9525,Customer 9525,customer9525@email.com,UK,Manchester,2021-08-20,Consumer
9526,Customer 9526,customer9526@email.com,UK,Glasgow,2022-08-15,Consumer
9527,Customer 9527,customer9527@email.com,UK,Birmingham,2022-03-02,Consumer
9528,Customer 9528,customer9528@email.com,UK,Birmingham,2023-12-15,SMB
9529,Customer 9529,customer9529@email.com,France,London,2022-03-17,Consumer
9530,Customer 9530,customer9530@email.com,Australia,Manchester,2021-02-03,Consumer
9531,Customer 9531,customer9531@email.com,Australia,Manchester,2021-11-25,Corporate
9532,Customer 9532,customer9532@email.com,Germany,Glasgow,2023-04-25,Corporate
9533,Customer 9533,customer9533@email.com,Canada,Glasgow,2022-03-30,SMB
9534,Customer 9534,customer9534@email.com,USA,Birmingham,2024-11-12,Corporate
9535,Customer 9535,customer9535@email.com,Australia,Manchester,2023-02-03,Consumer
9536,Customer 9536,customer9536@email.com,UK,London,2024-12-24,SMB
9537,Customer 9537,customer9537@email.com,Australia,Leeds,2025-02-08,SMB
9538,Customer 9538,customer9538@email.com,Germany,London,2024-02-23,SMB
9539,Customer 9539,customer9539@email.com,Canada,Glasgow,2022-06-07,Consumer
9540,Customer 9540,customer9540@email.com,Australia,London,2022-04-27,Consumer
9541,Customer 9541,customer9541@email.com,Germany,Manchester,2021-11-13,Corporate
9542,Customer 9542,customer9542@email.com,France,Birmingham,2021-05-02,Corporate
9543,Customer 9543,customer9543@email.com,Canada,Leeds,2022-08-04,Corporate
9544,Customer 9544,customer9544@email.com,Germany,Birmingham,2024-08-29,SMB
9545,Customer 9545,customer9545@email.com,Australia,Leeds,2022-05-02,Consumer
9546,Customer 9546,customer9546@email.com,France,Leeds,2023-11-02,Corporate
9547,Customer 9547,customer9547@email.com,Germany,Manchester,2021-05-05,Consumer
9548,Customer 9548,customer9548@email.com,Germany,Manchester,2022-10-21,SMB
9549,Customer 9549,customer9549@email.com,Australia,Glasgow,2024-01-06,Consumer
9550,Customer 9550,customer9550@email.com,Canada,Glasgow,2022-08-03,Consumer
9551,Customer 9551,customer9551@email.com,France,Leeds,2022-12-19,SMB
9552,Customer 9552,customer9552@email.com,UK,Glasgow,2024-06-13,Corporate
9553,Customer 9553,customer9553@email.com,USA,Manchester,2023-02-09,Consumer
9554,Customer 9554,customer9554@email.com,Canada,Glasgow,2024-07-01,Consumer
9555,Customer 9555,customer9555@email.com,France,Leeds,2023-06-23,SMB
9556,Customer 9556,customer9556@email.com,Germany,Birmingham,2022-02-10,Consumer
9557,Customer 9557,customer9557@email.com,France,London,2024-06-20,Consumer
9558,Customer 9558,customer9558@email.com,USA,Glasgow,2025-01-24,Consumer
9559,Customer 9559,customer9559@email.com,Australia,Manchester,2021-10-04,SMB
9560,Customer 9560,customer9560@email.com,USA,Birmingham,2025-02-01,Consumer
9561,Customer 9561,customer9561@email.com,UK,Manchester,2024-05-28,SMB
9562,Customer 9562,customer9562@email.com,UK,Glasgow,2024-06-02,Corporate
9563,Customer 9563,customer9563@email.com,USA,Leeds,2023-07-14,Consumer
9564,Customer 9564,customer9564@email.com,Canada,London,2024-01-30,SMB
9565,Customer 9565,customer9565@email.com,Canada,London,2023-05-04,SMB
9566,Customer 9566,customer9566@email.com,Germany,Birmingham,2022-05-22,Consumer
9567,Customer 9567,customer9567@email.com,UK,London,2024-09-16,SMB
9568,Customer 9568,customer9568@email.com,Germany,Leeds,2021-08-25,Corporate
9569,Customer 9569,customer9569@email.com,UK,Manchester,2023-09-21,Corporate
9570,Customer 9570,customer9570@email.com,USA,Leeds,2024-09-24,Corporate
9571,Customer 9571,customer9571@email.com,Canada,Birmingham,2023-01-22,Corporate
9572,Customer 9572,customer9572@email.com,Canada,Birmingham,2022-05-21,SMB
9573,Customer 9573,customer9573@email.com,USA,London,2021-06-14,SMB
9574,Customer 9574,customer9574@email.com,Germany,Leeds,2023-04-26,Corporate
9575,Customer 9575,customer9575@email.com,Germany,Manchester,2022-12-29,Corporate
9576,Customer 9576,customer9576@email.com,France,Leeds,2024-05-26,Corporate
9577,Customer 9577,customer9577@email.com,UK,Manchester,2022-01-11,Corporate
9578,Customer 9578,customer9578@email.com,Germany,Manchester,2023-11-02,Corporate
9579,Customer 9579,customer9579@email.com,USA,Leeds,2024-12-26,SMB
9580,Customer 9580,customer9580@email.com,Germany,Glasgow,2021-03-24,Corporate
9581,Customer 9581,customer9581@email.com,Canada,Leeds,2022-03-07,Corporate
9582,Customer 9582,customer9582@email.com,UK,Manchester,2022-04-23,Consumer
9583,Customer 9583,customer9583@email.com,Australia,Birmingham,2023-02-22,SMB
9584,Customer 9584,customer9584@email.com,France,Birmingham,2022-01-04,Corporate
9585,Customer 9585,customer9585@email.com,UK,London,2023-08-13,SMB
9586,Customer 9586,customer9586@email.com,Canada,Birmingham,2021-05-21,Consumer
9587,Customer 9587,customer9587@email.com,Canada,Glasgow,2022-12-21,Consumer
9588,Customer 9588,customer9588@email.com,Canada,Manchester,2025-01-19,Corporate
9589,Customer 9589,customer9589@email.com,Canada,Leeds,2024-11-27,Corporate
9590,Customer 9590,customer9590@email.com,USA,Leeds,2023-10-13,Corporate
9591,Customer 9591,customer9591@email.com,France,Glasgow,2021-10-15,Corporate
9592,Customer 9592,customer9592@email.com,Australia,Birmingham,2021-12-21,Consumer
9593,Customer 9593,customer9593@email.com,Canada,Manchester,2021-12-09,SMB
9594,Customer 9594,customer9594@email.com,Canada,Birmingham,2021-05-29,Corporate
9595,Customer 9595,customer9595@email.com,Germany,London,2021-07-29,SMB
9596,Customer 9596,customer9596@email.com,France,Birmingham,2024-02-10,Corporate
9597,Customer 9597,customer9597@email.com,UK,London,2022-10-16,Corporate
9598,Customer 9598,customer9598@email.com,France,Leeds,2023-09-03,Consumer
9599,Customer 9599,customer9599@email.com,France,Manchester,2022-06-20,Corporate
9600,Customer 9600,customer9600@email.com,Australia,London,2023-12-09,Corporate
9601,Customer 9601,customer9601@email.com,France,Birmingham,2021-11-27,Corporate
9602,Customer 9602,customer9602@email.com,Australia,Birmingham,2021-12-31,Consumer
9603,Customer 9603,customer9603@email.com,Canada,Leeds,2021-01-11,SMB
9604,Customer 9604,customer9604@email.com,Canada,Glasgow,2024-04-26,Consumer
9605,Customer 9605,customer9605@email.com,USA,Glasgow,2022-05-24,Corporate
9606,Customer 9606,customer9606@email.com,Australia,Birmingham,2022-08-03,Corporate
9607,Customer 9607,customer9607@email.com,Australia,Glasgow,2025-01-08,Corporate
9608,Customer 9608,customer9608@email.com,UK,Manchester,2024-01-19,SMB
9609,Customer 9609,customer9609@email.com,Germany,Glasgow,2022-09-14,SMB
9610,Customer 9610,customer9610@email.com,France,Manchester,2023-06-20,Corporate
9611,Customer 9611,customer9611@email.com,UK,Birmingham,2025-01-11,Corporate
9612,Customer 9612,customer9612@email.com,Australia,Birmingham,2022-12-19,SMB
9613,Customer 9613,customer9613@email.com,UK,Birmingham,2023-11-22,Consumer
9614,Customer 9614,customer9614@email.com,USA,Leeds,2021-11-23,Consumer
9615,Customer 9615,customer9615@email.com,Germany,Glasgow,2021-03-15,SMB
9616,Customer 9616,customer9616@email.com,Australia,London,2021-09-08,SMB
9617,Customer 9617,customer9617@email.com,Australia,London,2022-03-26,Corporate
9618,Customer 9618,customer9618@email.com,France,Birmingham,2023-06-25,SMB
9619,Customer 9619,customer9619@email.com,Germany,Glasgow,2021-12-21,SMB
9620,Customer 9620,customer9620@email.com,USA,Manchester,2022-06-17,Corporate
9621,Customer 9621,customer9621@email.com,Canada,London,2021-10-23,SMB
9622,Customer 9622,customer9622@email.com,UK,Birmingham,2021-10-25,Corporate
9623,Customer 9623,customer9623@email.com,France,London,2024-09-13,Consumer
9624,Customer 9624,customer9624@email.com,Australia,London,2021-10-29,Consumer
9625,Customer 9625,customer9625@email.com,Canada,London,2022-05-27,Consumer
9626,Customer 9626,customer9626@email.com,USA,Birmingham,2024-09-23,Corporate
9627,Customer 9627,customer9627@email.com,Germany,Birmingham,2022-08-08,Consumer
9628,Customer 9628,customer9628@email.com,UK,Leeds,2022-01-09,Consumer
9629,Customer 9629,customer9629@email.com,France,Leeds,2024-01-23,Corporate
9630,Customer 9630,customer9630@email.com,Australia,Leeds,2021-05-12,Corporate
9631,Customer 9631,customer9631@email.com,Australia,London,2023-06-29,Consumer
9632,Customer 9632,customer9632@email.com,Canada,Glasgow,2021-02-22,Consumer
9633,Customer 9633,customer9633@email.com,Canada,Birmingham,2021-08-17,Consumer
9634,Customer 9634,customer9634@email.com,UK,Leeds,2022-10-02,SMB
9635,Customer 9635,customer9635@email.com,Germany,Glasgow,2024-05-20,Corporate
9636,Customer 9636,customer9636@email.com,USA,Leeds,2023-03-08,Corporate
9637,Customer 9637,customer9637@email.com,Germany,Leeds,2023-03-02,Corporate
9638,Customer 9638,customer9638@email.com,Germany,Glasgow,2022-05-10,Corporate
9639,Customer 9639,customer9639@email.com,Germany,Leeds,2023-05-03,Consumer
9640,Customer 9640,customer9640@email.com,UK,London,2022-11-02,Corporate
9641,Customer 9641,customer9641@email.com,UK,London,2024-06-10,SMB
9642,Customer 9642,customer9642@email.com,USA,London,2023-12-31,SMB
9643,Customer 9643,customer9643@email.com,Germany,Manchester,2021-07-08,Consumer
9644,Customer 9644,customer9644@email.com,UK,Leeds,2022-10-25,Consumer
9645,Customer 9645,customer9645@email.com,USA,Manchester,2021-01-08,Corporate
9646,Customer 9646,customer9646@email.com,Australia,Birmingham,2021-11-28,Consumer
9647,Customer 9647,customer9647@email.com,USA,Glasgow,2023-11-06,Consumer
9648,Customer 9648,customer9648@email.com,Germany,Birmingham,2022-10-28,Consumer
9649,Customer 9649,customer9649@email.com,France,Manchester,2022-10-31,SMB
9650,Customer 9650,customer9650@email.com,Germany,London,2024-01-22,Corporate
9651,Customer 9651,customer9651@email.com,France,Leeds,2024-07-09,Consumer
9652,Customer 9652,customer9652@email.com,USA,Leeds,2021-06-10,Corporate
9653,Customer 9653,customer9653@email.com,Australia,London,2021-12-17,Corporate
9654,Customer 9654,customer9654@email.com,Australia,Leeds,2024-04-12,Corporate
9655,Customer 9655,customer9655@email.com,UK,Glasgow,2021-11-13,SMB
9656,Customer 9656,customer9656@email.com,Australia,Glasgow,2023-07-26,Corporate
9657,Customer 9657,customer9657@email.com,Canada,Glasgow,2021-01-18,Corporate
9658,Customer 9658,customer9658@email.com,USA,Birmingham,2022-05-01,Consumer
9659,Customer 9659,customer9659@email.com,UK,London,2022-01-02,Consumer
9660,Customer 9660,customer9660@email.com,Australia,Glasgow,2021-12-17,SMB
9661,Customer 9661,customer9661@email.com,USA,Manchester,2022-06-12,Corporate
9662,Customer 9662,customer9662@email.com,Germany,Glasgow,2023-05-22,SMB
9663,Customer 9663,customer9663@email.com,Australia,Birmingham,2024-12-29,Corporate
9664,Customer 9664,customer9664@email.com,France,Manchester,2023-07-22,SMB
9665,Customer 9665,customer9665@email.com,USA,London,2021-09-27,Corporate
9666,Customer 9666,customer9666@email.com,UK,London,2023-05-21,Consumer
9667,Customer 9667,customer9667@email.com,Germany,Glasgow,2023-12-28,SMB
9668,Customer 9668,customer9668@email.com,Canada,Manchester,2023-11-20,Consumer
9669,Customer 9669,customer9669@email.com,Germany,Manchester,2021-11-12,Corporate
9670,Customer 9670,customer9670@email.com,Australia,Glasgow,2023-01-07,SMB
9671,Customer 9671,customer9671@email.com,France,Glasgow,2021-06-13,Consumer
9672,Customer 9672,customer9672@email.com,Germany,Leeds,2023-07-15,Consumer
9673,Customer 9673,customer9673@email.com,Canada,Leeds,2021-11-16,Consumer
9674,Customer 9674,customer9674@email.com,UK,Glasgow,2023-11-04,Corporate
9675,Customer 9675,customer9675@email.com,USA,Birmingham,2021-10-06,SMB
9676,Customer 9676,customer9676@email.com,France,Leeds,2022-03-08,Consumer
9677,Customer 9677,customer9677@email.com,Canada,Glasgow,2022-10-30,Corporate
9678,Customer 9678,customer9678@email.com,Australia,Manchester,2022-09-26,Corporate
9679,Customer 9679,customer9679@email.com,Australia,Leeds,2024-07-10,Corporate
9680,Customer 9680,customer9680@email.com,Australia,Birmingham,2022-06-06,SMB
9681,Customer 9681,customer9681@email.com,France,London,2023-08-22,Corporate
9682,Customer 9682,customer9682@email.com,Germany,Manchester,2024-04-10,Corporate
9683,Customer 9683,customer9683@email.com,France,Birmingham,2021-12-24,SMB
9684,Customer 9684,customer9684@email.com,Australia,Birmingham,2023-11-03,SMB
9685,Customer 9685,customer9685@email.com,Canada,Birmingham,2022-12-26,Corporate
9686,Customer 9686,customer9686@email.com,USA,Manchester,2022-11-04,Corporate
9687,Customer 9687,customer9687@email.com,USA,Birmingham,2021-08-20,Consumer
9688,Customer 9688,customer9688@email.com,France,London,2025-02-08,SMB
9689,Customer 9689,customer9689@email.com,Australia,Leeds,2022-04-16,SMB
9690,Customer 9690,customer9690@email.com,UK,Manchester,2024-03-29,Consumer
9691,Customer 9691,customer9691@email.com,France,Birmingham,2022-10-01,Corporate
9692,Customer 9692,customer9692@email.com,Australia,Glasgow,2022-07-14,Corporate
9693,Customer 9693,customer9693@email.com,Germany,Leeds,2024-07-08,Corporate
9694,Customer 9694,customer9694@email.com,USA,Manchester,2022-07-27,Corporate
9695,Customer 9695,customer9695@email.com,USA,Glasgow,2022-08-25,Consumer
9696,Customer 9696,customer9696@email.com,USA,Glasgow,2024-10-14,SMB
9697,Customer 9697,customer9697@email.com,UK,Birmingham,2021-09-12,SMB
9698,Customer 9698,customer9698@email.com,Australia,Manchester,2022-08-25,Corporate
9699,Customer 9699,customer9699@email.com,Australia,Birmingham,2021-10-07,Consumer
9700,Customer 9700,customer9700@email.com,Australia,London,2021-04-27,Corporate
9701,Customer 9701,customer9701@email.com,Australia,Glasgow,2022-09-02,Corporate
9702,Customer 9702,customer9702@email.com,UK,London,2024-03-31,Consumer
9703,Customer 9703,customer9703@email.com,Canada,Birmingham,2023-05-02,Consumer
9704,Customer 9704,customer9704@email.com,France,Leeds,2021-10-25,SMB
9705,Customer 9705,customer9705@email.com,France,Glasgow,2023-07-05,SMB
9706,Customer 9706,customer9706@email.com,Australia,Leeds,2024-08-13,Corporate
9707,Customer 9707,customer9707@email.com,Germany,Manchester,2024-10-13,Corporate
9708,Customer 9708,customer9708@email.com,USA,Glasgow,2022-06-02,SMB
9709,Customer 9709,customer9709@email.com,UK,London,2022-01-13,Consumer
9710,Customer 9710,customer9710@email.com,Germany,Leeds,2022-03-02,Corporate
9711,Customer 9711,customer9711@email.com,Germany,Manchester,2022-06-21,Corporate
9712,Customer 9712,customer9712@email.com,Australia,Glasgow,2022-07-07,Consumer
9713,Customer 9713,customer9713@email.com,UK,Manchester,2021-06-18,Corporate
9714,Customer 9714,customer9714@email.com,France,London,2022-05-30,Consumer
9715,Customer 9715,customer9715@email.com,USA,Glasgow,2024-10-19,SMB
9716,Customer 9716,customer9716@email.com,France,Manchester,2022-03-06,SMB
9717,Customer 9717,customer9717@email.com,Germany,Birmingham,2022-07-23,SMB
9718,Customer 9718,customer9718@email.com,USA,Glasgow,2021-03-24,SMB
9719,Customer 9719,customer9719@email.com,Canada,Glasgow,2021-11-26,SMB
9720,Customer 9720,customer9720@email.com,Germany,Glasgow,2022-11-22,Corporate
9721,Customer 9721,customer9721@email.com,France,Glasgow,2024-03-02,SMB
9722,Customer 9722,customer9722@email.com,France,Birmingham,2022-04-02,Corporate
9723,Customer 9723,customer9723@email.com,Australia,London,2021-12-19,Corporate
9724,Customer 9724,customer9724@email.com,France,Birmingham,2021-12-10,Consumer
9725,Customer 9725,customer9725@email.com,UK,Birmingham,2024-01-23,Corporate
9726,Customer 9726,customer9726@email.com,Germany,Manchester,2024-11-06,Corporate
9727,Customer 9727,customer9727@email.com,USA,Leeds,2023-02-01,SMB
9728,Customer 9728,customer9728@email.com,France,Leeds,2024-08-11,SMB
9729,Customer 9729,customer9729@email.com,Australia,Manchester,2021-07-17,Consumer
9730,Customer 9730,customer9730@email.com,Australia,Birmingham,2021-03-20,Consumer
9731,Customer 9731,customer9731@email.com,France,Manchester,2022-11-09,Corporate
9732,Customer 9732,customer9732@email.com,UK,Glasgow,2022-07-05,Consumer
9733,Customer 9733,customer9733@email.com,Australia,Manchester,2023-03-31,SMB
9734,Customer 9734,customer9734@email.com,USA,Manchester,2021-08-02,SMB
9735,Customer 9735,customer9735@email.com,Germany,Glasgow,2022-10-31,SMB
9736,Customer 9736,customer9736@email.com,Canada,Leeds,2023-09-16,Corporate
9737,Customer 9737,customer9737@email.com,UK,Glasgow,2023-06-13,Corporate
9738,Customer 9738,customer9738@email.com,Australia,London,2021-06-08,Consumer
9739,Customer 9739,customer9739@email.com,Germany,Manchester,2023-01-09,SMB
9740,Customer 9740,customer9740@email.com,Canada,Manchester,2022-07-11,Corporate
9741,Customer 9741,customer9741@email.com,France,Leeds,2021-07-20,Corporate
9742,Customer 9742,customer9742@email.com,France,Birmingham,2021-01-22,Consumer
9743,Customer 9743,customer9743@email.com,USA,Glasgow,2024-09-24,SMB
9744,Customer 9744,customer9744@email.com,Canada,Birmingham,2024-06-19,SMB
9745,Customer 9745,customer9745@email.com,France,London,2024-06-15,Consumer
9746,Customer 9746,customer9746@email.com,France,Glasgow,2024-03-18,Consumer
9747,Customer 9747,customer9747@email.com,Australia,London,2023-02-24,Consumer
9748,Customer 9748,customer9748@email.com,USA,London,2021-01-07,Consumer
9749,Customer 9749,customer9749@email.com,Germany,London,2024-06-10,SMB
9750,Customer 9750,customer9750@email.com,France,Glasgow,2023-03-15,SMB
9751,Customer 9751,customer9751@email.com,UK,Glasgow,2023-02-07,Consumer
9752,Customer 9752,customer9752@email.com,UK,Leeds,2022-08-02,Corporate
9753,Customer 9753,customer9753@email.com,Germany,Manchester,2024-01-06,Corporate
9754,Customer 9754,customer9754@email.com,Canada,Birmingham,2022-05-04,SMB
9755,Customer 9755,customer9755@email.com,USA,Birmingham,2023-07-15,SMB
9756,Customer 9756,customer9756@email.com,Australia,London,2021-03-28,Consumer
9757,Customer 9757,customer9757@email.com,UK,Glasgow,2021-08-10,Corporate
9758,Customer 9758,customer9758@email.com,UK,Glasgow,2022-02-17,SMB
9759,Customer 9759,customer9759@email.com,Germany,London,2022-08-07,Corporate
9760,Customer 9760,customer9760@email.com,Canada,Manchester,2021-07-21,Consumer
9761,Customer 9761,customer9761@email.com,Canada,Birmingham,2022-07-25,SMB
9762,Customer 9762,customer9762@email.com,Germany,Leeds,2024-07-23,SMB
9763,Customer 9763,customer9763@email.com,UK,Manchester,2021-08-09,Corporate
9764,Customer 9764,customer9764@email.com,USA,Glasgow,2021-06-06,Corporate
9765,Customer 9765,customer9765@email.com,UK,London,2024-04-19,SMB
9766,Customer 9766,customer9766@email.com,Canada,Birmingham,2021-05-09,Corporate
9767,Customer 9767,customer9767@email.com,Australia,London,2024-06-20,Corporate
9768,Customer 9768,customer9768@email.com,UK,Glasgow,2024-04-10,Consumer
9769,Customer 9769,customer9769@email.com,USA,London,2023-05-27,Corporate
9770,Customer 9770,customer9770@email.com,France,Birmingham,2021-09-27,SMB
9771,Customer 9771,customer9771@email.com,UK,London,2024-12-15,Consumer
9772,Customer 9772,customer9772@email.com,Germany,Birmingham,2021-06-12,SMB
9773,Customer 9773,customer9773@email.com,France,London,2023-08-13,Consumer
9774,Customer 9774,customer9774@email.com,Germany,London,2021-01-24,Consumer
9775,Customer 9775,customer9775@email.com,Germany,Birmingham,2022-05-12,Corporate
9776,Customer 9776,customer9776@email.com,Germany,London,2021-07-12,Corporate
9777,Customer 9777,customer9777@email.com,UK,Manchester,2023-05-28,SMB
9778,Customer 9778,customer9778@email.com,Canada,Leeds,2022-01-25,Corporate
9779,Customer 9779,customer9779@email.com,France,Manchester,2022-05-12,Consumer
9780,Customer 9780,customer9780@email.com,USA,Leeds,2023-08-22,Corporate
9781,Customer 9781,customer9781@email.com,Canada,Manchester,2023-03-17,SMB
9782,Customer 9782,customer9782@email.com,UK,Leeds,2021-05-09,Consumer
9783,Customer 9783,customer9783@email.com,Germany,London,2023-10-18,SMB
9784,Customer 9784,customer9784@email.com,USA,Birmingham,2022-07-07,Corporate
9785,Customer 9785,customer9785@email.com,France,Birmingham,2023-11-26,Consumer
9786,Customer 9786,customer9786@email.com,Canada,Glasgow,2025-01-20,SMB
9787,Customer 9787,customer9787@email.com,Australia,Leeds,2021-12-27,Corporate
9788,Customer 9788,customer9788@email.com,Canada,Glasgow,2023-02-04,Corporate
9789,Customer 9789,customer9789@email.com,USA,Glasgow,2024-05-23,SMB
9790,Customer 9790,customer9790@email.com,UK,Leeds,2021-10-14,Consumer
9791,Customer 9791,customer9791@email.com,France,Birmingham,2023-02-07,SMB
9792,Customer 9792,customer9792@email.com,USA,Leeds,2023-07-14,Corporate
9793,Customer 9793,customer9793@email.com,Germany,London,2022-01-04,SMB
9794,Customer 9794,customer9794@email.com,France,Glasgow,2025-02-01,Corporate
9795,Customer 9795,customer9795@email.com,Canada,Glasgow,2023-06-18,Consumer
9796,Customer 9796,customer9796@email.com,USA,Leeds,2024-04-24,SMB
9797,Customer 9797,customer9797@email.com,Canada,Glasgow,2025-02-06,Consumer
9798,Customer 9798,customer9798@email.com,Canada,Birmingham,2023-12-21,SMB
9799,Customer 9799,customer9799@email.com,Canada,Glasgow,2021-09-19,Corporate
9800,Customer 9800,customer9800@email.com,UK,Leeds,2023-02-27,Consumer
9801,Customer 9801,customer9801@email.com,Canada,Birmingham,2021-04-21,Corporate
9802,Customer 9802,customer9802@email.com,Germany,Birmingham,2023-07-31,SMB
9803,Customer 9803,customer9803@email.com,Germany,Glasgow,2021-05-21,Corporate
9804,Customer 9804,customer9804@email.com,France,Leeds,2023-01-15,SMB
9805,Customer 9805,customer9805@email.com,Australia,Glasgow,2022-06-19,Consumer
9806,Customer 9806,customer9806@email.com,Canada,London,2021-03-20,Corporate
9807,Customer 9807,customer9807@email.com,Canada,London,2023-11-21,Corporate
9808,Customer 9808,customer9808@email.com,USA,Birmingham,2022-05-24,SMB
9809,Customer 9809,customer9809@email.com,UK,Glasgow,2023-08-29,SMB
9810,Customer 9810,customer9810@email.com,Australia,London,2021-03-07,SMB
9811,Customer 9811,customer9811@email.com,France,Manchester,2024-10-26,Consumer
9812,Customer 9812,customer9812@email.com,Australia,London,2021-10-14,Corporate
9813,Customer 9813,customer9813@email.com,Canada,Glasgow,2024-04-14,SMB
9814,Customer 9814,customer9814@email.com,USA,Glasgow,2021-05-03,SMB
9815,Customer 9815,customer9815@email.com,UK,London,2024-06-08,Corporate
9816,Customer 9816,customer9816@email.com,France,Glasgow,2022-07-09,Consumer
9817,Customer 9817,customer9817@email.com,Australia,Glasgow,2023-10-01,Corporate
9818,Customer 9818,customer9818@email.com,France,Manchester,2021-01-04,SMB
9819,Customer 9819,customer9819@email.com,Canada,Birmingham,2022-02-16,Corporate
9820,Customer 9820,customer9820@email.com,France,Glasgow,2021-09-07,SMB
9821,Customer 9821,customer9821@email.com,USA,Leeds,2024-09-30,SMB
9822,Customer 9822,customer9822@email.com,France,Birmingham,2024-09-18,Corporate
9823,Customer 9823,customer9823@email.com,Germany,Birmingham,2022-03-29,Corporate
9824,Customer 9824,customer9824@email.com,USA,Leeds,2021-06-07,Consumer
9825,Customer 9825,customer9825@email.com,Australia,London,2023-04-17,SMB
9826,Customer 9826,customer9826@email.com,UK,Manchester,2023-10-11,SMB
9827,Customer 9827,customer9827@email.com,UK,Glasgow,2024-07-17,SMB
9828,Customer 9828,customer9828@email.com,Canada,London,2024-12-12,SMB
9829,Customer 9829,customer9829@email.com,Canada,Leeds,2025-01-03,SMB
9830,Customer 9830,customer9830@email.com,Germany,Manchester,2023-11-19,Corporate
9831,Customer 9831,customer9831@email.com,Australia,Manchester,2023-09-05,SMB
9832,Customer 9832,customer9832@email.com,UK,Manchester,2021-12-01,Corporate
9833,Customer 9833,customer9833@email.com,UK,Leeds,2024-06-15,Consumer
9834,Customer 9834,customer9834@email.com,UK,London,2021-06-02,SMB
9835,Customer 9835,customer9835@email.com,UK,Glasgow,2023-01-19,Consumer
9836,Customer 9836,customer9836@email.com,France,Manchester,2023-04-14,Corporate
9837,Customer 9837,customer9837@email.com,Australia,Manchester,2024-02-13,Corporate
9838,Customer 9838,customer9838@email.com,USA,London,2023-03-19,Consumer
9839,Customer 9839,customer9839@email.com,USA,Manchester,2023-01-28,SMB
9840,Customer 9840,customer9840@email.com,Germany,Manchester,2024-11-23,Corporate
9841,Customer 9841,customer9841@email.com,France,Leeds,2023-11-22,Corporate
9842,Customer 9842,customer9842@email.com,UK,Birmingham,2022-06-16,Corporate
9843,Customer 9843,customer9843@email.com,UK,London,2021-02-22,Corporate
9844,Customer 9844,customer9844@email.com,Canada,London,2022-12-19,Corporate
9845,Customer 9845,customer9845@email.com,Canada,London,2024-05-03,Corporate
9846,Customer 9846,customer9846@email.com,Germany,Leeds,2024-08-21,Consumer
9847,Customer 9847,customer9847@email.com,UK,Leeds,2021-12-11,SMB
9848,Customer 9848,customer9848@email.com,Germany,Glasgow,2024-01-11,SMB
9849,Customer 9849,customer9849@email.com,France,Leeds,2021-01-01,SMB
9850,Customer 9850,customer9850@email.com,USA,London,2021-06-16,SMB
9851,Customer 9851,customer9851@email.com,UK,Glasgow,2021-11-13,Consumer
9852,Customer 9852,customer9852@email.com,Australia,Birmingham,2024-04-21,Consumer
9853,Customer 9853,customer9853@email.com,France,Manchester,2023-08-23,SMB
9854,Customer 9854,customer9854@email.com,UK,Manchester,2023-06-17,Corporate
9855,Customer 9855,customer9855@email.com,Australia,Glasgow,2021-09-30,SMB
9856,Customer 9856,customer9856@email.com,Canada,Birmingham,2022-01-08,Corporate
9857,Customer 9857,customer9857@email.com,Germany,Manchester,2024-10-17,Corporate
9858,Customer 9858,customer9858@email.com,Canada,Glasgow,2023-06-19,Consumer
9859,Customer 9859,customer9859@email.com,USA,Leeds,2021-07-20,Corporate
9860,Customer 9860,customer9860@email.com,Canada,London,2024-04-30,Consumer
9861,Customer 9861,customer9861@email.com,UK,Birmingham,2024-09-26,SMB
9862,Customer 9862,customer9862@email.com,Australia,Manchester,2024-08-15,Consumer
9863,Customer 9863,customer9863@email.com,Canada,London,2021-05-20,Corporate
9864,Customer 9864,customer9864@email.com,UK,Glasgow,2021-11-02,Corporate
9865,Customer 9865,customer9865@email.com,USA,Manchester,2024-05-04,Corporate
9866,Customer 9866,customer9866@email.com,Australia,London,2023-12-21,SMB
9867,Customer 9867,customer9867@email.com,Canada,Leeds,2021-12-26,Consumer
9868,Customer 9868,customer9868@email.com,Germany,Birmingham,2021-11-03,SMB
9869,Customer 9869,customer9869@email.com,Germany,Glasgow,2021-11-29,Consumer
9870,Customer 9870,customer9870@email.com,Australia,Manchester,2024-01-12,SMB
9871,Customer 9871,customer9871@email.com,Germany,Leeds,2021-11-30,SMB
9872,Customer 9872,customer9872@email.com,Canada,Birmingham,2022-06-01,Corporate
9873,Customer 9873,customer9873@email.com,Canada,Birmingham,2023-01-01,SMB
9874,Customer 9874,customer9874@email.com,Australia,Leeds,2023-07-13,SMB
9875,Customer 9875,customer9875@email.com,Canada,Manchester,2023-02-05,Consumer
9876,Customer 9876,customer9876@email.com,UK,Birmingham,2025-02-06,SMB
9877,Customer 9877,customer9877@email.com,USA,Glasgow,2024-11-18,Corporate
9878,Customer 9878,customer9878@email.com,Germany,London,2023-02-24,SMB
9879,Customer 9879,customer9879@email.com,UK,Glasgow,2024-11-04,Consumer
9880,Customer 9880,customer9880@email.com,Australia,Birmingham,2021-01-21,Consumer
9881,Customer 9881,customer9881@email.com,Germany,London,2023-05-29,SMB
9882,Customer 9882,customer9882@email.com,UK,Leeds,2021-06-26,SMB
9883,Customer 9883,customer9883@email.com,Canada,London,2024-10-18,Consumer
9884,Customer 9884,customer9884@email.com,Australia,London,2021-01-22,Corporate
9885,Customer 9885,customer9885@email.com,Australia,London,2023-04-17,SMB
9886,Customer 9886,customer9886@email.com,Germany,Birmingham,2023-08-18,Corporate
9887,Customer 9887,customer9887@email.com,Canada,Manchester,2022-07-02,Corporate
9888,Customer 9888,customer9888@email.com,Germany,Birmingham,2021-09-07,SMB
9889,Customer 9889,customer9889@email.com,France,Manchester,2022-10-23,Corporate
9890,Customer 9890,customer9890@email.com,UK,Leeds,2023-08-10,Consumer
9891,Customer 9891,customer9891@email.com,France,Leeds,2024-01-02,Corporate
9892,Customer 9892,customer9892@email.com,UK,Leeds,2024-01-20,Consumer
9893,Customer 9893,customer9893@email.com,USA,Leeds,2024-04-14,SMB
9894,Customer 9894,customer9894@email.com,Australia,Leeds,2021-05-06,Corporate
9895,Customer 9895,customer9895@email.com,Germany,Glasgow,2024-05-12,Consumer
9896,Customer 9896,customer9896@email.com,USA,Birmingham,2024-06-23,Consumer
9897,Customer 9897,customer9897@email.com,USA,Manchester,2022-09-03,SMB
9898,Customer 9898,customer9898@email.com,Australia,Leeds,2024-07-18,Corporate
9899,Customer 9899,customer9899@email.com,Australia,Glasgow,2023-10-07,Consumer
9900,Customer 9900,customer9900@email.com,UK,Glasgow,2021-02-13,Consumer
9901,Customer 9901,customer9901@email.com,France,Glasgow,2022-07-02,SMB
9902,Customer 9902,customer9902@email.com,Canada,Birmingham,2024-04-06,Corporate
9903,Customer 9903,customer9903@email.com,UK,Leeds,2022-03-11,Corporate
9904,Customer 9904,customer9904@email.com,Canada,Glasgow,2023-11-20,Consumer
9905,Customer 9905,customer9905@email.com,USA,Glasgow,2023-03-05,Corporate
9906,Customer 9906,customer9906@email.com,Canada,Leeds,2021-12-23,Corporate
9907,Customer 9907,customer9907@email.com,France,Birmingham,2024-06-25,Corporate
9908,Customer 9908,customer9908@email.com,UK,Glasgow,2021-09-10,Corporate
9909,Customer 9909,customer9909@email.com,Australia,Manchester,2023-02-24,Corporate
9910,Customer 9910,customer9910@email.com,France,London,2022-12-22,Corporate
9911,Customer 9911,customer9911@email.com,France,London,2024-11-06,Corporate
9912,Customer 9912,customer9912@email.com,UK,London,2023-01-07,Consumer
9913,Customer 9913,customer9913@email.com,Australia,Birmingham,2023-06-19,Consumer
9914,Customer 9914,customer9914@email.com,France,Glasgow,2024-12-13,Corporate
9915,Customer 9915,customer9915@email.com,Australia,London,2021-05-03,Corporate
9916,Customer 9916,customer9916@email.com,Germany,London,2024-08-10,SMB
9917,Customer 9917,customer9917@email.com,Germany,Leeds,2022-11-16,Consumer
9918,Customer 9918,customer9918@email.com,Germany,Glasgow,2021-05-23,SMB
9919,Customer 9919,customer9919@email.com,Canada,Glasgow,2023-09-30,Consumer
9920,Customer 9920,customer9920@email.com,France,Leeds,2023-07-27,SMB
9921,Customer 9921,customer9921@email.com,UK,Glasgow,2022-05-26,SMB
9922,Customer 9922,customer9922@email.com,UK,Manchester,2021-02-26,SMB
9923,Customer 9923,customer9923@email.com,Canada,Birmingham,2021-02-11,Consumer
9924,Customer 9924,customer9924@email.com,UK,Leeds,2023-04-01,Consumer
9925,Customer 9925,customer9925@email.com,Germany,London,2024-02-19,Corporate
9926,Customer 9926,customer9926@email.com,France,Glasgow,2021-12-09,Consumer
9927,Customer 9927,customer9927@email.com,UK,Manchester,2021-11-28,Consumer
9928,Customer 9928,customer9928@email.com,UK,Manchester,2025-01-19,Consumer
9929,Customer 9929,customer9929@email.com,USA,Birmingham,2024-12-31,Consumer
9930,Customer 9930,customer9930@email.com,USA,Manchester,2021-12-07,Corporate
9931,Customer 9931,customer9931@email.com,USA,Glasgow,2021-12-07,Corporate
9932,Customer 9932,customer9932@email.com,France,Glasgow,2024-12-10,Consumer
9933,Customer 9933,customer9933@email.com,Germany,Manchester,2023-04-29,SMB
9934,Customer 9934,customer9934@email.com,Australia,Glasgow,2021-07-01,SMB
9935,Customer 9935,customer9935@email.com,Germany,Glasgow,2023-09-11,Consumer
9936,Customer 9936,customer9936@email.com,Germany,London,2024-07-11,Corporate
9937,Customer 9937,customer9937@email.com,France,Leeds,2024-05-18,SMB
9938,Customer 9938,customer9938@email.com,France,Glasgow,2022-06-07,Corporate
9939,Customer 9939,customer9939@email.com,USA,Glasgow,2021-07-01,Corporate
9940,Customer 9940,customer9940@email.com,UK,Birmingham,2025-01-07,SMB
9941,Customer 9941,customer9941@email.com,Canada,Leeds,2021-09-08,Consumer
9942,Customer 9942,customer9942@email.com,Canada,Leeds,2021-05-18,Corporate
9943,Customer 9943,customer9943@email.com,Australia,Leeds,2024-05-26,SMB
9944,Customer 9944,customer9944@email.com,UK,Manchester,2023-01-21,Corporate
9945,Customer 9945,customer9945@email.com,Australia,London,2022-03-30,SMB
9946,Customer 9946,customer9946@email.com,USA,London,2023-06-02,Consumer
9947,Customer 9947,customer9947@email.com,Australia,Birmingham,2021-03-28,Consumer
9948,Customer 9948,customer9948@email.com,UK,Leeds,2021-10-20,Consumer
9949,Customer 9949,customer9949@email.com,UK,Leeds,2021-04-02,Corporate
9950,Customer 9950,customer9950@email.com,Canada,Glasgow,2021-07-27,Consumer
9951,Customer 9951,customer9951@email.com,USA,Manchester,2024-05-12,Consumer
9952,Customer 9952,customer9952@email.com,France,Manchester,2021-07-05,Consumer
9953,Customer 9953,customer9953@email.com,Australia,Birmingham,2024-01-14,Consumer
9954,Customer 9954,customer9954@email.com,Canada,London,2021-06-05,SMB
9955,Customer 9955,customer9955@email.com,Australia,Leeds,2021-10-20,SMB
9956,Customer 9956,customer9956@email.com,Australia,Birmingham,2022-06-17,Corporate
9957,Customer 9957,customer9957@email.com,France,Manchester,2021-06-10,SMB
9958,Customer 9958,customer9958@email.com,USA,Manchester,2024-11-10,SMB
9959,Customer 9959,customer9959@email.com,UK,Manchester,2023-05-01,SMB
9960,Customer 9960,customer9960@email.com,Germany,Leeds,2021-06-05,SMB
9961,Customer 9961,customer9961@email.com,Australia,Leeds,2021-05-23,SMB
9962,Customer 9962,customer9962@email.com,Germany,Leeds,2024-07-31,Consumer
9963,Customer 9963,customer9963@email.com,USA,Glasgow,2022-07-16,Corporate
9964,Customer 9964,customer9964@email.com,Germany,London,2021-02-04,SMB
9965,Customer 9965,customer9965@email.com,Australia,Manchester,2021-08-12,SMB
9966,Customer 9966,customer9966@email.com,France,Manchester,2022-10-30,Corporate
9967,Customer 9967,customer9967@email.com,Germany,Glasgow,2022-01-28,SMB
9968,Customer 9968,customer9968@email.com,USA,Manchester,2022-02-12,SMB
9969,Customer 9969,customer9969@email.com,USA,Manchester,2024-11-12,Corporate
9970,Customer 9970,customer9970@email.com,France,Leeds,2021-10-24,Consumer
9971,Customer 9971,customer9971@email.com,Germany,Leeds,2021-11-19,Consumer
9972,Customer 9972,customer9972@email.com,Germany,London,2021-02-08,Corporate
9973,Customer 9973,customer9973@email.com,UK,Manchester,2022-05-20,Consumer
9974,Customer 9974,customer9974@email.com,Canada,Birmingham,2023-01-23,Consumer
9975,Customer 9975,customer9975@email.com,USA,Manchester,2024-09-01,Consumer
9976,Customer 9976,customer9976@email.com,UK,Manchester,2024-02-15,Consumer
9977,Customer 9977,customer9977@email.com,USA,London,2024-09-27,SMB
9978,Customer 9978,customer9978@email.com,UK,Birmingham,2021-08-28,Corporate
9979,Customer 9979,customer9979@email.com,Canada,Manchester,2022-11-18,Consumer
9980,Customer 9980,customer9980@email.com,UK,Birmingham,2025-01-08,Consumer
9981,Customer 9981,customer9981@email.com,USA,Leeds,2023-01-10,Corporate
9982,Customer 9982,customer9982@email.com,Germany,Leeds,2023-09-24,SMB
9983,Customer 9983,customer9983@email.com,USA,Birmingham,2022-05-02,Consumer
9984,Customer 9984,customer9984@email.com,Australia,Manchester,2023-02-04,Consumer
9985,Customer 9985,customer9985@email.com,France,Birmingham,2024-12-05,SMB
9986,Customer 9986,customer9986@email.com,France,Birmingham,2022-09-15,Corporate
9987,Customer 9987,customer9987@email.com,Australia,Leeds,2023-01-06,Consumer
9988,Customer 9988,customer9988@email.com,France,Birmingham,2021-10-25,Consumer
9989,Customer 9989,customer9989@email.com,France,Glasgow,2023-12-12,Corporate
9990,Customer 9990,customer9990@email.com,Canada,Glasgow,2023-01-03,SMB
9991,Customer 9991,customer9991@email.com,Germany,Leeds,2023-09-28,Corporate
9992,Customer 9992,customer9992@email.com,Germany,Manchester,2021-10-31,Consumer
9993,Customer 9993,customer9993@email.com,USA,Manchester,2024-08-04,SMB
9994,Customer 9994,customer9994@email.com,Australia,Leeds,2022-10-26,SMB
9995,Customer 9995,customer9995@email.com,UK,Manchester,2023-06-18,SMB
9996,Customer 9996,customer9996@email.com,USA,London,2024-02-16,Corporate
9997,Customer 9997,customer9997@email.com,USA,Glasgow,2024-12-18,Corporate
9998,Customer 9998,customer9998@email.com,USA,London,2023-03-02,Corporate
9999,Customer 9999,customer9999@email.com,USA,London,2022-10-09,Consumer
10000,Customer 10000,customer10000@email.com,Germany,London,2021-07-28,Corporate
