"rank","customer_name","total_revenue"
"1","Customer 112","223714.76"
"2","Customer 1506","221118.91"
"3","Customer 4352","216284.19"
"4","Customer 5654","215667.58"
"5","Customer 7832","213391.60"
"6","Customer 3879","213313.07"
"7","Customer 229","212999.66"
"8","Customer 3820","207346.52"
"9","Customer 8558","205544.51"
"10","Customer 1916","202143.69"
"11","Customer 8820","201418.21"
"12","Customer 9992","201409.11"
"13","Customer 6027","200403.06"
"14","Customer 2093","200073.35"
"15","Customer 5775","199429.32"
"16","Customer 5351","198943.93"
"17","Customer 5142","198258.63"
"18","Customer 5933","197468.10"
"19","Customer 5782","195381.84"
"20","Customer 2199","194617.95"
"21","Customer 4964","193663.15"
"22","Customer 91","192661.28"
"23","Customer 4665","192406.03"
"24","Customer 3269","192191.70"
"25","Customer 7258","191945.27"
"26","Customer 5036","191374.17"
"27","Customer 9829","190651.34"
"28","Customer 5265","190326.56"
"29","Customer 9390","190155.73"
"30","Customer 6589","189457.82"
"31","Customer 2768","188906.65"
"32","Customer 8400","188642.55"
"33","Customer 9096","187196.26"
"34","Customer 8541","186777.32"
"35","Customer 5850","186182.94"
"36","Customer 1975","186100.83"
"37","Customer 1704","185770.96"
"38","Customer 655","185317.01"
"39","Customer 7354","184883.33"
"40","Customer 6459","184753.77"
"41","Customer 62","183928.87"
"42","Customer 7237","181873.15"
"43","Customer 8913","181411.24"
"44","Customer 8144","181234.94"
"45","Customer 8001","181080.82"
"46","Customer 1139","180723.19"
"47","Customer 4483","180721.48"
"48","Customer 1195","180545.83"
"49","Customer 9927","179661.13"
"50","Customer 8039","179382.99"
"51","Customer 1187","178635.40"
"52","Customer 6321","178482.04"
"53","Customer 3576","177948.45"
"54","Customer 6387","177427.78"
"55","Customer 7519","177050.96"
"56","Customer 9353","176844.51"
"57","Customer 4601","176810.19"
"58","Customer 6720","176759.70"
"59","Customer 1211","176695.61"
"60","Customer 8156","176425.67"
"61","Customer 624","176298.50"
"62","Customer 6277","176200.60"
"63","Customer 2702","176197.78"
"64","Customer 8096","176127.76"
"65","Customer 725","176024.40"
"66","Customer 4296","175963.87"
"67","Customer 6389","175504.17"
"68","Customer 5866","175021.27"
"69","Customer 2626","174924.30"
"70","Customer 8807","174902.78"
"71","Customer 6554","174707.04"
"72","Customer 410","174691.28"
"73","Customer 4652","174369.87"
"74","Customer 5356","173972.72"
"75","Customer 4237","173702.77"
"76","Customer 8930","173396.90"
"77","Customer 6374","172467.26"
"78","Customer 4881","171954.01"
"79","Customer 1748","171938.23"
"80","Customer 9652","171878.98"
"81","Customer 2240","171856.48"
"82","Customer 8024","171752.38"
"83","Customer 70","171748.45"
"84","Customer 5805","171081.49"
"85","Customer 6483","170985.27"
"86","Customer 8605","170858.35"
"87","Customer 6438","170756.36"
"88","Customer 1661","170747.06"
"89","Customer 3635","170608.14"
"90","Customer 2346","170576.48"
"91","Customer 9055","170335.41"
"92","Customer 6474","170220.48"
"93","Customer 8925","170134.21"
"94","Customer 1752","169635.23"
"95","Customer 816","169044.35"
"96","Customer 7890","168764.47"
"97","Customer 1801","168437.21"
"98","Customer 7871","168380.02"
"99","Customer 5629","168336.19"
"100","Customer 8512","168072.49"
"101","Customer 4761","167936.01"
"102","Customer 7212","167451.60"
"103","Customer 1655","167152.93"
"104","Customer 4840","167004.07"
"105","Customer 8956","166850.10"
"106","Customer 5824","166759.62"
"107","Customer 2985","166706.98"
"108","Customer 8022","166429.61"
"109","Customer 2223","166089.50"
"110","Customer 4335","165135.90"
"111","Customer 107","165084.80"
"112","Customer 7313","164923.02"
"113","Customer 8500","164787.75"
"114","Customer 7951","164634.13"
"115","Customer 1339","164480.86"
"116","Customer 3802","164414.69"
"117","Customer 5773","164399.59"
"118","Customer 4011","164088.46"
"119","Customer 1059","163947.40"
"120","Customer 2501","163896.27"
"121","Customer 7020","163885.59"
"122","Customer 5468","163711.14"
"123","Customer 6163","163483.23"
"124","Customer 9151","163236.67"
"125","Customer 7656","163137.34"
"126","Customer 1235","162774.26"
"127","Customer 979","162572.62"
"128","Customer 3335","162433.16"
"129","Customer 1312","162279.95"
"130","Customer 1469","162143.92"
"131","Customer 403","161845.62"
"132","Customer 5942","161733.14"
"133","Customer 2570","161725.01"
"134","Customer 2824","161718.61"
"135","Customer 8929","161703.05"
"136","Customer 7957","161636.73"
"137","Customer 7123","161634.89"
"138","Customer 7291","161125.50"
"139","Customer 6064","161017.75"
"140","Customer 830","160962.82"
"141","Customer 8898","160541.87"
"142","Customer 4669","160539.95"
"143","Customer 5230","160526.20"
"144","Customer 6142","160363.61"
"145","Customer 7761","160330.93"
"146","Customer 3205","160250.76"
"147","Customer 7197","160189.39"
"148","Customer 4277","160173.57"
"149","Customer 2750","159914.64"
"150","Customer 4586","159847.74"
"151","Customer 1750","159744.68"
"152","Customer 9133","159467.24"
"153","Customer 8213","159137.17"
"154","Customer 513","159001.42"
"155","Customer 6159","158888.50"
"156","Customer 4520","158845.00"
"157","Customer 8148","158733.34"
"158","Customer 1621","158729.13"
"159","Customer 604","158688.37"
"160","Customer 4028","158389.79"
"161","Customer 759","158282.25"
"162","Customer 6284","158200.14"
"163","Customer 5616","158169.13"
"164","Customer 3361","158081.15"
"165","Customer 8594","157922.83"
"166","Customer 3759","157858.00"
"167","Customer 2568","157823.70"
"168","Customer 7571","157642.31"
"169","Customer 139","157621.75"
"170","Customer 7825","157619.81"
"171","Customer 9814","157550.30"
"172","Customer 4204","157548.39"
"173","Customer 228","157203.75"
"174","Customer 1140","157200.09"
"175","Customer 8371","157083.44"
"176","Customer 8796","156816.95"
"177","Customer 2898","156709.82"
"178","Customer 8361","156632.87"
"179","Customer 7314","156427.82"
"180","Customer 5887","156253.55"
"181","Customer 5061","156242.45"
"182","Customer 2700","156150.18"
"183","Customer 4434","155990.62"
"184","Customer 1193","155820.20"
"185","Customer 9708","155777.10"
"186","Customer 4238","155637.30"
"187","Customer 7477","155536.17"
"188","Customer 2165","155497.01"
"189","Customer 5126","155488.44"
"190","Customer 341","155361.24"
"191","Customer 9801","155289.04"
"192","Customer 9786","155213.34"
"193","Customer 5802","154903.32"
"194","Customer 8044","154870.44"
"195","Customer 3885","154649.41"
"196","Customer 9172","154594.12"
"197","Customer 902","154526.74"
"198","Customer 8874","154472.22"
"199","Customer 4247","154305.44"
"200","Customer 2861","154234.05"
"201","Customer 8645","154231.40"
"202","Customer 3825","154214.60"
"203","Customer 828","154134.41"
"204","Customer 594","154042.33"
"205","Customer 6521","153951.54"
"206","Customer 1933","153906.29"
"207","Customer 4268","153721.55"
"208","Customer 5894","153615.07"
"209","Customer 2677","153614.36"
"210","Customer 8470","153525.86"
"211","Customer 4687","153280.49"
"212","Customer 4932","153276.71"
"213","Customer 4188","153270.78"
"214","Customer 6545","153160.46"
"215","Customer 7307","153122.02"
"216","Customer 9301","153101.88"
"217","Customer 9175","153026.02"
"218","Customer 1394","152798.98"
"219","Customer 5345","152782.92"
"220","Customer 5335","152550.20"
"221","Customer 1383","152534.01"
"222","Customer 6614","152492.89"
"223","Customer 6723","152387.24"
"224","Customer 9378","152320.27"
"225","Customer 9975","152194.98"
"226","Customer 264","152098.99"
"227","Customer 7233","151997.68"
"228","Customer 6961","151923.05"
"229","Customer 3078","151869.03"
"230","Customer 8996","151747.42"
"231","Customer 3552","151713.25"
"232","Customer 5679","151679.35"
"233","Customer 1","151536.64"
"234","Customer 1434","151509.12"
"235","Customer 9940","151493.87"
"236","Customer 2790","151420.92"
"237","Customer 6817","151358.19"
"238","Customer 7794","151337.56"
"239","Customer 3218","151302.83"
"240","Customer 5562","151277.72"
"241","Customer 3234","151234.59"
"242","Customer 4720","151178.31"
"243","Customer 7959","151102.45"
"244","Customer 1128","151002.47"
"245","Customer 1817","150935.19"
"246","Customer 109","150917.75"
"247","Customer 6773","150644.22"
"248","Customer 5640","150622.76"
"249","Customer 8501","150584.27"
"250","Customer 7737","150583.69"
"251","Customer 5417","150582.54"
"252","Customer 7394","150552.00"
"253","Customer 2563","150468.58"
"254","Customer 5787","150299.32"
"255","Customer 6493","150293.76"
"256","Customer 3658","150281.81"
"257","Customer 8924","150221.17"
"258","Customer 2812","149803.94"
"259","Customer 7297","149769.34"
"260","Customer 3463","149759.52"
"261","Customer 2995","149663.21"
"262","Customer 4581","149573.64"
"263","Customer 2833","149488.08"
"264","Customer 247","149443.10"
"265","Customer 9402","149387.21"
"266","Customer 6071","149345.18"
"267","Customer 11","149324.46"
"268","Customer 6252","149307.54"
"269","Customer 8832","149271.35"
"270","Customer 5381","149268.69"
"271","Customer 7415","149085.68"
"272","Customer 8417","149076.86"
"273","Customer 784","148951.28"
"274","Customer 1728","148877.57"
"275","Customer 2271","148843.04"
"276","Customer 7613","148793.20"
"277","Customer 5055","148779.63"
"278","Customer 5675","148743.30"
"279","Customer 9653","148725.35"
"280","Customer 1049","148724.62"
"281","Customer 4428","148718.38"
"282","Customer 4878","148676.75"
"283","Customer 4608","148651.46"
"284","Customer 7891","148557.31"
"285","Customer 9713","148530.34"
"286","Customer 258","148348.14"
"287","Customer 2066","148340.79"
"288","Customer 8057","148269.24"
"289","Customer 6052","148026.70"
"290","Customer 200","147979.71"
"291","Customer 9552","147938.83"
"292","Customer 8432","147899.56"
"293","Customer 1853","147845.77"
"294","Customer 8866","147831.77"
"295","Customer 6406","147710.61"
"296","Customer 8108","147628.88"
"297","Customer 5771","147628.33"
"298","Customer 7922","147562.04"
"299","Customer 1903","147416.84"
"300","Customer 9541","147247.34"
"301","Customer 6121","147145.04"
"302","Customer 7335","147144.46"
"303","Customer 4192","147056.77"
"304","Customer 7875","146973.80"
"305","Customer 6313","146951.07"
"306","Customer 871","146920.42"
"307","Customer 3500","146830.69"
"308","Customer 2749","146815.17"
"309","Customer 844","146785.79"
"310","Customer 7947","146718.31"
"311","Customer 7727","146688.84"
"312","Customer 1281","146539.16"
"313","Customer 3977","146508.81"
"314","Customer 1651","146500.46"
"315","Customer 1576","146464.09"
"316","Customer 259","146436.86"
"317","Customer 1419","146427.34"
"318","Customer 1428","146232.22"
"319","Customer 6234","146193.51"
"320","Customer 1246","146134.88"
"321","Customer 80","146096.46"
"322","Customer 7266","146090.51"
"323","Customer 559","146059.05"
"324","Customer 8556","146007.10"
"325","Customer 8436","145959.69"
"326","Customer 7257","145919.44"
"327","Customer 2980","145919.01"
"328","Customer 9564","145849.11"
"329","Customer 3521","145834.10"
"330","Customer 3012","145704.19"
"331","Customer 7978","145683.32"
"332","Customer 6949","145563.90"
"333","Customer 6349","145482.69"
"334","Customer 1098","145442.22"
"335","Customer 6445","145266.19"
"336","Customer 613","145264.85"
"337","Customer 7707","145239.84"
"338","Customer 1928","145095.27"
"339","Customer 8208","145014.74"
"340","Customer 3650","144896.10"
"341","Customer 4751","144884.77"
"342","Customer 4663","144841.14"
"343","Customer 8917","144795.47"
"344","Customer 1643","144469.95"
"345","Customer 9913","144258.01"
"346","Customer 6568","144226.55"
"347","Customer 7932","144132.48"
"348","Customer 2027","143983.31"
"349","Customer 3763","143967.21"
"350","Customer 915","143960.29"
"351","Customer 2390","143879.01"
"352","Customer 4378","143750.15"
"353","Customer 3639","143717.97"
"354","Customer 8986","143630.89"
"355","Customer 1734","143504.14"
"356","Customer 749","143430.80"
"357","Customer 4320","143428.43"
"358","Customer 5315","143391.58"
"359","Customer 9616","143362.60"
"360","Customer 7287","143266.75"
"361","Customer 2070","143142.04"
"362","Customer 7524","143011.47"
"363","Customer 3588","142940.30"
"364","Customer 5641","142894.97"
"365","Customer 369","142855.99"
"366","Customer 3784","142836.48"
"367","Customer 9426","142804.18"
"368","Customer 7301","142773.38"
"369","Customer 7464","142689.12"
"370","Customer 7426","142662.91"
"371","Customer 2145","142631.88"
"372","Customer 8263","142606.84"
"373","Customer 787","142598.03"
"374","Customer 2810","142585.56"
"375","Customer 9573","142557.58"
"376","Customer 1725","142546.24"
"377","Customer 1831","142496.41"
"378","Customer 5329","142493.24"
"379","Customer 6683","142470.99"
"380","Customer 4851","142468.14"
"381","Customer 2327","142451.79"
"382","Customer 3664","142400.85"
"383","Customer 1824","142381.29"
"384","Customer 4525","142357.18"
"385","Customer 4333","142343.38"
"386","Customer 9108","142326.26"
"387","Customer 646","142291.05"
"388","Customer 3152","142176.61"
"389","Customer 4319","142145.39"
"390","Customer 2122","142133.81"
"391","Customer 7522","142036.78"
"392","Customer 2632","141971.05"
"393","Customer 4401","141960.41"
"394","Customer 6624","141811.68"
"395","Customer 3711","141775.23"
"396","Customer 1909","141765.92"
"397","Customer 8269","141706.63"
"398","Customer 4412","141561.96"
"399","Customer 3705","141528.94"
"400","Customer 2504","141501.54"
"401","Customer 3794","141416.55"
"402","Customer 3476","141318.55"
"403","Customer 6037","141317.09"
"404","Customer 4510","141249.10"
"405","Customer 6574","141104.51"
"406","Customer 8873","141049.61"
"407","Customer 5231","141048.72"
"408","Customer 4397","141023.18"
"409","Customer 9627","141019.06"
"410","Customer 6247","140987.69"
"411","Customer 1441","140985.37"
"412","Customer 4455","140981.65"
"413","Customer 7479","140895.73"
"414","Customer 4311","140800.05"
"415","Customer 9614","140787.50"
"416","Customer 5658","140727.29"
"417","Customer 9508","140619.76"
"418","Customer 8808","140455.86"
"419","Customer 7681","140427.60"
"420","Customer 592","140404.49"
"421","Customer 8100","140331.60"
"422","Customer 5140","140232.94"
"423","Customer 1490","140225.19"
"424","Customer 3756","140196.14"
"425","Customer 703","140112.74"
"426","Customer 4729","140020.06"
"427","Customer 1581","139979.46"
"428","Customer 769","139951.30"
"429","Customer 8387","139933.91"
"430","Customer 1153","139917.52"
"431","Customer 2083","139817.15"
"432","Customer 3674","139775.46"
"433","Customer 6539","139738.14"
"434","Customer 6682","139724.85"
"435","Customer 899","139650.87"
"436","Customer 6803","139615.58"
"437","Customer 6735","139611.88"
"438","Customer 1832","139556.48"
"439","Customer 8383","139551.57"
"440","Customer 7219","139516.87"
"441","Customer 3926","139448.32"
"442","Customer 7910","139260.17"
"443","Customer 5625","139240.48"
"444","Customer 9505","139219.02"
"445","Customer 9383","139187.95"
"446","Customer 8619","139152.36"
"447","Customer 2018","139104.67"
"448","Customer 3108","139103.79"
"449","Customer 4645","139095.33"
"450","Customer 4745","139056.94"
"451","Customer 5253","139046.63"
"452","Customer 621","138947.22"
"453","Customer 1744","138872.48"
"454","Customer 1309","138816.36"
"455","Customer 883","138747.99"
"456","Customer 2887","138739.51"
"457","Customer 7523","138694.87"
"458","Customer 3835","138634.75"
"459","Customer 6513","138605.96"
"460","Customer 824","138592.78"
"461","Customer 7214","138566.55"
"462","Customer 6334","138522.17"
"463","Customer 5003","138447.36"
"464","Customer 7620","138433.82"
"465","Customer 8160","138324.06"
"466","Customer 4743","138204.86"
"467","Customer 96","138163.89"
"468","Customer 7329","138051.04"
"469","Customer 9779","138043.77"
"470","Customer 377","137999.28"
"471","Customer 1686","137908.24"
"472","Customer 5892","137854.27"
"473","Customer 6044","137845.64"
"474","Customer 5689","137796.48"
"475","Customer 5239","137734.86"
"476","Customer 1465","137734.13"
"477","Customer 4526","137705.58"
"478","Customer 900","137588.68"
"479","Customer 4078","137583.79"
"480","Customer 849","137568.50"
"481","Customer 53","137539.89"
"482","Customer 627","137297.63"
"483","Customer 8726","137261.41"
"484","Customer 6685","137137.31"
"485","Customer 9126","137066.19"
"486","Customer 8102","137044.30"
"487","Customer 2744","137008.86"
"488","Customer 8688","136987.24"
"489","Customer 8587","136973.58"
"490","Customer 3993","136884.78"
"491","Customer 1818","136840.48"
"492","Customer 7148","136799.05"
"493","Customer 2057","136738.67"
"494","Customer 2016","136707.22"
"495","Customer 472","136699.63"
"496","Customer 1616","136681.26"
"497","Customer 9686","136680.89"
"498","Customer 9757","136670.51"
"499","Customer 6035","136662.69"
"500","Customer 4767","136602.64"
"501","Customer 771","136567.15"
"502","Customer 9780","136561.89"
"503","Customer 9740","136556.58"
"504","Customer 5440","136544.25"
"505","Customer 2890","136430.06"
"506","Customer 6763","136404.63"
"507","Customer 9804","136312.87"
"508","Customer 8565","136278.53"
"509","Customer 1891","136270.65"
"510","Customer 7376","136177.89"
"511","Customer 6048","136170.03"
"512","Customer 7916","135969.40"
"513","Customer 5810","135947.46"
"514","Customer 5634","135941.29"
"515","Customer 1144","135869.05"
"516","Customer 8773","135797.95"
"517","Customer 386","135777.76"
"518","Customer 4861","135743.39"
"519","Customer 4433","135713.55"
"520","Customer 2342","135673.36"
"521","Customer 2736","135639.85"
"522","Customer 4059","135581.71"
"523","Customer 3832","135580.54"
"524","Customer 6276","135561.37"
"525","Customer 497","135543.07"
"526","Customer 7808","135508.82"
"527","Customer 1454","135498.20"
"528","Customer 2076","135468.25"
"529","Customer 9602","135106.51"
"530","Customer 7748","135101.57"
"531","Customer 7818","135055.22"
"532","Customer 5934","135045.48"
"533","Customer 1396","134979.54"
"534","Customer 2092","134975.27"
"535","Customer 7203","134937.31"
"536","Customer 6704","134894.00"
"537","Customer 8337","134858.18"
"538","Customer 8493","134816.47"
"539","Customer 5862","134807.82"
"540","Customer 758","134792.73"
"541","Customer 9325","134734.61"
"542","Customer 1445","134726.60"
"543","Customer 5240","134620.48"
"544","Customer 480","134617.59"
"545","Customer 3857","134595.24"
"546","Customer 2150","134548.14"
"547","Customer 6626","134514.05"
"548","Customer 6780","134504.35"
"549","Customer 9489","134392.04"
"550","Customer 8219","134345.96"
"551","Customer 442","134342.28"
"552","Customer 4714","134320.01"
"553","Customer 9320","134242.45"
"554","Customer 8649","134163.29"
"555","Customer 4632","134146.71"
"556","Customer 8794","134105.17"
"557","Customer 7003","134080.69"
"558","Customer 5201","133981.80"
"559","Customer 3261","133945.78"
"560","Customer 4853","133945.23"
"561","Customer 1639","133916.56"
"562","Customer 1343","133887.98"
"563","Customer 4605","133797.56"
"564","Customer 3302","133792.62"
"565","Customer 9610","133722.86"
"566","Customer 9860","133669.10"
"567","Customer 6666","133565.30"
"568","Customer 2231","133505.23"
"569","Customer 2703","133386.43"
"570","Customer 1241","133362.48"
"571","Customer 4112","133360.68"
"572","Customer 4045","133309.01"
"573","Customer 2276","133303.38"
"574","Customer 5979","133288.14"
"575","Customer 7052","133272.53"
"576","Customer 7551","133261.92"
"577","Customer 6592","133248.83"
"578","Customer 7869","133196.43"
"579","Customer 9965","133182.20"
"580","Customer 7826","133174.47"
"581","Customer 5162","133139.65"
"582","Customer 6034","133094.83"
"583","Customer 9299","133045.16"
"584","Customer 6815","133005.61"
"585","Customer 5214","132994.95"
"586","Customer 7892","132979.31"
"587","Customer 696","132921.86"
"588","Customer 5238","132909.81"
"589","Customer 2293","132891.04"
"590","Customer 5463","132884.57"
"591","Customer 6864","132836.02"
"592","Customer 1438","132830.24"
"593","Customer 4562","132820.32"
"594","Customer 8449","132810.84"
"595","Customer 8275","132804.28"
"596","Customer 1159","132793.13"
"597","Customer 3230","132761.79"
"598","Customer 2994","132745.79"
"599","Customer 1994","132738.09"
"600","Customer 1597","132552.53"
"601","Customer 2802","132483.94"
"602","Customer 3706","132469.95"
"603","Customer 6550","132458.79"
"604","Customer 7842","132407.00"
"605","Customer 5687","132395.03"
"606","Customer 5392","132375.41"
"607","Customer 7622","132373.11"
"608","Customer 6075","132361.58"
"609","Customer 9624","132312.83"
"610","Customer 7647","132295.74"
"611","Customer 8348","132244.71"
"612","Customer 203","132229.09"
"613","Customer 6526","132149.78"
"614","Customer 8934","132130.74"
"615","Customer 3040","131977.70"
"616","Customer 6338","131875.00"
"617","Customer 2723","131789.20"
"618","Customer 3874","131736.32"
"619","Customer 156","131722.50"
"620","Customer 7790","131653.03"
"621","Customer 8895","131626.25"
"622","Customer 4245","131624.18"
"623","Customer 5694","131618.88"
"624","Customer 1349","131611.56"
"625","Customer 1532","131568.82"
"626","Customer 7107","131566.11"
"627","Customer 3672","131447.92"
"628","Customer 8819","131335.70"
"629","Customer 1495","131307.46"
"630","Customer 8465","131302.90"
"631","Customer 9770","131296.08"
"632","Customer 8455","131280.23"
"633","Customer 3379","131231.48"
"634","Customer 9286","131181.04"
"635","Customer 7423","131177.28"
"636","Customer 5480","131151.65"
"637","Customer 9695","131131.82"
"638","Customer 6649","131125.08"
"639","Customer 1350","131109.74"
"640","Customer 8452","131099.86"
"641","Customer 3457","131092.61"
"642","Customer 7533","131052.36"
"643","Customer 2553","131024.39"
"644","Customer 4829","131019.69"
"645","Customer 5453","131010.34"
"646","Customer 2277","130985.05"
"647","Customer 2052","130983.17"
"648","Customer 9057","130977.70"
"649","Customer 4033","130943.13"
"650","Customer 3451","130878.31"
"651","Customer 4945","130860.23"
"652","Customer 6429","130737.06"
"653","Customer 2633","130737.03"
"654","Customer 9800","130725.92"
"655","Customer 5462","130714.59"
"656","Customer 4637","130665.40"
"657","Customer 6500","130615.03"
"658","Customer 9346","130512.22"
"659","Customer 4863","130510.57"
"660","Customer 8592","130502.43"
"661","Customer 1115","130461.06"
"662","Customer 6223","130448.78"
"663","Customer 4134","130448.18"
"664","Customer 4703","130420.29"
"665","Customer 6443","130353.94"
"666","Customer 2465","130279.00"
"667","Customer 8253","130239.48"
"668","Customer 6843","130174.18"
"669","Customer 346","130169.61"
"670","Customer 809","130164.89"
"671","Customer 2032","130039.05"
"672","Customer 5803","130033.51"
"673","Customer 1460","130022.91"
"674","Customer 2313","130013.15"
"675","Customer 3785","129969.42"
"676","Customer 4044","129892.57"
"677","Customer 2424","129881.64"
"678","Customer 8522","129879.75"
"679","Customer 41","129875.20"
"680","Customer 947","129857.39"
"681","Customer 3210","129816.39"
"682","Customer 1471","129811.94"
"683","Customer 8777","129751.79"
"684","Customer 6055","129707.69"
"685","Customer 1227","129622.47"
"686","Customer 681","129525.68"
"687","Customer 5227","129518.32"
"688","Customer 4776","129484.79"
"689","Customer 4758","129484.63"
"690","Customer 5258","129410.51"
"691","Customer 8182","129357.30"
"692","Customer 1905","129290.48"
"693","Customer 9901","129232.30"
"694","Customer 597","129195.56"
"695","Customer 8382","129174.74"
"696","Customer 5111","129116.15"
"697","Customer 1882","129102.11"
"698","Customer 8614","129086.21"
"699","Customer 2770","129048.22"
"700","Customer 762","129005.81"
"701","Customer 7098","128997.39"
"702","Customer 6871","128983.11"
"703","Customer 5763","128906.65"
"704","Customer 5172","128851.51"
"705","Customer 2949","128849.35"
"706","Customer 8496","128841.51"
"707","Customer 3239","128825.46"
"708","Customer 9386","128806.54"
"709","Customer 9124","128693.08"
"710","Customer 9592","128692.97"
"711","Customer 3773","128609.08"
"712","Customer 6650","128583.58"
"713","Customer 5152","128568.00"
"714","Customer 3191","128533.86"
"715","Customer 4470","128525.03"
"716","Customer 7014","128496.47"
"717","Customer 2756","128472.61"
"718","Customer 2178","128455.49"
"719","Customer 8519","128438.82"
"720","Customer 1755","128393.08"
"721","Customer 2058","128358.55"
"722","Customer 9675","128355.08"
"723","Customer 9015","128347.72"
"724","Customer 9961","128301.93"
"725","Customer 6829","128289.77"
"726","Customer 540","128234.49"
"727","Customer 5830","128181.82"
"728","Customer 3894","128176.22"
"729","Customer 9181","128167.28"
"730","Customer 8552","128166.92"
"731","Customer 9245","128160.91"
"732","Customer 6893","128150.12"
"733","Customer 3132","128128.17"
"734","Customer 8902","128115.14"
"735","Customer 7440","128098.06"
"736","Customer 3070","128094.75"
"737","Customer 2950","128078.37"
"738","Customer 590","128058.47"
"739","Customer 2355","128021.69"
"740","Customer 5853","127927.25"
"741","Customer 3640","127848.17"
"742","Customer 4975","127848.10"
"743","Customer 4673","127813.44"
"744","Customer 2731","127801.47"
"745","Customer 9954","127799.53"
"746","Customer 2884","127774.48"
"747","Customer 1264","127774.18"
"748","Customer 3893","127771.71"
"749","Customer 124","127766.22"
"750","Customer 5414","127759.82"
"751","Customer 360","127749.35"
"752","Customer 2064","127724.76"
"753","Customer 8153","127716.70"
"754","Customer 8952","127679.62"
"755","Customer 3967","127669.50"
"756","Customer 5008","127660.60"
"757","Customer 2709","127512.65"
"758","Customer 3115","127487.71"
"759","Customer 1770","127484.62"
"760","Customer 8761","127475.10"
"761","Customer 7191","127443.04"
"762","Customer 5066","127430.67"
"763","Customer 1358","127389.89"
"764","Customer 4660","127383.99"
"765","Customer 9873","127363.06"
"766","Customer 9650","127345.74"
"767","Customer 7456","127334.14"
"768","Customer 3186","127297.46"
"769","Customer 6834","127221.83"
"770","Customer 3837","127167.53"
"771","Customer 7928","127155.01"
"772","Customer 9283","127000.43"
"773","Customer 7984","126995.19"
"774","Customer 5037","126970.75"
"775","Customer 4180","126964.99"
"776","Customer 1676","126956.67"
"777","Customer 8083","126910.37"
"778","Customer 575","126901.13"
"779","Customer 1613","126890.93"
"780","Customer 6968","126864.71"
"781","Customer 6721","126850.44"
"782","Customer 6421","126841.57"
"783","Customer 3414","126758.46"
"784","Customer 3080","126729.86"
"785","Customer 485","126645.84"
"786","Customer 9840","126630.81"
"787","Customer 735","126613.49"
"788","Customer 7451","126547.53"
"789","Customer 5517","126523.72"
"790","Customer 1259","126475.46"
"791","Customer 9495","126470.38"
"792","Customer 9086","126419.90"
"793","Customer 9951","126404.25"
"794","Customer 3211","126394.80"
"795","Customer 7010","126378.54"
"796","Customer 8585","126352.19"
"797","Customer 7540","126336.70"
"798","Customer 5766","126307.93"
"799","Customer 4606","126284.11"
"800","Customer 5818","126267.11"
"801","Customer 3600","126247.63"
"802","Customer 4019","126247.25"
"803","Customer 6461","126243.38"
"804","Customer 692","126236.91"
"805","Customer 4537","126229.22"
"806","Customer 7923","126220.43"
"807","Customer 14","126218.19"
"808","Customer 6091","126174.89"
"809","Customer 4583","126174.18"
"810","Customer 8117","126161.26"
"811","Customer 2476","126113.54"
"812","Customer 7881","126110.42"
"813","Customer 2836","126101.80"
"814","Customer 7316","126059.42"
"815","Customer 7445","126019.58"
"816","Customer 1111","126018.60"
"817","Customer 7887","125972.38"
"818","Customer 12","125954.04"
"819","Customer 2069","125935.56"
"820","Customer 4618","125858.36"
"821","Customer 7080","125854.63"
"822","Customer 1998","125852.31"
"823","Customer 2562","125848.58"
"824","Customer 4935","125840.58"
"825","Customer 8919","125798.57"
"826","Customer 8795","125783.15"
"827","Customer 5570","125712.64"
"828","Customer 4298","125687.76"
"829","Customer 5559","125678.76"
"830","Customer 4079","125657.02"
"831","Customer 13","125511.50"
"832","Customer 4440","125491.78"
"833","Customer 8299","125484.07"
"834","Customer 8411","125482.56"
"835","Customer 5178","125463.96"
"836","Customer 4328","125458.66"
"837","Customer 2712","125445.50"
"838","Customer 9063","125419.83"
"839","Customer 676","125414.35"
"840","Customer 4199","125390.28"
"841","Customer 6839","125380.31"
"842","Customer 2062","125379.95"
"843","Customer 8849","125376.27"
"844","Customer 397","125333.47"
"845","Customer 1161","125321.47"
"846","Customer 6895","125253.28"
"847","Customer 2084","125172.79"
"848","Customer 2947","125128.84"
"849","Customer 4164","125119.32"
"850","Customer 6989","125107.41"
"851","Customer 9597","125097.35"
"852","Customer 9692","125081.25"
"853","Customer 7649","125056.88"
"854","Customer 4166","125020.03"
"855","Customer 361","124995.21"
"856","Customer 1936","124977.76"
"857","Customer 4295","124955.27"
"858","Customer 2649","124951.67"
"859","Customer 958","124946.97"
"860","Customer 8793","124927.13"
"861","Customer 7541","124890.50"
"862","Customer 3864","124857.61"
"863","Customer 9558","124850.71"
"864","Customer 4540","124835.37"
"865","Customer 9682","124830.68"
"866","Customer 3655","124796.90"
"867","Customer 186","124777.50"
"868","Customer 555","124751.18"
"869","Customer 4372","124744.24"
"870","Customer 839","124711.28"
"871","Customer 2113","124682.01"
"872","Customer 6283","124627.08"
"873","Customer 8272","124619.13"
"874","Customer 5725","124614.66"
"875","Customer 524","124605.01"
"876","Customer 3572","124590.16"
"877","Customer 2298","124579.45"
"878","Customer 5541","124562.53"
"879","Customer 4239","124493.47"
"880","Customer 9956","124480.02"
"881","Customer 6085","124468.43"
"882","Customer 4553","124414.63"
"883","Customer 6372","124346.65"
"884","Customer 5778","124340.49"
"885","Customer 7586","124304.18"
"886","Customer 5272","124284.22"
"887","Customer 1558","124240.71"
"888","Customer 936","124216.30"
"889","Customer 8288","124216.05"
"890","Customer 9341","124205.74"
"891","Customer 4678","124163.00"
"892","Customer 6629","124143.04"
"893","Customer 6009","124141.08"
"894","Customer 2896","124127.39"
"895","Customer 9223","124116.56"
"896","Customer 5730","124109.40"
"897","Customer 5897","124105.10"
"898","Customer 9672","124062.45"
"899","Customer 9261","124028.35"
"900","Customer 581","124026.19"
"901","Customer 2002","124020.77"
"902","Customer 7839","123980.79"
"903","Customer 9161","123977.70"
"904","Customer 2934","123975.15"
"905","Customer 9872","123963.59"
"906","Customer 9424","123930.65"
"907","Customer 8977","123909.13"
"908","Customer 666","123894.09"
"909","Customer 6791","123887.95"
"910","Customer 1265","123868.16"
"911","Customer 5256","123830.89"
"912","Customer 2022","123787.74"
"913","Customer 462","123770.27"
"914","Customer 6567","123756.90"
"915","Customer 8191","123754.82"
"916","Customer 1605","123711.59"
"917","Customer 8901","123697.11"
"918","Customer 6789","123624.22"
"919","Customer 607","123611.75"
"920","Customer 3119","123598.10"
"921","Customer 6653","123590.77"
"922","Customer 4253","123575.07"
"923","Customer 1545","123547.79"
"924","Customer 9658","123497.52"
"925","Customer 9487","123472.58"
"926","Customer 8634","123470.33"
"927","Customer 9446","123453.39"
"928","Customer 6632","123419.39"
"929","Customer 9213","123396.66"
"930","Customer 28","123369.30"
"931","Customer 1433","123336.82"
"932","Customer 6714","123308.83"
"933","Customer 3308","123279.98"
"934","Customer 7942","123254.12"
"935","Customer 6600","123235.92"
"936","Customer 8179","123232.41"
"937","Customer 7530","123140.76"
"938","Customer 1310","123104.58"
"939","Customer 2051","123082.90"
"940","Customer 9129","123078.27"
"941","Customer 2135","123076.39"
"942","Customer 3587","123071.39"
"943","Customer 4103","123052.73"
"944","Customer 908","123025.04"
"945","Customer 2672","122930.21"
"946","Customer 6536","122904.94"
"947","Customer 8377","122891.92"
"948","Customer 3544","122854.34"
"949","Customer 9580","122853.39"
"950","Customer 4053","122843.57"
"951","Customer 8360","122821.27"
"952","Customer 8859","122814.76"
"953","Customer 689","122784.17"
"954","Customer 3475","122779.51"
"955","Customer 3506","122769.68"
"956","Customer 9100","122735.07"
"957","Customer 4762","122696.49"
"958","Customer 436","122694.19"
"959","Customer 2902","122678.82"
"960","Customer 1862","122642.46"
"961","Customer 3074","122620.89"
"962","Customer 6921","122599.74"
"963","Customer 3247","122585.74"
"964","Customer 4171","122570.74"
"965","Customer 9271","122569.57"
"966","Customer 5849","122565.41"
"967","Customer 2829","122522.46"
"968","Customer 5040","122494.62"
"969","Customer 3699","122490.40"
"970","Customer 8152","122476.73"
"971","Customer 3389","122437.77"
"972","Customer 8318","122425.99"
"973","Customer 917","122396.99"
"974","Customer 147","122377.76"
"975","Customer 2326","122374.46"
"976","Customer 3496","122374.13"
"977","Customer 5491","122329.19"
"978","Customer 7746","122278.72"
"979","Customer 9855","122265.81"
"980","Customer 447","122241.29"
"981","Customer 4733","122198.53"
"982","Customer 5245","122160.15"
"983","Customer 7030","122077.66"
"984","Customer 7950","122065.57"
"985","Customer 9659","122051.49"
"986","Customer 8790","122037.94"
"987","Customer 2112","122032.45"
"988","Customer 470","122008.63"
"989","Customer 2720","121973.93"
"990","Customer 4267","121919.13"
"991","Customer 4056","121918.29"
"992","Customer 3244","121918.11"
"993","Customer 2071","121899.25"
"994","Customer 2374","121875.91"
"995","Customer 1754","121869.39"
"996","Customer 6030","121819.32"
"997","Customer 5299","121787.29"
"998","Customer 390","121780.11"
"999","Customer 6994","121770.02"
"1000","Customer 3906","121752.64"
"1001","Customer 1940","121741.51"
"1002","Customer 6783","121722.46"
"1003","Customer 5143","121715.86"
"1004","Customer 1417","121709.53"
"1005","Customer 4329","121685.23"
"1006","Customer 1204","121570.36"
"1007","Customer 2565","121560.82"
"1008","Customer 1617","121552.81"
"1009","Customer 9626","121551.81"
"1010","Customer 2211","121528.75"
"1011","Customer 1274","121520.70"
"1012","Customer 4702","121434.94"
"1013","Customer 9259","121410.19"
"1014","Customer 916","121407.36"
"1015","Customer 8921","121380.09"
"1016","Customer 4430","121315.38"
"1017","Customer 9922","121312.81"
"1018","Customer 1687","121285.86"
"1019","Customer 7471","121280.21"
"1020","Customer 6359","121276.36"
"1021","Customer 602","121247.82"
"1022","Customer 4121","121238.01"
"1023","Customer 3905","121210.15"
"1024","Customer 746","121202.79"
"1025","Customer 7757","121198.04"
"1026","Customer 5353","121184.90"
"1027","Customer 4554","121178.80"
"1028","Customer 687","121149.42"
"1029","Customer 8743","121107.40"
"1030","Customer 8395","121101.01"
"1031","Customer 7378","121096.68"
"1032","Customer 8339","121053.54"
"1033","Customer 1626","121007.07"
"1034","Customer 2420","120946.03"
"1035","Customer 2435","120945.70"
"1036","Customer 1668","120945.39"
"1037","Customer 4727","120918.61"
"1038","Customer 9005","120894.47"
"1039","Customer 505","120894.15"
"1040","Customer 9023","120863.86"
"1041","Customer 2878","120857.49"
"1042","Customer 3151","120848.15"
"1043","Customer 4198","120847.16"
"1044","Customer 2094","120838.33"
"1045","Customer 6317","120809.43"
"1046","Customer 8186","120765.02"
"1047","Customer 571","120761.95"
"1048","Customer 6571","120738.56"
"1049","Customer 1745","120708.33"
"1050","Customer 4310","120671.83"
"1051","Customer 482","120663.83"
"1052","Customer 6623","120656.25"
"1053","Customer 4825","120599.68"
"1054","Customer 4182","120573.38"
"1055","Customer 2746","120566.52"
"1056","Customer 2416","120565.88"
"1057","Customer 1592","120562.64"
"1058","Customer 6745","120532.27"
"1059","Customer 2740","120519.48"
"1060","Customer 4838","120497.53"
"1061","Customer 102","120486.33"
"1062","Customer 5431","120486.23"
"1063","Customer 3855","120483.26"
"1064","Customer 9897","120475.26"
"1065","Customer 9078","120472.61"
"1066","Customer 6042","120467.85"
"1067","Customer 7798","120429.07"
"1068","Customer 1789","120421.98"
"1069","Customer 1747","120418.50"
"1070","Customer 3613","120405.15"
"1071","Customer 3122","120358.74"
"1072","Customer 4746","120327.25"
"1073","Customer 9267","120326.20"
"1074","Customer 6418","120291.14"
"1075","Customer 9549","120262.75"
"1076","Customer 3590","120258.94"
"1077","Customer 8095","120226.30"
"1078","Customer 3873","120210.28"
"1079","Customer 5118","120185.97"
"1080","Customer 1852","120175.11"
"1081","Customer 3213","120143.24"
"1082","Customer 9477","120134.80"
"1083","Customer 415","120117.21"
"1084","Customer 5545","120101.98"
"1085","Customer 4556","120042.24"
"1086","Customer 7907","119977.20"
"1087","Customer 4269","119914.30"
"1088","Customer 1292","119907.00"
"1089","Customer 212","119861.13"
"1090","Customer 364","119861.09"
"1091","Customer 6404","119851.23"
"1092","Customer 808","119812.36"
"1093","Customer 4505","119811.46"
"1094","Customer 4952","119804.06"
"1095","Customer 5350","119753.50"
"1096","Customer 6143","119718.95"
"1097","Customer 1095","119697.62"
"1098","Customer 4073","119689.87"
"1099","Customer 5485","119686.09"
"1100","Customer 2099","119621.76"
"1101","Customer 9690","119605.26"
"1102","Customer 86","119545.38"
"1103","Customer 9744","119534.21"
"1104","Customer 5073","119517.24"
"1105","Customer 8460","119511.45"
"1106","Customer 8598","119480.76"
"1107","Customer 8140","119469.59"
"1108","Customer 1598","119459.69"
"1109","Customer 8853","119457.11"
"1110","Customer 7669","119452.84"
"1111","Customer 1199","119440.02"
"1112","Customer 6361","119402.33"
"1113","Customer 975","119330.15"
"1114","Customer 268","119328.89"
"1115","Customer 3157","119309.20"
"1116","Customer 5735","119295.48"
"1117","Customer 6102","119290.72"
"1118","Customer 3567","119228.08"
"1119","Customer 7729","119222.21"
"1120","Customer 5927","119198.63"
"1121","Customer 7236","119174.38"
"1122","Customer 9071","119172.80"
"1123","Customer 8528","119157.98"
"1124","Customer 4883","119154.48"
"1125","Customer 5529","119149.11"
"1126","Customer 6610","119100.75"
"1127","Customer 7026","119088.77"
"1128","Customer 5104","119079.25"
"1129","Customer 1319","119072.29"
"1130","Customer 6020","119068.57"
"1131","Customer 5287","118998.68"
"1132","Customer 9554","118983.79"
"1133","Customer 6110","118983.14"
"1134","Customer 9370","118918.51"
"1135","Customer 4457","118905.95"
"1136","Customer 3770","118904.15"
"1137","Customer 4533","118900.02"
"1138","Customer 6080","118889.46"
"1139","Customer 2926","118878.79"
"1140","Customer 1410","118872.43"
"1141","Customer 8459","118863.95"
"1142","Customer 3008","118863.84"
"1143","Customer 83","118856.79"
"1144","Customer 6750","118849.63"
"1145","Customer 8705","118846.35"
"1146","Customer 4165","118830.78"
"1147","Customer 4803","118830.07"
"1148","Customer 9877","118751.44"
"1149","Customer 2670","118750.18"
"1150","Customer 3441","118732.51"
"1151","Customer 961","118706.90"
"1152","Customer 2422","118697.13"
"1153","Customer 7357","118675.90"
"1154","Customer 7997","118664.62"
"1155","Customer 4712","118645.71"
"1156","Customer 6770","118622.18"
"1157","Customer 8033","118618.07"
"1158","Customer 4170","118595.66"
"1159","Customer 7229","118579.36"
"1160","Customer 5673","118560.62"
"1161","Customer 8071","118527.13"
"1162","Customer 1619","118518.06"
"1163","Customer 5988","118496.85"
"1164","Customer 6938","118480.63"
"1165","Customer 7281","118477.71"
"1166","Customer 7469","118440.80"
"1167","Customer 8511","118432.88"
"1168","Customer 5447","118411.50"
"1169","Customer 1960","118372.08"
"1170","Customer 7738","118369.95"
"1171","Customer 2954","118350.24"
"1172","Customer 3884","118336.47"
"1173","Customer 2913","118327.55"
"1174","Customer 7255","118314.85"
"1175","Customer 2841","118298.20"
"1176","Customer 7630","118296.52"
"1177","Customer 7967","118286.23"
"1178","Customer 4049","118286.21"
"1179","Customer 5323","118274.36"
"1180","Customer 6217","118267.55"
"1181","Customer 8365","118264.97"
"1182","Customer 2814","118200.60"
"1183","Customer 2429","118171.56"
"1184","Customer 4913","118169.32"
"1185","Customer 22","118169.19"
"1186","Customer 2365","118141.38"
"1187","Customer 2163","118140.32"
"1188","Customer 9287","118136.97"
"1189","Customer 3943","118135.02"
"1190","Customer 1510","118125.89"
"1191","Customer 577","118110.20"
"1192","Customer 2840","118080.74"
"1193","Customer 1787","118055.21"
"1194","Customer 2170","118043.45"
"1195","Customer 3511","118037.18"
"1196","Customer 549","118005.76"
"1197","Customer 3059","117992.15"
"1198","Customer 5114","117984.23"
"1199","Customer 6347","117970.82"
"1200","Customer 7598","117951.74"
"1201","Customer 7166","117932.12"
"1202","Customer 4692","117927.11"
"1203","Customer 7210","117919.89"
"1204","Customer 2121","117918.36"
"1205","Customer 6644","117891.20"
"1206","Customer 4322","117887.33"
"1207","Customer 9535","117880.08"
"1208","Customer 5854","117878.64"
"1209","Customer 8747","117877.91"
"1210","Customer 5510","117876.73"
"1211","Customer 7615","117847.87"
"1212","Customer 4774","117786.70"
"1213","Customer 2034","117782.61"
"1214","Customer 4475","117703.27"
"1215","Customer 3911","117680.53"
"1216","Customer 5756","117678.47"
"1217","Customer 99","117677.93"
"1218","Customer 1919","117671.86"
"1219","Customer 4994","117657.95"
"1220","Customer 6639","117633.62"
"1221","Customer 9864","117618.15"
"1222","Customer 8389","117608.02"
"1223","Customer 4694","117604.96"
"1224","Customer 4415","117571.82"
"1225","Customer 7134","117543.70"
"1226","Customer 5320","117526.10"
"1227","Customer 1807","117520.16"
"1228","Customer 4285","117513.42"
"1229","Customer 6211","117481.18"
"1230","Customer 8343","117470.40"
"1231","Customer 667","117456.24"
"1232","Customer 8238","117432.44"
"1233","Customer 611","117316.35"
"1234","Customer 9683","117305.74"
"1235","Customer 2634","117296.01"
"1236","Customer 6880","117290.28"
"1237","Customer 6210","117256.79"
"1238","Customer 5957","117235.09"
"1239","Customer 7661","117207.16"
"1240","Customer 1294","117194.54"
"1241","Customer 8610","117189.29"
"1242","Customer 8322","117173.63"
"1243","Customer 7403","117155.84"
"1244","Customer 4574","117135.79"
"1245","Customer 8052","117117.02"
"1246","Customer 8767","117110.56"
"1247","Customer 3772","117109.00"
"1248","Customer 2097","117106.85"
"1249","Customer 1105","116988.88"
"1250","Customer 1604","116979.86"
"1251","Customer 1691","116972.46"
"1252","Customer 6239","116961.68"
"1253","Customer 8502","116938.29"
"1254","Customer 2385","116934.87"
"1255","Customer 994","116897.57"
"1256","Customer 2726","116865.60"
"1257","Customer 8294","116815.07"
"1258","Customer 5527","116813.99"
"1259","Customer 3027","116779.09"
"1260","Customer 5657","116775.73"
"1261","Customer 7482","116755.62"
"1262","Customer 8453","116753.76"
"1263","Customer 5115","116742.62"
"1264","Customer 4806","116736.95"
"1265","Customer 6858","116712.42"
"1266","Customer 1006","116710.58"
"1267","Customer 9807","116710.40"
"1268","Customer 1480","116698.48"
"1269","Customer 1849","116661.36"
"1270","Customer 161","116659.08"
"1271","Customer 589","116630.50"
"1272","Customer 3566","116625.36"
"1273","Customer 3954","116581.48"
"1274","Customer 8617","116577.30"
"1275","Customer 9241","116573.91"
"1276","Customer 2157","116527.82"
"1277","Customer 578","116514.09"
"1278","Customer 6608","116498.42"
"1279","Customer 7240","116460.78"
"1280","Customer 2229","116432.03"
"1281","Customer 5539","116376.35"
"1282","Customer 2315","116364.51"
"1283","Customer 127","116353.79"
"1284","Customer 3509","116277.85"
"1285","Customer 4754","116264.27"
"1286","Customer 3839","116227.37"
"1287","Customer 237","116221.34"
"1288","Customer 8633","116215.64"
"1289","Customer 1405","116215.55"
"1290","Customer 7534","116211.13"
"1291","Customer 7083","116206.28"
"1292","Customer 2414","116203.38"
"1293","Customer 8867","116200.71"
"1294","Customer 5750","116199.22"
"1295","Customer 5985","116154.44"
"1296","Customer 7318","116139.02"
"1297","Customer 8942","116135.22"
"1298","Customer 2813","116125.14"
"1299","Customer 6120","116098.22"
"1300","Customer 533","116069.85"
"1301","Customer 1123","116035.90"
"1302","Customer 6402","116030.40"
"1303","Customer 3732","116005.70"
"1304","Customer 7709","115997.39"
"1305","Customer 866","115973.42"
"1306","Customer 6584","115959.65"
"1307","Customer 2480","115919.75"
"1308","Customer 3257","115919.08"
"1309","Customer 6507","115916.67"
"1310","Customer 7492","115909.50"
"1311","Customer 8974","115894.93"
"1312","Customer 2171","115880.69"
"1313","Customer 4410","115865.26"
"1314","Customer 7745","115827.51"
"1315","Customer 2614","115821.73"
"1316","Customer 806","115803.09"
"1317","Customer 798","115791.78"
"1318","Customer 8280","115748.86"
"1319","Customer 459","115745.34"
"1320","Customer 7019","115739.84"
"1321","Customer 3518","115725.57"
"1322","Customer 9180","115717.51"
"1323","Customer 4858","115689.28"
"1324","Customer 9996","115685.01"
"1325","Customer 6238","115683.48"
"1326","Customer 5012","115671.74"
"1327","Customer 3628","115658.54"
"1328","Customer 6353","115654.49"
"1329","Customer 659","115650.86"
"1330","Customer 1062","115624.13"
"1331","Customer 5827","115616.38"
"1332","Customer 2419","115610.45"
"1333","Customer 9611","115600.31"
"1334","Customer 2025","115584.33"
"1335","Customer 72","115574.91"
"1336","Customer 5004","115570.31"
"1337","Customer 2491","115559.36"
"1338","Customer 1192","115530.91"
"1339","Customer 6054","115528.20"
"1340","Customer 7100","115521.48"
"1341","Customer 7595","115494.33"
"1342","Customer 9260","115464.83"
"1343","Customer 8858","115446.38"
"1344","Customer 5465","115439.07"
"1345","Customer 4704","115421.32"
"1346","Customer 9519","115401.94"
"1347","Customer 6333","115351.66"
"1348","Customer 234","115351.26"
"1349","Customer 1401","115331.46"
"1350","Customer 4679","115326.43"
"1351","Customer 6715","115323.71"
"1352","Customer 1100","115303.73"
"1353","Customer 665","115295.55"
"1354","Customer 5600","115289.69"
"1355","Customer 6104","115279.66"
"1356","Customer 1387","115254.13"
"1357","Customer 1289","115246.75"
"1358","Customer 6157","115216.46"
"1359","Customer 2745","115207.68"
"1360","Customer 6156","115199.70"
"1361","Customer 6398","115191.81"
"1362","Customer 5586","115182.30"
"1363","Customer 5925","115180.60"
"1364","Customer 2383","115167.22"
"1365","Customer 7539","115137.72"
"1366","Customer 2597","115123.30"
"1367","Customer 9308","115101.57"
"1368","Customer 7920","115097.32"
"1369","Customer 3605","115092.25"
"1370","Customer 5881","115088.95"
"1371","Customer 8563","115066.11"
"1372","Customer 7079","115056.67"
"1373","Customer 9182","115052.73"
"1374","Customer 1658","115022.07"
"1375","Customer 9623","115007.76"
"1376","Customer 8129","115007.63"
"1377","Customer 4653","114983.38"
"1378","Customer 8983","114969.92"
"1379","Customer 6962","114947.77"
"1380","Customer 4807","114940.69"
"1381","Customer 7457","114906.36"
"1382","Customer 9401","114886.32"
"1383","Customer 1267","114877.79"
"1384","Customer 7773","114872.95"
"1385","Customer 992","114872.77"
"1386","Customer 6787","114865.36"
"1387","Customer 7016","114864.96"
"1388","Customer 2263","114853.14"
"1389","Customer 8578","114831.80"
"1390","Customer 4431","114824.20"
"1391","Customer 8532","114813.43"
"1392","Customer 5843","114807.89"
"1393","Customer 1256","114801.65"
"1394","Customer 7127","114793.13"
"1395","Customer 9364","114764.07"
"1396","Customer 1731","114745.16"
"1397","Customer 2540","114712.14"
"1398","Customer 5379","114707.11"
"1399","Customer 7775","114698.81"
"1400","Customer 5435","114686.28"
"1401","Customer 5740","114675.82"
"1402","Customer 7317","114667.01"
"1403","Customer 4783","114665.37"
"1404","Customer 8175","114664.38"
"1405","Customer 167","114663.03"
"1406","Customer 7449","114662.51"
"1407","Customer 4946","114642.26"
"1408","Customer 7036","114626.70"
"1409","Customer 7133","114613.10"
"1410","Customer 8599","114604.81"
"1411","Customer 4459","114601.25"
"1412","Customer 417","114595.07"
"1413","Customer 5918","114559.55"
"1414","Customer 1277","114522.92"
"1415","Customer 4638","114510.15"
"1416","Customer 9981","114502.22"
"1417","Customer 7436","114494.29"
"1418","Customer 802","114476.39"
"1419","Customer 3363","114453.70"
"1420","Customer 7374","114414.94"
"1421","Customer 5458","114413.94"
"1422","Customer 8130","114409.02"
"1423","Customer 4124","114376.90"
"1424","Customer 6275","114348.04"
"1425","Customer 9298","114342.86"
"1426","Customer 2554","114340.57"
"1427","Customer 8906","114325.77"
"1428","Customer 9027","114306.48"
"1429","Customer 7621","114269.52"
"1430","Customer 174","114266.98"
"1431","Customer 2352","114210.32"
"1432","Customer 2381","114197.61"
"1433","Customer 206","114188.25"
"1434","Customer 7853","114188.21"
"1435","Customer 8227","114187.16"
"1436","Customer 6625","114164.42"
"1437","Customer 1352","114160.13"
"1438","Customer 1451","114158.85"
"1439","Customer 3669","114151.09"
"1440","Customer 825","114129.35"
"1441","Customer 710","114125.37"
"1442","Customer 9225","114104.77"
"1443","Customer 6093","114091.06"
"1444","Customer 7645","114080.44"
"1445","Customer 1692","114078.50"
"1446","Customer 7359","114074.95"
"1447","Customer 2078","114059.65"
"1448","Customer 4931","114049.97"
"1449","Customer 4817","114040.61"
"1450","Customer 5153","114021.91"
"1451","Customer 6329","113984.29"
"1452","Customer 7023","113983.20"
"1453","Customer 3458","113967.00"
"1454","Customer 2989","113962.57"
"1455","Customer 2851","113920.40"
"1456","Customer 5213","113883.16"
"1457","Customer 6173","113881.00"
"1458","Customer 5844","113850.71"
"1459","Customer 3917","113850.13"
"1460","Customer 4768","113838.02"
"1461","Customer 7646","113784.22"
"1462","Customer 246","113762.90"
"1463","Customer 6684","113750.46"
"1464","Customer 3966","113744.40"
"1465","Customer 4148","113733.17"
"1466","Customer 40","113716.16"
"1467","Customer 8780","113709.41"
"1468","Customer 8833","113700.59"
"1469","Customer 982","113670.64"
"1470","Customer 7099","113646.60"
"1471","Customer 4641","113639.37"
"1472","Customer 7071","113632.74"
"1473","Customer 595","113616.02"
"1474","Customer 7476","113613.34"
"1475","Customer 3292","113492.65"
"1476","Customer 9619","113438.17"
"1477","Customer 6479","113432.95"
"1478","Customer 8760","113430.27"
"1479","Customer 5378","113416.15"
"1480","Customer 4769","113398.63"
"1481","Customer 4506","113389.00"
"1482","Customer 1229","113385.72"
"1483","Customer 2710","113381.88"
"1484","Customer 6245","113378.77"
"1485","Customer 7893","113366.43"
"1486","Customer 7029","113365.70"
"1487","Customer 1076","113260.84"
"1488","Customer 7862","113259.05"
"1489","Customer 4983","113255.47"
"1490","Customer 926","113252.21"
"1491","Customer 2222","113200.44"
"1492","Customer 8251","113197.64"
"1493","Customer 1559","113194.77"
"1494","Customer 9727","113184.63"
"1495","Customer 5556","113161.77"
"1496","Customer 5788","113144.98"
"1497","Customer 6963","113126.10"
"1498","Customer 196","113110.66"
"1499","Customer 4006","113109.56"
"1500","Customer 4208","113100.31"
"1501","Customer 4309","113096.23"
"1502","Customer 2536","113067.92"
"1503","Customer 3896","113057.47"
"1504","Customer 5128","113056.71"
"1505","Customer 9669","113029.43"
"1506","Customer 9668","113020.88"
"1507","Customer 7728","112987.98"
"1508","Customer 9289","112979.06"
"1509","Customer 8178","112974.16"
"1510","Customer 7966","112971.64"
"1511","Customer 1420","112967.35"
"1512","Customer 601","112963.12"
"1513","Customer 7783","112950.15"
"1514","Customer 1503","112948.04"
"1515","Customer 3359","112942.53"
"1516","Customer 1854","112937.20"
"1517","Customer 9977","112929.00"
"1518","Customer 5745","112864.71"
"1519","Customer 8514","112857.03"
"1520","Customer 9833","112844.10"
"1521","Customer 3033","112842.67"
"1522","Customer 6224","112832.27"
"1523","Customer 6304","112793.24"
"1524","Customer 4363","112766.96"
"1525","Customer 4105","112761.25"
"1526","Customer 745","112753.82"
"1527","Customer 409","112748.96"
"1528","Customer 315","112730.88"
"1529","Customer 858","112720.08"
"1530","Customer 3968","112710.77"
"1531","Customer 4543","112698.92"
"1532","Customer 1941","112685.05"
"1533","Customer 9236","112664.48"
"1534","Customer 6106","112659.25"
"1535","Customer 3609","112654.40"
"1536","Customer 8158","112650.33"
"1537","Customer 6033","112645.03"
"1538","Customer 8957","112642.07"
"1539","Customer 289","112617.66"
"1540","Customer 2852","112609.74"
"1541","Customer 7398","112603.77"
"1542","Customer 458","112601.16"
"1543","Customer 3833","112589.01"
"1544","Customer 6053","112554.41"
"1545","Customer 8754","112536.94"
"1546","Customer 7063","112524.35"
"1547","Customer 4371","112514.30"
"1548","Customer 993","112510.79"
"1549","Customer 1299","112508.99"
"1550","Customer 6028","112501.83"
"1551","Customer 4365","112476.32"
"1552","Customer 3066","112471.40"
"1553","Customer 763","112457.57"
"1554","Customer 3477","112418.81"
"1555","Customer 2666","112414.91"
"1556","Customer 5269","112412.19"
"1557","Customer 1609","112390.07"
"1558","Customer 3944","112374.27"
"1559","Customer 8","112361.34"
"1560","Customer 1152","112357.85"
"1561","Customer 5088","112340.35"
"1562","Customer 6689","112300.80"
"1563","Customer 895","112285.91"
"1564","Customer 7593","112279.25"
"1565","Customer 2807","112274.53"
"1566","Customer 456","112263.77"
"1567","Customer 6740","112251.57"
"1568","Customer 620","112206.96"
"1569","Customer 8192","112201.30"
"1570","Customer 4276","112193.61"
"1571","Customer 1997","112181.89"
"1572","Customer 2618","112175.65"
"1573","Customer 6430","112174.52"
"1574","Customer 5615","112168.51"
"1575","Customer 9010","112165.78"
"1576","Customer 4875","112161.32"
"1577","Customer 6186","112159.51"
"1578","Customer 4344","112151.57"
"1579","Customer 8495","112140.02"
"1580","Customer 7545","112116.59"
"1581","Customer 9788","112113.16"
"1582","Customer 1353","112088.12"
"1583","Customer 4910","112079.00"
"1584","Customer 220","112070.83"
"1585","Customer 2417","112058.03"
"1586","Customer 2915","112055.22"
"1587","Customer 3486","112018.29"
"1588","Customer 4915","111998.84"
"1589","Customer 2387","111994.53"
"1590","Customer 1910","111985.84"
"1591","Customer 4815","111980.39"
"1592","Customer 1384","111963.25"
"1593","Customer 9534","111960.02"
"1594","Customer 347","111959.03"
"1595","Customer 1328","111958.85"
"1596","Customer 9041","111953.57"
"1597","Customer 9718","111940.36"
"1598","Customer 7556","111926.86"
"1599","Customer 6399","111900.09"
"1600","Customer 3017","111889.16"
"1601","Customer 1458","111871.99"
"1602","Customer 123","111853.60"
"1603","Customer 3869","111848.09"
"1604","Customer 6467","111843.81"
"1605","Customer 8702","111842.50"
"1606","Customer 8729","111821.28"
"1607","Customer 8016","111807.58"
"1608","Customer 6083","111797.62"
"1609","Customer 3248","111784.48"
"1610","Customer 8385","111777.86"
"1611","Customer 6050","111769.93"
"1612","Customer 231","111747.10"
"1613","Customer 2477","111745.97"
"1614","Customer 5507","111728.62"
"1615","Customer 1535","111722.37"
"1616","Customer 5362","111712.79"
"1617","Customer 8690","111706.18"
"1618","Customer 8409","111698.77"
"1619","Customer 3046","111683.11"
"1620","Customer 6928","111665.30"
"1621","Customer 6073","111641.67"
"1622","Customer 7766","111597.37"
"1623","Customer 6123","111593.65"
"1624","Customer 4642","111583.97"
"1625","Customer 335","111524.07"
"1626","Customer 7781","111518.24"
"1627","Customer 5161","111510.37"
"1628","Customer 2774","111508.99"
"1629","Customer 6700","111492.42"
"1630","Customer 9312","111490.75"
"1631","Customer 4582","111483.16"
"1632","Customer 6018","111412.71"
"1633","Customer 4744","111395.91"
"1634","Customer 4716","111390.92"
"1635","Customer 9291","111367.03"
"1636","Customer 6360","111355.77"
"1637","Customer 6405","111331.92"
"1638","Customer 8031","111317.42"
"1639","Customer 5015","111316.62"
"1640","Customer 5959","111294.61"
"1641","Customer 2552","111291.19"
"1642","Customer 1357","111268.09"
"1643","Customer 1063","111266.52"
"1644","Customer 8264","111257.43"
"1645","Customer 3294","111255.07"
"1646","Customer 7934","111247.87"
"1647","Customer 2801","111243.85"
"1648","Customer 5228","111194.02"
"1649","Customer 5","111177.41"
"1650","Customer 5260","111145.51"
"1651","Customer 7701","111135.25"
"1652","Customer 6540","111112.48"
"1653","Customer 3399","111106.38"
"1654","Customer 6319","111092.30"
"1655","Customer 2380","111062.24"
"1656","Customer 662","111034.66"
"1657","Customer 2944","111022.60"
"1658","Customer 1805","111018.50"
"1659","Customer 1601","110996.73"
"1660","Customer 1962","110939.57"
"1661","Customer 9125","110937.81"
"1662","Customer 7393","110931.78"
"1663","Customer 8481","110870.33"
"1664","Customer 9227","110855.92"
"1665","Customer 6394","110855.04"
"1666","Customer 752","110854.29"
"1667","Customer 3753","110843.70"
"1668","Customer 4749","110813.04"
"1669","Customer 9593","110765.93"
"1670","Customer 9678","110721.25"
"1671","Customer 3682","110710.44"
"1672","Customer 21","110707.29"
"1673","Customer 388","110701.24"
"1674","Customer 8241","110681.90"
"1675","Customer 5098","110657.39"
"1676","Customer 5914","110587.14"
"1677","Customer 8476","110570.11"
"1678","Customer 5920","110552.90"
"1679","Customer 6798","110537.61"
"1680","Customer 4252","110536.52"
"1681","Customer 1918","110515.29"
"1682","Customer 8143","110507.10"
"1683","Customer 8846","110504.38"
"1684","Customer 2811","110462.33"
"1685","Customer 100","110440.63"
"1686","Customer 7610","110438.50"
"1687","Customer 4270","110435.33"
"1688","Customer 4833","110419.28"
"1689","Customer 6965","110409.59"
"1690","Customer 5879","110389.40"
"1691","Customer 1194","110385.75"
"1692","Customer 9921","110361.63"
"1693","Customer 3321","110313.86"
"1694","Customer 1637","110290.41"
"1695","Customer 3668","110275.00"
"1696","Customer 2200","110273.79"
"1697","Customer 4495","110265.06"
"1698","Customer 4784","110259.17"
"1699","Customer 5900","110243.48"
"1700","Customer 5280","110231.32"
"1701","Customer 8393","110217.09"
"1702","Customer 626","110196.78"
"1703","Customer 3185","110166.89"
"1704","Customer 4064","110146.52"
"1705","Customer 1956","110142.96"
"1706","Customer 718","110115.10"
"1707","Customer 4619","110108.44"
"1708","Customer 3877","110096.59"
"1709","Customer 3969","110074.19"
"1710","Customer 7259","110056.07"
"1711","Customer 4564","110047.17"
"1712","Customer 6724","110026.61"
"1713","Customer 5819","110018.99"
"1714","Customer 4522","110002.05"
"1715","Customer 5374","109996.09"
"1716","Customer 8258","109990.40"
"1717","Customer 2017","109986.87"
"1718","Customer 68","109975.91"
"1719","Customer 8569","109966.87"
"1720","Customer 6687","109955.41"
"1721","Customer 2895","109934.19"
"1722","Customer 5836","109929.07"
"1723","Customer 6107","109926.69"
"1724","Customer 5940","109920.10"
"1725","Customer 424","109913.93"
"1726","Customer 5208","109911.67"
"1727","Customer 3430","109885.08"
"1728","Customer 7037","109827.57"
"1729","Customer 1872","109822.98"
"1730","Customer 5972","109785.36"
"1731","Customer 8176","109764.88"
"1732","Customer 9748","109762.51"
"1733","Customer 515","109702.52"
"1734","Customer 5424","109686.74"
"1735","Customer 8557","109681.29"
"1736","Customer 7179","109663.61"
"1737","Customer 9722","109662.97"
"1738","Customer 6354","109662.15"
"1739","Customer 5630","109658.96"
"1740","Customer 1124","109646.12"
"1741","Customer 4210","109644.79"
"1742","Customer 6775","109642.06"
"1743","Customer 4490","109636.55"
"1744","Customer 4447","109622.49"
"1745","Customer 1630","109614.25"
"1746","Customer 5554","109612.90"
"1747","Customer 9673","109587.75"
"1748","Customer 5026","109577.13"
"1749","Customer 7270","109575.75"
"1750","Customer 7326","109548.89"
"1751","Customer 1895","109535.27"
"1752","Customer 4801","109530.91"
"1753","Customer 5160","109530.56"
"1754","Customer 7362","109523.10"
"1755","Customer 25","109476.94"
"1756","Customer 9321","109452.23"
"1757","Customer 9702","109415.63"
"1758","Customer 7909","109394.11"
"1759","Customer 3208","109378.70"
"1760","Customer 4154","109373.78"
"1761","Customer 3425","109358.77"
"1762","Customer 317","109335.09"
"1763","Customer 5813","109327.54"
"1764","Customer 9726","109327.46"
"1765","Customer 7319","109326.00"
"1766","Customer 1820","109323.62"
"1767","Customer 1776","109306.10"
"1768","Customer 8530","109290.01"
"1769","Customer 8166","109276.86"
"1770","Customer 5198","109272.47"
"1771","Customer 7084","109267.48"
"1772","Customer 2233","109250.85"
"1773","Customer 2607","109204.19"
"1774","Customer 8885","109174.46"
"1775","Customer 682","109169.08"
"1776","Customer 3485","109126.38"
"1777","Customer 7269","109119.76"
"1778","Customer 8328","109109.90"
"1779","Customer 7505","109098.92"
"1780","Customer 7055","109068.70"
"1781","Customer 3038","109067.42"
"1782","Customer 8912","109064.13"
"1783","Customer 8652","109055.81"
"1784","Customer 2056","109052.87"
"1785","Customer 5973","109042.90"
"1786","Customer 6464","109030.85"
"1787","Customer 444","108992.38"
"1788","Customer 5764","108969.89"
"1789","Customer 5591","108933.07"
"1790","Customer 1258","108930.53"
"1791","Customer 6970","108920.97"
"1792","Customer 3296","108916.59"
"1793","Customer 5984","108912.05"
"1794","Customer 7672","108910.91"
"1795","Customer 8354","108908.46"
"1796","Customer 1717","108897.03"
"1797","Customer 7147","108855.22"
"1798","Customer 8114","108837.15"
"1799","Customer 8303","108808.11"
"1800","Customer 3147","108804.75"
"1801","Customer 6860","108796.51"
"1802","Customer 7926","108788.39"
"1803","Customer 8613","108781.68"
"1804","Customer 8995","108780.75"
"1805","Customer 2604","108772.34"
"1806","Customer 6802","108769.60"
"1807","Customer 9492","108765.11"
"1808","Customer 5635","108764.67"
"1809","Customer 6077","108758.39"
"1810","Customer 1108","108749.75"
"1811","Customer 2015","108732.12"
"1812","Customer 3528","108725.89"
"1813","Customer 2958","108720.94"
"1814","Customer 3579","108712.51"
"1815","Customer 5116","108709.40"
"1816","Customer 2176","108709.08"
"1817","Customer 2697","108702.51"
"1818","Customer 4503","108695.62"
"1819","Customer 3233","108682.05"
"1820","Customer 3700","108674.69"
"1821","Customer 1578","108663.31"
"1822","Customer 152","108653.49"
"1823","Customer 3378","108643.71"
"1824","Customer 8006","108623.07"
"1825","Customer 7872","108616.27"
"1826","Customer 2142","108614.81"
"1827","Customer 6821","108612.53"
"1828","Customer 3663","108606.55"
"1829","Customer 2542","108600.53"
"1830","Customer 8758","108600.46"
"1831","Customer 672","108557.53"
"1832","Customer 553","108526.57"
"1833","Customer 631","108510.70"
"1834","Customer 5991","108510.69"
"1835","Customer 7411","108477.21"
"1836","Customer 3250","108460.82"
"1837","Customer 2940","108442.83"
"1838","Customer 5801","108414.10"
"1839","Customer 7433","108405.67"
"1840","Customer 9428","108379.61"
"1841","Customer 7044","108368.77"
"1842","Customer 3843","108340.66"
"1843","Customer 836","108334.66"
"1844","Customer 5136","108327.96"
"1845","Customer 6094","108325.82"
"1846","Customer 5948","108315.38"
"1847","Customer 7230","108290.58"
"1848","Customer 8516","108289.97"
"1849","Customer 1025","108275.26"
"1850","Customer 2473","108273.11"
"1851","Customer 5542","108260.50"
"1852","Customer 1766","108253.47"
"1853","Customer 6306","108223.65"
"1854","Customer 4625","108218.19"
"1855","Customer 1381","108217.84"
"1856","Customer 2247","108212.16"
"1857","Customer 4977","108189.51"
"1858","Customer 5724","108161.70"
"1859","Customer 9596","108132.36"
"1860","Customer 5169","108123.92"
"1861","Customer 6669","108120.85"
"1862","Customer 6369","108112.87"
"1863","Customer 5283","108072.10"
"1864","Customer 3445","108071.84"
"1865","Customer 7352","108063.11"
"1866","Customer 2413","108055.78"
"1867","Customer 8331","108038.37"
"1868","Customer 3155","108035.53"
"1869","Customer 8972","108020.31"
"1870","Customer 4095","108008.83"
"1871","Customer 399","108004.52"
"1872","Customer 5406","108003.53"
"1873","Customer 4116","108001.28"
"1874","Customer 8426","107990.09"
"1875","Customer 2845","107986.83"
"1876","Customer 489","107985.74"
"1877","Customer 1027","107978.91"
"1878","Customer 4090","107978.02"
"1879","Customer 1446","107953.74"
"1880","Customer 9809","107920.45"
"1881","Customer 9209","107911.19"
"1882","Customer 7616","107900.35"
"1883","Customer 6232","107896.83"
"1884","Customer 9363","107889.37"
"1885","Customer 8672","107884.05"
"1886","Customer 9164","107880.31"
"1887","Customer 5688","107874.74"
"1888","Customer 8572","107865.49"
"1889","Customer 1148","107810.67"
"1890","Customer 5415","107797.50"
"1891","Customer 8413","107790.67"
"1892","Customer 4970","107786.87"
"1893","Customer 7364","107777.99"
"1894","Customer 8049","107776.85"
"1895","Customer 262","107760.25"
"1896","Customer 6784","107752.92"
"1897","Customer 2650","107669.24"
"1898","Customer 7007","107667.93"
"1899","Customer 8880","107660.86"
"1900","Customer 8056","107657.28"
"1901","Customer 5950","107651.95"
"1902","Customer 651","107602.73"
"1903","Customer 9000","107593.31"
"1904","Customer 9629","107592.34"
"1905","Customer 1726","107574.11"
"1906","Customer 9090","107567.61"
"1907","Customer 4343","107559.82"
"1908","Customer 3673","107529.54"
"1909","Customer 9598","107522.68"
"1910","Customer 1054","107514.84"
"1911","Customer 9273","107487.38"
"1912","Customer 9793","107484.88"
"1913","Customer 2077","107476.69"
"1914","Customer 723","107473.14"
"1915","Customer 7856","107467.96"
"1916","Customer 4456","107442.05"
"1917","Customer 8038","107440.35"
"1918","Customer 1791","107435.77"
"1919","Customer 4458","107419.81"
"1920","Customer 5493","107384.89"
"1921","Customer 5469","107351.25"
"1922","Customer 3131","107348.44"
"1923","Customer 4922","107333.50"
"1924","Customer 5593","107321.02"
"1925","Customer 1474","107317.12"
"1926","Customer 9701","107315.76"
"1927","Customer 7137","107311.25"
"1928","Customer 8717","107310.98"
"1929","Customer 340","107308.09"
"1930","Customer 4460","107278.41"
"1931","Customer 8665","107249.17"
"1932","Customer 153","107226.29"
"1933","Customer 8623","107176.09"
"1934","Customer 285","107152.03"
"1935","Customer 8127","107150.85"
"1936","Customer 2586","107139.64"
"1937","Customer 3622","107132.27"
"1938","Customer 1951","107122.31"
"1939","Customer 9714","107118.83"
"1940","Customer 7504","107107.24"
"1941","Customer 5808","107098.07"
"1942","Customer 6058","107093.92"
"1943","Customer 3097","107090.73"
"1944","Customer 510","107065.91"
"1945","Customer 8708","107046.96"
"1946","Customer 2938","107026.95"
"1947","Customer 1599","107023.83"
"1948","Customer 4706","106981.19"
"1949","Customer 8146","106963.89"
"1950","Customer 9759","106949.28"
"1951","Customer 7538","106937.35"
"1952","Customer 6578","106923.71"
"1953","Customer 8734","106915.62"
"1954","Customer 2507","106889.61"
"1955","Customer 7285","106873.89"
"1956","Customer 7397","106858.43"
"1957","Customer 1443","106833.47"
"1958","Customer 1760","106829.48"
"1959","Customer 1538","106828.05"
"1960","Customer 634","106824.93"
"1961","Customer 3940","106789.89"
"1962","Customer 3557","106739.95"
"1963","Customer 9636","106719.84"
"1964","Customer 7836","106716.31"
"1965","Customer 298","106709.15"
"1966","Customer 9978","106708.58"
"1967","Customer 1489","106699.22"
"1968","Customer 8011","106697.77"
"1969","Customer 5508","106696.41"
"1970","Customer 3079","106684.63"
"1971","Customer 5546","106659.98"
"1972","Customer 6859","106659.90"
"1973","Customer 2912","106656.56"
"1974","Customer 6152","106615.20"
"1975","Customer 3786","106601.36"
"1976","Customer 7124","106596.46"
"1977","Customer 5994","106587.19"
"1978","Customer 1448","106572.87"
"1979","Customer 8414","106537.48"
"1980","Customer 8923","106522.34"
"1981","Customer 344","106511.15"
"1982","Customer 7277","106487.85"
"1983","Customer 5177","106482.11"
"1984","Customer 1467","106460.42"
"1985","Customer 4427","106456.03"
"1986","Customer 5505","106437.08"
"1987","Customer 5426","106433.71"
"1988","Customer 3779","106425.22"
"1989","Customer 7550","106417.72"
"1990","Customer 4214","106404.26"
"1991","Customer 5770","106394.13"
"1992","Customer 7141","106393.48"
"1993","Customer 9169","106378.55"
"1994","Customer 8250","106364.42"
"1995","Customer 4141","106347.02"
"1996","Customer 8173","106347.01"
"1997","Customer 5990","106305.97"
"1998","Customer 4797","106300.77"
"1999","Customer 1874","106296.25"
"2000","Customer 6971","106288.65"
"2001","Customer 7574","106287.12"
"2002","Customer 6273","106270.97"
"2003","Customer 2935","106239.82"
"2004","Customer 4149","106228.43"
"2005","Customer 4997","106226.02"
"2006","Customer 8888","106224.79"
"2007","Customer 158","106213.96"
"2008","Customer 608","106202.28"
"2009","Customer 4161","106201.05"
"2010","Customer 9538","106200.92"
"2011","Customer 9228","106186.93"
"2012","Customer 6024","106184.74"
"2013","Customer 9037","106167.29"
"2014","Customer 160","106118.17"
"2015","Customer 8437","106095.76"
"2016","Customer 5081","106065.00"
"2017","Customer 7702","106033.48"
"2018","Customer 4001","106029.52"
"2019","Customer 7639","106028.67"
"2020","Customer 9217","106024.69"
"2021","Customer 9952","105993.34"
"2022","Customer 7567","105986.13"
"2023","Customer 5668","105980.91"
"2024","Customer 8897","105967.98"
"2025","Customer 8762","105956.21"
"2026","Customer 6182","105952.17"
"2027","Customer 4773","105943.13"
"2028","Customer 3748","105904.49"
"2029","Customer 5589","105893.25"
"2030","Customer 2730","105876.39"
"2031","Customer 1125","105872.38"
"2032","Customer 1008","105862.44"
"2033","Customer 3744","105861.18"
"2034","Customer 131","105852.69"
"2035","Customer 3317","105841.56"
"2036","Customer 7632","105792.46"
"2037","Customer 4650","105790.17"
"2038","Customer 2366","105764.58"
"2039","Customer 2405","105757.93"
"2040","Customer 5085","105742.91"
"2041","Customer 8332","105742.54"
"2042","Customer 1897","105740.17"
"2043","Customer 7515","105723.37"
"2044","Customer 8621","105723.05"
"2045","Customer 8458","105700.07"
"2046","Customer 6303","105699.27"
"2047","Customer 3429","105692.32"
"2048","Customer 368","105670.59"
"2049","Customer 7176","105653.37"
"2050","Customer 7430","105648.83"
"2051","Customer 5649","105631.16"
"2052","Customer 6926","105615.48"
"2053","Customer 1084","105603.39"
"2054","Customer 1782","105593.25"
"2055","Customer 4850","105587.42"
"2056","Customer 8735","105578.07"
"2057","Customer 1377","105561.71"
"2058","Customer 7696","105541.86"
"2059","Customer 3374","105529.51"
"2060","Customer 8540","105511.02"
"2061","Customer 9194","105483.29"
"2062","Customer 9642","105479.97"
"2063","Customer 5691","105450.19"
"2064","Customer 6366","105445.94"
"2065","Customer 6204","105445.22"
"2066","Customer 3603","105401.97"
"2067","Customer 5474","105374.27"
"2068","Customer 7119","105361.80"
"2069","Customer 3418","105355.29"
"2070","Customer 4464","105350.98"
"2071","Customer 6799","105349.42"
"2072","Customer 213","105348.61"
"2073","Customer 7429","105343.67"
"2074","Customer 8222","105331.73"
"2075","Customer 739","105311.33"
"2076","Customer 7410","105300.52"
"2077","Customer 5499","105296.58"
"2078","Customer 6992","105292.00"
"2079","Customer 5823","105284.00"
"2080","Customer 615","105267.92"
"2081","Customer 9077","105267.91"
"2082","Customer 5385","105249.77"
"2083","Customer 6942","105248.67"
"2084","Customer 2900","105235.02"
"2085","Customer 3643","105231.41"
"2086","Customer 9067","105224.32"
"2087","Customer 3778","105208.64"
"2088","Customer 292","105207.69"
"2089","Customer 9813","105198.31"
"2090","Customer 6244","105148.35"
"2091","Customer 1855","105144.88"
"2092","Customer 5695","105123.52"
"2093","Customer 677","105116.42"
"2094","Customer 2696","105110.23"
"2095","Customer 2546","105108.36"
"2096","Customer 3426","105107.10"
"2097","Customer 8657","105106.96"
"2098","Customer 2795","105091.64"
"2099","Customer 7791","105083.60"
"2100","Customer 1225","105077.33"
"2101","Customer 1790","105076.46"
"2102","Customer 8064","105067.23"
"2103","Customer 1288","105055.26"
"2104","Customer 7591","105052.58"
"2105","Customer 4670","105018.07"
"2106","Customer 6192","105017.80"
"2107","Customer 9633","105010.28"
"2108","Customer 1922","105003.54"
"2109","Customer 4765","104995.39"
"2110","Customer 4348","104970.76"
"2111","Customer 558","104967.26"
"2112","Customer 6771","104965.84"
"2113","Customer 4575","104945.32"
"2114","Customer 9585","104892.68"
"2115","Customer 4024","104881.23"
"2116","Customer 9967","104881.00"
"2117","Customer 5188","104857.51"
"2118","Customer 8721","104832.33"
"2119","Customer 7122","104831.66"
"2120","Customer 4385","104828.21"
"2121","Customer 5294","104817.03"
"2122","Customer 9784","104781.47"
"2123","Customer 7699","104772.48"
"2124","Customer 596","104768.08"
"2125","Customer 8351","104756.37"
"2126","Customer 4513","104750.09"
"2127","Customer 4246","104748.95"
"2128","Customer 2104","104746.13"
"2129","Customer 1340","104736.49"
"2130","Customer 411","104716.89"
"2131","Customer 5525","104713.26"
"2132","Customer 3890","104682.35"
"2133","Customer 6991","104669.53"
"2134","Customer 6874","104665.76"
"2135","Customer 3221","104657.13"
"2136","Customer 9088","104620.63"
"2137","Customer 1720","104569.12"
"2138","Customer 2752","104568.91"
"2139","Customer 9699","104565.76"
"2140","Customer 6688","104547.15"
"2141","Customer 2589","104529.52"
"2142","Customer 5042","104507.49"
"2143","Customer 8803","104505.91"
"2144","Customer 1036","104493.67"
"2145","Customer 6959","104477.97"
"2146","Customer 9575","104473.92"
"2147","Customer 9305","104473.49"
"2148","Customer 9265","104448.82"
"2149","Customer 4387","104448.08"
"2150","Customer 168","104442.95"
"2151","Customer 4221","104431.37"
"2152","Customer 2555","104428.79"
"2153","Customer 181","104415.39"
"2154","Customer 2611","104412.40"
"2155","Customer 1185","104407.80"
"2156","Customer 2001","104392.85"
"2157","Customer 3398","104388.36"
"2158","Customer 7159","104368.38"
"2159","Customer 1311","104349.34"
"2160","Customer 5168","104321.04"
"2161","Customer 1932","104318.84"
"2162","Customer 520","104312.46"
"2163","Customer 9206","104281.49"
"2164","Customer 7163","104278.36"
"2165","Customer 9661","104276.56"
"2166","Customer 922","104270.76"
"2167","Customer 5054","104263.39"
"2168","Customer 314","104257.97"
"2169","Customer 77","104256.23"
"2170","Customer 3633","104241.35"
"2171","Customer 3630","104222.02"
"2172","Customer 2486","104207.77"
"2173","Customer 5712","104189.32"
"2174","Customer 2482","104184.79"
"2175","Customer 1393","104162.33"
"2176","Customer 3388","104153.79"
"2177","Customer 6380","104131.62"
"2178","Customer 6423","104122.94"
"2179","Customer 8408","104112.05"
"2180","Customer 7680","104109.91"
"2181","Customer 7629","104107.60"
"2182","Customer 2970","104087.61"
"2183","Customer 2215","104086.36"
"2184","Customer 6879","104045.32"
"2185","Customer 4390","104037.08"
"2186","Customer 7153","104022.69"
"2187","Customer 6752","103988.56"
"2188","Customer 7290","103966.29"
"2189","Customer 4821","103922.48"
"2190","Customer 4584","103909.63"
"2191","Customer 2114","103894.17"
"2192","Customer 2073","103890.00"
"2193","Customer 4472","103883.96"
"2194","Customer 6181","103879.73"
"2195","Customer 9340","103876.75"
"2196","Customer 319","103849.19"
"2197","Customer 7912","103803.42"
"2198","Customer 162","103783.70"
"2199","Customer 6373","103781.37"
"2200","Customer 1390","103772.59"
"2201","Customer 2573","103762.95"
"2202","Customer 4408","103756.68"
"2203","Customer 6686","103756.67"
"2204","Customer 7930","103720.34"
"2205","Customer 9046","103715.15"
"2206","Customer 7998","103710.65"
"2207","Customer 1251","103706.20"
"2208","Customer 1491","103698.88"
"2209","Customer 522","103697.63"
"2210","Customer 5681","103687.12"
"2211","Customer 8161","103680.33"
"2212","Customer 4799","103660.24"
"2213","Customer 4924","103647.04"
"2214","Customer 1513","103633.11"
"2215","Customer 9452","103624.36"
"2216","Customer 2378","103616.84"
"2217","Customer 1508","103613.43"
"2218","Customer 1700","103589.27"
"2219","Customer 1221","103578.78"
"2220","Customer 8554","103578.13"
"2221","Customer 9543","103555.64"
"2222","Customer 2669","103554.08"
"2223","Customer 9091","103546.18"
"2224","Customer 4615","103543.31"
"2225","Customer 8229","103534.77"
"2226","Customer 8955","103532.42"
"2227","Customer 8036","103526.97"
"2228","Customer 5019","103507.43"
"2229","Customer 5370","103504.88"
"2230","Customer 3497","103485.47"
"2231","Customer 498","103450.24"
"2232","Customer 154","103401.29"
"2233","Customer 2701","103396.07"
"2234","Customer 8975","103376.70"
"2235","Customer 3123","103348.23"
"2236","Customer 4094","103332.95"
"2237","Customer 8523","103320.65"
"2238","Customer 4107","103318.03"
"2239","Customer 9920","103294.98"
"2240","Customer 6923","103278.42"
"2241","Customer 1878","103275.04"
"2242","Customer 9117","103260.71"
"2243","Customer 5028","103210.32"
"2244","Customer 4042","103204.96"
"2245","Customer 197","103200.64"
"2246","Customer 7919","103199.31"
"2247","Customer 4542","103194.31"
"2248","Customer 4067","103190.43"
"2249","Customer 7372","103185.31"
"2250","Customer 1322","103177.94"
"2251","Customer 2210","103164.84"
"2252","Customer 2251","103159.25"
"2253","Customer 283","103148.25"
"2254","Customer 8073","103148.23"
"2255","Customer 3821","103141.96"
"2256","Customer 6886","103126.96"
"2257","Customer 1915","103099.11"
"2258","Customer 1485","103076.89"
"2259","Customer 1461","103074.52"
"2260","Customer 5132","103068.69"
"2261","Customer 3242","103060.04"
"2262","Customer 3495","103029.79"
"2263","Customer 3280","103028.23"
"2264","Customer 7005","103013.61"
"2265","Customer 8970","102990.19"
"2266","Customer 7658","102986.18"
"2267","Customer 7904","102978.66"
"2268","Customer 5498","102968.88"
"2269","Customer 5692","102935.23"
"2270","Customer 290","102928.92"
"2271","Customer 6759","102927.81"
"2272","Customer 7310","102924.87"
"2273","Customer 3531","102918.43"
"2274","Customer 6322","102883.78"
"2275","Customer 2781","102880.75"
"2276","Customer 5289","102860.84"
"2277","Customer 7931","102853.94"
"2278","Customer 4960","102852.10"
"2279","Customer 4786","102842.45"
"2280","Customer 8588","102840.89"
"2281","Customer 5080","102803.71"
"2282","Customer 9811","102802.40"
"2283","Customer 2706","102795.98"
"2284","Customer 779","102756.22"
"2285","Customer 3709","102738.87"
"2286","Customer 8601","102708.23"
"2287","Customer 1317","102701.16"
"2288","Customer 6915","102700.48"
"2289","Customer 2928","102682.36"
"2290","Customer 1867","102676.79"
"2291","Customer 281","102647.10"
"2292","Customer 5690","102628.66"
"2293","Customer 2169","102627.30"
"2294","Customer 7618","102599.51"
"2295","Customer 3367","102591.74"
"2296","Customer 9731","102585.55"
"2297","Customer 1378","102558.89"
"2298","Customer 5259","102558.60"
"2299","Customer 6691","102550.81"
"2300","Customer 6544","102514.56"
"2301","Customer 3806","102495.59"
"2301","Customer 4280","102495.59"
"2303","Customer 4218","102433.43"
"2304","Customer 3653","102409.95"
"2305","Customer 4432","102406.27"
"2306","Customer 4087","102404.13"
"2307","Customer 8595","102400.83"
"2308","Customer 398","102399.31"
"2309","Customer 2270","102395.51"
"2310","Customer 9703","102392.63"
"2311","Customer 330","102351.12"
"2312","Customer 5235","102347.67"
"2313","Customer 9422","102342.56"
"2314","Customer 1949","102333.32"
"2315","Customer 7631","102326.31"
"2316","Customer 3859","102325.58"
"2317","Customer 6840","102298.91"
"2318","Customer 7431","102290.28"
"2319","Customer 2830","102262.53"
"2320","Customer 215","102245.58"
"2321","Customer 3849","102235.41"
"2322","Customer 8553","102218.51"
"2323","Customer 5992","102217.12"
"2324","Customer 2361","102204.43"
"2325","Customer 2733","102182.27"
"2326","Customer 9216","102179.39"
"2327","Customer 6175","102144.87"
"2328","Customer 521","102136.86"
"2329","Customer 4620","102125.16"
"2330","Customer 3880","102123.72"
"2331","Customer 3891","102082.63"
"2332","Customer 6603","102079.29"
"2333","Customer 9987","102065.87"
"2334","Customer 8312","102042.81"
"2335","Customer 7689","102006.67"
"2336","Customer 9039","101992.57"
"2337","Customer 236","101978.84"
"2338","Customer 4015","101961.19"
"2339","Customer 6260","101960.97"
"2340","Customer 7389","101958.78"
"2341","Customer 1097","101949.27"
"2342","Customer 2080","101939.20"
"2343","Customer 5430","101920.07"
"2344","Customer 413","101919.94"
"2345","Customer 5987","101918.27"
"2346","Customer 9033","101910.68"
"2347","Customer 9247","101890.98"
"2348","Customer 9324","101873.81"
"2349","Customer 5043","101854.39"
"2350","Customer 679","101845.82"
"2351","Customer 6896","101844.29"
"2352","Customer 3350","101843.90"
"2353","Customer 1206","101828.09"
"2354","Customer 2639","101817.52"
"2355","Customer 233","101813.79"
"2356","Customer 4965","101806.36"
"2357","Customer 8243","101798.69"
"2358","Customer 8252","101788.13"
"2359","Customer 3582","101778.81"
"2360","Customer 6888","101772.11"
"2361","Customer 9521","101754.25"
"2362","Customer 9257","101750.00"
"2363","Customer 6417","101740.39"
"2364","Customer 4647","101716.43"
"2365","Customer 4394","101701.14"
"2366","Customer 1502","101700.11"
"2367","Customer 4178","101694.78"
"2368","Customer 2285","101693.65"
"2369","Customer 6025","101675.16"
"2370","Customer 7135","101638.53"
"2371","Customer 3301","101637.85"
"2372","Customer 638","101637.45"
"2373","Customer 327","101624.77"
"2374","Customer 1369","101617.12"
"2375","Customer 9372","101614.96"
"2376","Customer 6790","101601.89"
"2377","Customer 4675","101598.68"
"2378","Customer 3986","101598.35"
"2379","Customer 9918","101590.29"
"2380","Customer 6370","101584.28"
"2381","Customer 9879","101581.64"
"2382","Customer 2302","101577.11"
"2383","Customer 9171","101568.70"
"2384","Customer 5476","101536.02"
"2385","Customer 6324","101535.01"
"2386","Customer 138","101526.16"
"2387","Customer 945","101512.66"
"2388","Customer 8196","101510.95"
"2389","Customer 768","101500.17"
"2390","Customer 7151","101497.53"
"2391","Customer 7968","101486.64"
"2392","Customer 8724","101484.73"
"2393","Customer 3285","101472.44"
"2394","Customer 3607","101444.35"
"2395","Customer 9553","101430.17"
"2396","Customer 2987","101409.54"
"2397","Customer 1283","101396.49"
"2398","Customer 5285","101367.69"
"2399","Customer 4872","101366.80"
"2400","Customer 6332","101355.31"
"2401","Customer 5248","101340.50"
"2402","Customer 2871","101329.57"
"2403","Customer 6198","101328.66"
"2404","Customer 2692","101323.52"
"2405","Customer 2008","101289.20"
"2406","Customer 9542","101277.54"
"2407","Customer 1389","101274.79"
"2408","Customer 187","101270.00"
"2409","Customer 2147","101257.34"
"2410","Customer 2859","101249.19"
"2411","Customer 7720","101229.81"
"2412","Customer 3003","101216.67"
"2413","Customer 5722","101204.85"
"2414","Customer 785","101192.82"
"2415","Customer 8171","101166.90"
"2416","Customer 7463","101162.24"
"2417","Customer 9589","101157.62"
"2418","Customer 6026","101156.12"
"2419","Customer 1736","101148.87"
"2420","Customer 2499","101144.49"
"2421","Customer 2579","101128.23"
"2422","Customer 3436","101074.64"
"2423","Customer 9253","101067.42"
"2424","Customer 2369","101054.26"
"2425","Customer 4559","101047.84"
"2426","Customer 7590","101043.67"
"2427","Customer 5268","101009.61"
"2428","Customer 64","101001.51"
"2429","Customer 5187","100984.27"
"2430","Customer 1104","100980.37"
"2431","Customer 2376","100980.08"
"2432","Customer 8625","100978.29"
"2433","Customer 4528","100978.02"
"2434","Customer 6282","100976.66"
"2435","Customer 2444","100973.46"
"2436","Customer 7243","100971.48"
"2437","Customer 2140","100946.07"
"2438","Customer 4613","100924.16"
"2439","Customer 1068","100915.14"
"2440","Customer 4202","100889.64"
"2441","Customer 5254","100875.89"
"2442","Customer 6302","100870.84"
"2443","Customer 7262","100869.61"
"2444","Customer 6059","100862.06"
"2445","Customer 6228","100860.55"
"2446","Customer 2353","100819.40"
"2447","Customer 6826","100814.79"
"2448","Customer 6597","100814.41"
"2449","Customer 2436","100808.54"
"2450","Customer 7835","100807.72"
"2451","Customer 951","100804.15"
"2452","Customer 3150","100802.31"
"2453","Customer 4512","100791.28"
"2454","Customer 4661","100790.37"
"2455","Customer 7422","100752.68"
"2456","Customer 8107","100744.99"
"2457","Customer 8230","100733.73"
"2458","Customer 6948","100731.77"
"2459","Customer 966","100709.72"
"2460","Customer 7040","100701.31"
"2461","Customer 3069","100685.15"
"2462","Customer 911","100673.81"
"2463","Customer 2550","100671.18"
"2464","Customer 7596","100668.10"
"2465","Customer 3022","100664.16"
"2466","Customer 8818","100654.68"
"2467","Customer 6904","100621.08"
"2468","Customer 5433","100602.40"
"2469","Customer 9038","100570.23"
"2470","Customer 1884","100561.39"
"2471","Customer 5076","100559.09"
"2472","Customer 5928","100549.92"
"2473","Customer 1072","100543.30"
"2474","Customer 2377","100541.50"
"2475","Customer 8755","100535.89"
"2476","Customer 8575","100534.28"
"2477","Customer 1819","100511.41"
"2478","Customer 740","100497.21"
"2479","Customer 1278","100481.31"
"2480","Customer 1809","100471.85"
"2481","Customer 6659","100470.08"
"2482","Customer 6164","100459.77"
"2483","Customer 3642","100456.08"
"2484","Customer 4070","100455.56"
"2485","Customer 1005","100450.72"
"2486","Customer 8788","100448.40"
"2487","Customer 9706","100446.30"
"2488","Customer 4708","100445.97"
"2489","Customer 3974","100440.42"
"2490","Customer 4194","100435.21"
"2491","Customer 3262","100415.20"
"2492","Customer 4193","100411.51"
"2493","Customer 7386","100395.06"
"2494","Customer 8838","100388.91"
"2495","Customer 3994","100388.05"
"2496","Customer 9400","100369.22"
"2497","Customer 6193","100356.46"
"2498","Customer 5383","100350.04"
"2499","Customer 1921","100334.60"
"2500","Customer 878","100310.53"
"2501","Customer 3306","100302.55"
"2502","Customer 2434","100292.68"
"2503","Customer 9724","100287.45"
"2504","Customer 2966","100281.79"
"2505","Customer 355","100261.49"
"2506","Customer 8962","100251.04"
"2507","Customer 1927","100245.38"
"2508","Customer 4020","100242.03"
"2509","Customer 7878","100224.45"
"2510","Customer 7468","100218.04"
"2511","Customer 6519","100207.83"
"2512","Customer 9749","100202.06"
"2513","Customer 9891","100195.54"
"2514","Customer 277","100194.71"
"2515","Customer 9319","100185.48"
"2516","Customer 2772","100177.37"
"2517","Customer 8358","100176.75"
"2518","Customer 3056","100159.54"
"2519","Customer 3667","100157.37"
"2520","Customer 637","100143.67"
"2521","Customer 7370","100127.44"
"2522","Customer 3258","100114.99"
"2523","Customer 7206","100111.25"
"2524","Customer 82","100097.90"
"2525","Customer 684","100091.84"
"2526","Customer 7382","100069.98"
"2527","Customer 2828","100062.56"
"2528","Customer 9436","100061.59"
"2529","Customer 7977","100048.36"
"2530","Customer 1945","100041.95"
"2531","Customer 2779","100022.19"
"2532","Customer 4139","99979.18"
"2533","Customer 8282","99955.34"
"2534","Customer 1426","99951.50"
"2535","Customer 8394","99941.66"
"2536","Customer 493","99940.98"
"2537","Customer 8291","99914.99"
"2538","Customer 7172","99912.58"
"2539","Customer 1846","99907.57"
"2540","Customer 4359","99898.12"
"2541","Customer 1904","99896.75"
"2542","Customer 9281","99885.71"
"2543","Customer 9819","99873.52"
"2544","Customer 6722","99869.00"
"2545","Customer 1890","99862.24"
"2546","Customer 3991","99861.52"
"2547","Customer 353","99842.03"
"2548","Customer 8047","99827.14"
"2549","Customer 9898","99817.42"
"2550","Customer 7677","99814.72"
"2551","Customer 51","99807.45"
"2552","Customer 6471","99800.68"
"2553","Customer 5166","99797.04"
"2554","Customer 7542","99774.52"
"2555","Customer 6312","99769.60"
"2556","Customer 194","99749.60"
"2557","Customer 2615","99738.24"
"2558","Customer 7568","99721.02"
"2559","Customer 5560","99712.81"
"2560","Customer 3357","99709.36"
"2561","Customer 7452","99683.43"
"2562","Customer 8397","99670.47"
"2563","Customer 3373","99659.71"
"2564","Customer 8687","99655.72"
"2565","Customer 8239","99644.42"
"2566","Customer 6179","99639.06"
"2567","Customer 4315","99633.74"
"2568","Customer 2155","99633.00"
"2569","Customer 8905","99632.09"
"2570","Customer 8655","99612.53"
"2571","Customer 4486","99582.35"
"2572","Customer 9816","99546.94"
"2573","Customer 5538","99530.16"
"2574","Customer 7597","99529.97"
"2575","Customer 3611","99525.33"
"2576","Customer 7845","99502.43"
"2577","Customer 9208","99494.51"
"2578","Customer 6667","99464.80"
"2579","Customer 719","99460.73"
"2580","Customer 946","99450.51"
"2581","Customer 2079","99436.60"
"2582","Customer 5728","99426.01"
"2583","Customer 1260","99420.66"
"2584","Customer 6088","99420.59"
"2585","Customer 3836","99418.17"
"2586","Customer 8940","99393.94"
"2587","Customer 5205","99388.60"
"2588","Customer 7373","99381.48"
"2589","Customer 1162","99378.36"
"2590","Customer 6894","99371.79"
"2591","Customer 6320","99361.68"
"2592","Customer 4599","99357.99"
"2593","Customer 6066","99348.07"
"2594","Customer 7944","99345.62"
"2595","Customer 970","99338.65"
"2596","Customer 8330","99325.65"
"2597","Customer 4567","99280.77"
"2598","Customer 4566","99244.01"
"2599","Customer 4274","99238.67"
"2600","Customer 6636","99236.54"
"2601","Customer 4098","99231.13"
"2602","Customer 211","99222.44"
"2603","Customer 2593","99221.52"
"2604","Customer 2360","99206.01"
"2605","Customer 6877","99198.29"
"2606","Customer 6641","99195.16"
"2607","Customer 1931","99194.35"
"2608","Customer 9120","99169.42"
"2609","Customer 313","99159.75"
"2610","Customer 3535","99141.05"
"2611","Customer 5793","99134.03"
"2612","Customer 6520","99110.37"
"2613","Customer 5053","99109.82"
"2614","Customer 772","99096.63"
"2615","Customer 650","99088.45"
"2616","Customer 9417","99084.69"
"2617","Customer 3493","99084.45"
"2618","Customer 6439","99080.32"
"2619","Customer 8531","99074.58"
"2620","Customer 2206","99074.19"
"2621","Customer 5313","99057.22"
"2622","Customer 3589","99044.52"
"2623","Customer 7178","99042.94"
"2624","Customer 3809","99037.45"
"2625","Customer 1440","99027.06"
"2626","Customer 9332","99025.67"
"2627","Customer 2762","99022.74"
"2628","Customer 4944","98994.87"
"2629","Customer 2146","98981.39"
"2630","Customer 7369","98953.28"
"2631","Customer 7532","98917.23"
"2632","Customer 490","98881.92"
"2633","Customer 1623","98876.34"
"2634","Customer 960","98870.81"
"2635","Customer 9725","98853.30"
"2636","Customer 717","98830.57"
"2637","Customer 5420","98791.32"
"2638","Customer 8120","98790.43"
"2639","Customer 778","98783.13"
"2640","Customer 3482","98780.55"
"2641","Customer 2125","98767.31"
"2642","Customer 3935","98766.94"
"2643","Customer 647","98734.95"
"2644","Customer 7806","98733.24"
"2645","Customer 3797","98713.08"
"2646","Customer 2309","98710.45"
"2647","Customer 795","98708.30"
"2648","Customer 1038","98708.25"
"2649","Customer 9576","98698.26"
"2650","Customer 3512","98694.42"
"2651","Customer 2860","98687.81"
"2652","Customer 6613","98665.21"
"2653","Customer 3575","98606.72"
"2654","Customer 1953","98604.00"
"2655","Customer 2164","98592.17"
"2656","Customer 8147","98590.99"
"2657","Customer 6170","98579.67"
"2658","Customer 8783","98573.57"
"2659","Customer 644","98569.87"
"2660","Customer 2316","98566.96"
"2661","Customer 5614","98561.57"
"2662","Customer 3814","98550.89"
"2663","Customer 2937","98550.68"
"2664","Customer 1554","98549.47"
"2665","Customer 2642","98546.30"
"2666","Customer 4243","98543.18"
"2667","Customer 8121","98541.41"
"2668","Customer 9073","98537.99"
"2669","Customer 9502","98525.90"
"2670","Customer 9122","98519.16"
"2671","Customer 3461","98515.48"
"2672","Customer 4775","98511.05"
"2673","Customer 9696","98505.56"
"2674","Customer 9755","98500.42"
"2675","Customer 5173","98491.51"
"2676","Customer 6029","98487.84"
"2677","Customer 4995","98470.97"
"2678","Customer 1634","98468.51"
"2679","Customer 9904","98468.40"
"2680","Customer 3018","98458.93"
"2681","Customer 4189","98444.07"
"2682","Customer 9568","98443.23"
"2683","Customer 4035","98414.48"
"2684","Customer 9331","98402.48"
"2685","Customer 1815","98401.18"
"2686","Customer 2485","98399.56"
"2687","Customer 1771","98399.22"
"2688","Customer 6219","98394.86"
"2689","Customer 8544","98392.21"
"2690","Customer 433","98375.80"
"2691","Customer 9053","98373.06"
"2692","Customer 7693","98369.48"
"2693","Customer 3224","98369.33"
"2694","Customer 3743","98369.17"
"2695","Customer 3110","98325.55"
"2696","Customer 3717","98310.22"
"2697","Customer 3681","98293.30"
"2698","Customer 7234","98287.75"
"2699","Customer 7232","98281.56"
"2700","Customer 8206","98267.12"
"2701","Customer 6708","98266.18"
"2702","Customer 9917","98254.65"
"2703","Customer 507","98252.30"
"2704","Customer 2362","98247.23"
"2705","Customer 7608","98241.76"
"2706","Customer 8283","98233.62"
"2707","Customer 8245","98227.32"
"2708","Customer 984","98220.48"
"2709","Customer 5548","98218.74"
"2710","Customer 4610","98218.61"
"2711","Customer 6681","98211.73"
"2712","Customer 8877","98195.02"
"2713","Customer 3660","98190.61"
"2714","Customer 387","98186.98"
"2715","Customer 3569","98180.62"
"2716","Customer 9613","98171.25"
"2717","Customer 362","98155.76"
"2718","Customer 9723","98125.08"
"2719","Customer 1209","98122.97"
"2720","Customer 5210","98116.95"
"2721","Customer 8714","98114.00"
"2722","Customer 7175","98100.90"
"2723","Customer 2282","98098.92"
"2724","Customer 767","98094.01"
"2725","Customer 2089","98080.37"
"2726","Customer 4943","98077.24"
"2727","Customer 7659","98070.50"
"2728","Customer 9202","98063.26"
"2729","Customer 7899","98053.49"
"2730","Customer 923","98040.37"
"2731","Customer 216","98030.14"
"2732","Customer 2379","98027.72"
"2733","Customer 7650","98026.69"
"2734","Customer 5139","98004.13"
"2735","Customer 1680","97956.35"
"2736","Customer 6946","97952.74"
"2737","Customer 9500","97939.94"
"2738","Customer 5229","97926.12"
"2739","Customer 2527","97906.94"
"2740","Customer 7043","97893.16"
"2741","Customer 5908","97886.90"
"2742","Customer 179","97885.06"
"2743","Customer 531","97880.10"
"2744","Customer 3914","97867.10"
"2745","Customer 1866","97852.68"
"2746","Customer 4000","97844.86"
"2747","Customer 5974","97841.25"
"2748","Customer 528","97839.59"
"2749","Customer 7949","97834.44"
"2750","Customer 8438","97800.11"
"2751","Customer 2509","97791.59"
"2752","Customer 1156","97788.33"
"2753","Customer 3934","97764.91"
"2754","Customer 7288","97754.10"
"2755","Customer 3648","97752.25"
"2756","Customer 1906","97721.24"
"2757","Customer 7980","97707.18"
"2758","Customer 1785","97704.23"
"2759","Customer 7260","97701.73"
"2760","Customer 7062","97678.43"
"2761","Customer 6560","97630.48"
"2762","Customer 5412","97607.06"
"2763","Customer 4524","97604.07"
"2764","Customer 2192","97591.71"
"2765","Customer 2530","97579.62"
"2766","Customer 3187","97543.54"
"2767","Customer 6757","97538.30"
"2768","Customer 6609","97527.74"
"2769","Customer 3665","97516.85"
"2770","Customer 1051","97496.86"
"2771","Customer 4634","97490.61"
"2772","Customer 7027","97489.14"
"2773","Customer 6777","97487.00"
"2774","Customer 9157","97486.05"
"2775","Customer 7117","97480.55"
"2776","Customer 9110","97458.92"
"2777","Customer 4832","97457.82"
"2778","Customer 6729","97432.81"
"2779","Customer 4496","97400.88"
"2780","Customer 3513","97378.32"
"2781","Customer 3838","97361.40"
"2782","Customer 9882","97355.33"
"2783","Customer 3334","97350.32"
"2784","Customer 448","97344.12"
"2785","Customer 5727","97329.81"
"2786","Customer 1552","97298.93"
"2787","Customer 7991","97291.26"
"2788","Customer 748","97274.81"
"2789","Customer 3701","97261.25"
"2790","Customer 4843","97259.48"
"2791","Customer 9250","97243.29"
"2792","Customer 8183","97242.02"
"2793","Customer 4241","97226.74"
"2794","Customer 3516","97213.25"
"2795","Customer 296","97208.09"
"2796","Customer 8648","97199.92"
"2797","Customer 8753","97199.09"
"2798","Customer 8240","97186.88"
"2799","Customer 1673","97181.36"
"2800","Customer 3469","97176.01"
"2801","Customer 1392","97175.37"
"2802","Customer 5444","97171.74"
"2803","Customer 2566","97170.78"
"2804","Customer 8225","97154.14"
"2805","Customer 7946","97109.49"
"2806","Customer 8555","97078.84"
"2807","Customer 9908","97070.31"
"2808","Customer 5328","97064.57"
"2809","Customer 7768","97042.84"
"2810","Customer 1143","97035.65"
"2811","Customer 3135","97030.73"
"2812","Customer 2643","97028.51"
"2813","Customer 404","97018.11"
"2814","Customer 5587","97001.75"
"2815","Customer 860","96993.07"
"2816","Customer 3812","96970.85"
"2817","Customer 625","96966.61"
"2818","Customer 7780","96963.57"
"2819","Customer 5343","96948.12"
"2820","Customer 8187","96933.34"
"2821","Customer 9791","96931.82"
"2822","Customer 4810","96928.21"
"2823","Customer 4030","96927.27"
"2824","Customer 8824","96924.18"
"2825","Customer 931","96913.09"
"2826","Customer 3322","96903.39"
"2827","Customer 8968","96895.32"
"2828","Customer 2174","96885.70"
"2829","Customer 2724","96872.18"
"2830","Customer 4695","96861.37"
"2831","Customer 8958","96859.70"
"2832","Customer 8364","96856.76"
"2833","Customer 8976","96835.80"
"2834","Customer 5403","96823.01"
"2835","Customer 8759","96817.50"
"2836","Customer 6736","96812.70"
"2837","Customer 7246","96802.46"
"2838","Customer 2198","96801.43"
"2839","Customer 3580","96801.22"
"2840","Customer 8029","96798.99"
"2841","Customer 5020","96786.28"
"2842","Customer 9997","96781.38"
"2843","Customer 3733","96775.45"
"2844","Customer 1876","96772.13"
"2845","Customer 8817","96764.63"
"2846","Customer 7558","96764.10"
"2847","Customer 9607","96744.53"
"2848","Customer 354","96738.15"
"2849","Customer 6056","96725.74"
"2850","Customer 6401","96721.62"
"2851","Customer 8224","96710.52"
"2852","Customer 8089","96701.27"
"2853","Customer 5907","96695.22"
"2854","Customer 9525","96693.90"
"2855","Customer 3315","96673.48"
"2856","Customer 1741","96668.40"
"2857","Customer 2557","96668.16"
"2858","Customer 9785","96636.24"
"2859","Customer 2548","96624.66"
"2860","Customer 7889","96619.71"
"2861","Customer 5572","96616.72"
"2862","Customer 5693","96613.13"
"2863","Customer 9516","96606.40"
"2864","Customer 698","96598.40"
"2865","Customer 4100","96591.85"
"2866","Customer 3504","96579.33"
"2867","Customer 81","96573.18"
"2868","Customer 6023","96570.58"
"2869","Customer 4497","96566.62"
"2870","Customer 8484","96565.14"
"2871","Customer 4306","96563.04"
"2872","Customer 291","96562.79"
"2873","Customer 3326","96543.82"
"2874","Customer 8597","96532.42"
"2875","Customer 4654","96516.21"
"2876","Customer 7901","96507.67"
"2877","Customer 7424","96506.72"
"2878","Customer 2088","96483.32"
"2879","Customer 837","96452.33"
"2880","Customer 4312","96438.12"
"2881","Customer 2620","96431.91"
"2882","Customer 1885","96429.68"
"2883","Customer 2617","96417.21"
"2884","Customer 5795","96400.20"
"2885","Customer 6528","96396.97"
"2886","Customer 3623","96385.36"
"2887","Customer 3863","96360.07"
"2888","Customer 3751","96357.88"
"2889","Customer 2612","96348.70"
"2890","Customer 4043","96346.65"
"2891","Customer 609","96336.29"
"2892","Customer 8537","96328.91"
"2893","Customer 6814","96294.92"
"2894","Customer 3962","96288.17"
"2895","Customer 5926","96265.66"
"2896","Customer 6713","96264.05"
"2897","Customer 9186","96257.91"
"2898","Customer 734","96243.89"
"2899","Customer 7725","96235.46"
"2900","Customer 3065","96218.60"
"2901","Customer 5826","96207.74"
"2902","Customer 4369","96192.40"
"2903","Customer 9316","96189.69"
"2904","Customer 7235","96188.73"
"2905","Customer 2033","96180.04"
"2906","Customer 3474","96179.27"
"2907","Customer 6538","96177.05"
"2908","Customer 1843","96174.80"
"2909","Customer 5667","96171.14"
"2910","Customer 2173","96170.78"
"2911","Customer 6508","96170.04"
"2912","Customer 2588","96152.85"
"2913","Customer 9912","96152.39"
"2914","Customer 6215","96151.56"
"2915","Customer 6634","96145.87"
"2916","Customer 1226","96124.54"
"2917","Customer 4005","96119.85"
"2918","Customer 9178","96113.06"
"2919","Customer 7792","96106.17"
"2920","Customer 5748","96106.06"
"2921","Customer 4021","96104.16"
"2922","Customer 912","96100.50"
"2923","Customer 419","96095.82"
"2924","Customer 6411","96092.66"
"2925","Customer 3362","96083.62"
"2926","Customer 8425","96078.51"
"2927","Customer 8985","96060.51"
"2928","Customer 7059","96053.41"
"2929","Customer 4563","96050.25"
"2930","Customer 6213","96046.86"
"2931","Customer 2172","96029.68"
"2932","Customer 5618","96027.17"
"2933","Customer 8720","96017.74"
"2934","Customer 7207","96017.36"
"2935","Customer 7509","96011.58"
"2936","Customer 4894","96003.12"
"2937","Customer 9697","95996.64"
"2938","Customer 8333","95979.37"
"2939","Customer 6719","95977.33"
"2940","Customer 6358","95969.66"
"2941","Customer 4077","95949.95"
"2942","Customer 8624","95947.36"
"2943","Customer 5154","95946.08"
"2944","Customer 159","95941.98"
"2945","Customer 69","95927.94"
"2946","Customer 2188","95919.47"
"2947","Customer 8682","95882.50"
"2948","Customer 1667","95878.02"
"2949","Customer 1580","95873.85"
"2950","Customer 4327","95869.69"
"2951","Customer 8296","95864.54"
"2952","Customer 1804","95852.14"
"2953","Customer 3541","95848.36"
"2954","Customer 9881","95841.52"
"2955","Customer 2467","95831.44"
"2956","Customer 726","95830.62"
"2957","Customer 2648","95824.59"
"2958","Customer 587","95801.31"
"2959","Customer 5110","95797.64"
"2960","Customer 5477","95773.61"
"2961","Customer 1602","95772.92"
"2962","Customer 7796","95766.58"
"2963","Customer 2479","95747.55"
"2964","Customer 2457","95746.80"
"2965","Customer 7116","95719.83"
"2966","Customer 385","95719.59"
"2967","Customer 6154","95707.82"
"2968","Customer 3606","95706.31"
"2969","Customer 9964","95690.67"
"2970","Customer 7831","95682.65"
"2971","Customer 2823","95677.85"
"2972","Customer 9520","95675.05"
"2973","Customer 7022","95667.42"
"2974","Customer 5993","95653.90"
"2975","Customer 7823","95648.79"
"2976","Customer 8463","95627.69"
"2977","Customer 5644","95615.81"
"2978","Customer 3204","95599.44"
"2979","Customer 7263","95597.86"
"2980","Customer 2117","95586.34"
"2981","Customer 3608","95579.57"
"2982","Customer 5923","95577.07"
"2983","Customer 6046","95576.12"
"2984","Customer 7496","95572.92"
"2985","Customer 6128","95564.56"
"2986","Customer 5967","95551.93"
"2987","Customer 1219","95505.38"
"2988","Customer 4596","95492.02"
"2989","Customer 9970","95484.30"
"2990","Customer 7915","95482.13"
"2991","Customer 163","95456.52"
"2992","Customer 7013","95450.80"
"2993","Customer 6801","95424.45"
"2994","Customer 4530","95422.54"
"2995","Customer 3168","95413.87"
"2996","Customer 6344","95402.58"
"2997","Customer 6207","95399.41"
"2998","Customer 5713","95397.09"
"2999","Customer 4259","95394.65"
"3000","Customer 9179","95394.50"
"3001","Customer 5585","95391.03"
"3002","Customer 6113","95387.20"
"3003","Customer 4465","95377.76"
"3004","Customer 4263","95358.99"
"3005","Customer 6147","95357.93"
"3006","Customer 5872","95348.16"
"3007","Customer 9367","95332.40"
"3008","Customer 2909","95323.33"
"3009","Customer 9138","95322.78"
"3010","Customer 2370","95307.65"
"3011","Customer 8341","95305.91"
"3012","Customer 5109","95296.18"
"3013","Customer 151","95292.90"
"3014","Customer 3402","95286.44"
"3015","Customer 2678","95262.67"
"3016","Customer 4063","95261.00"
"3017","Customer 2234","95259.75"
"3018","Customer 3777","95257.55"
"3019","Customer 6534","95239.60"
"3020","Customer 5540","95238.41"
"3021","Customer 188","95235.30"
"3022","Customer 4955","95233.34"
"3023","Customer 645","95212.64"
"3024","Customer 1527","95198.68"
"3025","Customer 9016","95197.31"
"3026","Customer 6327","95188.84"
"3027","Customer 1088","95183.74"
"3028","Customer 9368","95156.19"
"3029","Customer 1040","95144.23"
"3030","Customer 9517","95143.40"
"3031","Customer 8401","95127.97"
"3032","Customer 5270","95125.98"
"3033","Customer 4823","95118.62"
"3034","Customer 2780","95104.02"
"3035","Customer 3136","95098.08"
"3036","Customer 1324","95089.26"
"3037","Customer 3721","95078.17"
"3038","Customer 5576","95052.96"
"3039","Customer 3724","95047.36"
"3040","Customer 5186","95040.43"
"3041","Customer 1248","95029.49"
"3042","Customer 7804","95027.92"
"3043","Customer 9232","95021.23"
"3044","Customer 3750","95013.72"
"3045","Customer 845","95002.82"
"3046","Customer 2941","94998.87"
"3047","Customer 2872","94992.00"
"3048","Customer 2931","94983.59"
"3049","Customer 8074","94973.03"
"3050","Customer 8856","94972.82"
"3051","Customer 9758","94968.25"
"3052","Customer 6393","94965.93"
"3053","Customer 7049","94957.12"
"3054","Customer 9021","94945.24"
"3055","Customer 8300","94938.46"
"3056","Customer 5944","94931.68"
"3057","Customer 8188","94920.02"
"3058","Customer 8527","94910.47"
"3059","Customer 5838","94906.09"
"3060","Customer 7343","94899.45"
"3061","Customer 8847","94897.07"
"3062","Customer 4942","94893.89"
"3063","Customer 781","94880.46"
"3064","Customer 8810","94871.99"
"3065","Customer 2606","94858.37"
"3066","Customer 9950","94857.63"
"3067","Customer 2454","94851.51"
"3068","Customer 8352","94842.19"
"3069","Customer 5487","94839.62"
"3070","Customer 3214","94835.99"
"3071","Customer 854","94833.42"
"3072","Customer 1141","94830.58"
"3073","Customer 8189","94803.90"
"3074","Customer 6305","94801.81"
"3075","Customer 6847","94783.38"
"3076","Customer 1459","94782.74"
"3077","Customer 2735","94780.61"
"3078","Customer 8451","94765.32"
"3079","Customer 3774","94764.53"
"3080","Customer 114","94762.48"
"3081","Customer 6746","94728.84"
"3082","Customer 4244","94719.53"
"3083","Customer 3289","94701.05"
"3084","Customer 5027","94694.72"
"3085","Customer 2409","94679.47"
"3086","Customer 8404","94665.70"
"3087","Customer 7051","94656.37"
"3088","Customer 9842","94652.37"
"3089","Customer 8446","94639.16"
"3090","Customer 9742","94620.56"
"3091","Customer 3919","94606.86"
"3092","Customer 429","94600.42"
"3093","Customer 6323","94600.03"
"3094","Customer 7566","94595.32"
"3095","Customer 1180","94587.40"
"3096","Customer 6648","94583.95"
"3097","Customer 270","94583.45"
"3098","Customer 4317","94570.97"
"3099","Customer 8966","94569.50"
"3100","Customer 8548","94566.81"
"3101","Customer 5935","94560.52"
"3102","Customer 6660","94547.93"
"3103","Customer 2344","94545.14"
"3104","Customer 5384","94524.98"
"3105","Customer 2063","94521.88"
"3106","Customer 7405","94513.71"
"3107","Customer 3815","94494.13"
"3108","Customer 4384","94464.17"
"3109","Customer 1282","94451.17"
"3110","Customer 5595","94451.02"
"3111","Customer 4142","94449.82"
"3112","Customer 6903","94413.20"
"3113","Customer 2128","94374.82"
"3114","Customer 3403","94371.44"
"3115","Customer 6124","94370.76"
"3116","Customer 5790","94365.28"
"3117","Customer 337","94365.24"
"3118","Customer 1646","94356.64"
"3119","Customer 6145","94331.12"
"3120","Customer 8372","94318.06"
"3121","Customer 8048","94311.98"
"3122","Customer 4750","94296.68"
"3123","Customer 2332","94295.97"
"3124","Customer 4992","94287.68"
"3125","Customer 9910","94284.14"
"3126","Customer 2918","94282.62"
"3127","Customer 48","94271.34"
"3128","Customer 9943","94263.75"
"3129","Customer 3042","94262.66"
"3130","Customer 8980","94243.52"
"3131","Customer 7201","94239.07"
"3132","Customer 7408","94221.62"
"3133","Customer 7975","94213.25"
"3134","Customer 9478","94193.71"
"3135","Customer 5005","94190.99"
"3136","Customer 9494","94185.85"
"3137","Customer 3337","94178.69"
"3138","Customer 3382","94177.14"
"3139","Customer 3228","94174.02"
"3140","Customer 4630","94165.84"
"3141","Customer 8590","94165.26"
"3142","Customer 9760","94153.25"
"3143","Customer 6138","94121.05"
"3144","Customer 9937","94109.65"
"3145","Customer 9945","94106.95"
"3146","Customer 1119","94094.87"
"3147","Customer 6742","94088.02"
"3148","Customer 9292","94085.58"
"3149","Customer 2225","94082.79"
"3150","Customer 4612","94081.01"
"3151","Customer 8005","94080.45"
"3152","Customer 8789","94074.89"
"3153","Customer 4741","94059.95"
"3154","Customer 7337","94055.99"
"3155","Customer 6616","94055.16"
"3156","Customer 5203","94054.82"
"3157","Customer 7555","94052.51"
"3158","Customer 6431","94047.97"
"3159","Customer 6978","94034.24"
"3160","Customer 3420","94022.76"
"3161","Customer 2960","94015.03"
"3162","Customer 996","94000.46"
"3163","Customer 5181","93999.85"
"3164","Customer 3450","93956.81"
"3165","Customer 2521","93950.31"
"3166","Customer 3000","93934.11"
"3167","Customer 7146","93922.81"
"3168","Customer 366","93905.87"
"3169","Customer 6628","93887.56"
"3170","Customer 4635","93883.64"
"3171","Customer 6226","93864.21"
"3172","Customer 9092","93863.56"
"3173","Customer 3423","93863.33"
"3174","Customer 7286","93840.54"
"3175","Customer 1375","93833.96"
"3176","Customer 750","93831.38"
"3177","Customer 1457","93824.32"
"3178","Customer 331","93822.14"
"3179","Customer 1295","93816.51"
"3180","Customer 248","93814.56"
"3181","Customer 9249","93808.60"
"3182","Customer 7192","93800.47"
"3183","Customer 9089","93789.20"
"3184","Customer 8584","93779.31"
"3185","Customer 1569","93767.98"
"3186","Customer 6637","93757.30"
"3187","Customer 5697","93752.21"
"3188","Customer 8632","93719.13"
"3189","Customer 8398","93712.65"
"3190","Customer 2337","93712.05"
"3191","Customer 770","93706.60"
"3192","Customer 8478","93695.99"
"3193","Customer 1627","93695.70"
"3194","Customer 3376","93688.96"
"3195","Customer 2195","93687.19"
"3196","Customer 1477","93685.70"
"3197","Customer 6701","93663.20"
"3198","Customer 3354","93656.87"
"3199","Customer 6869","93646.14"
"3200","Customer 6945","93640.07"
"3201","Customer 4972","93619.69"
"3202","Customer 1889","93616.46"
"3203","Customer 5608","93615.53"
"3204","Customer 4248","93601.16"
"3205","Customer 2868","93599.57"
"3206","Customer 4590","93593.57"
"3207","Customer 7682","93581.93"
"3208","Customer 3563","93577.86"
"3209","Customer 2846","93571.13"
"3210","Customer 9875","93570.39"
"3211","Customer 2011","93561.22"
"3212","Customer 9622","93553.23"
"3213","Customer 3602","93551.61"
"3214","Customer 4080","93531.09"
"3215","Customer 7529","93527.23"
"3216","Customer 2982","93526.69"
"3217","Customer 939","93511.94"
"3218","Customer 5236","93507.63"
"3219","Customer 6993","93502.81"
"3220","Customer 9399","93490.26"
"3221","Customer 5579","93488.21"
"3222","Customer 7777","93487.85"
"3223","Customer 7418","93479.73"
"3224","Customer 4373","93455.38"
"3225","Customer 3291","93416.97"
"3226","Customer 9052","93402.49"
"3227","Customer 5122","93399.14"
"3228","Customer 3370","93396.55"
"3229","Customer 7363","93391.41"
"3230","Customer 7838","93384.81"
"3231","Customer 2126","93384.34"
"3232","Customer 3312","93383.42"
"3233","Customer 995","93381.88"
"3234","Customer 4444","93381.55"
"3235","Customer 5628","93364.61"
"3236","Customer 9655","93359.36"
"3237","Customer 8336","93347.56"
"3238","Customer 8002","93340.95"
"3239","Customer 4173","93339.49"
"3240","Customer 4498","93329.18"
"3241","Customer 2148","93325.78"
"3242","Customer 9199","93300.75"
"3243","Customer 5786","93296.53"
"3244","Customer 8839","93255.59"
"3245","Customer 8579","93254.48"
"3246","Customer 6498","93253.13"
"3247","Customer 5785","93240.86"
"3248","Customer 3898","93234.85"
"3249","Customer 7673","93220.99"
"3250","Customer 2526","93204.16"
"3251","Customer 2152","93196.44"
"3252","Customer 6706","93194.57"
"3253","Customer 1112","93165.49"
"3254","Customer 9264","93157.80"
"3255","Customer 7249","93154.64"
"3256","Customer 9631","93150.99"
"3257","Customer 9741","93132.57"
"3258","Customer 6987","93126.64"
"3259","Customer 8881","93116.06"
"3260","Customer 8061","93115.63"
"3261","Customer 5150","93114.53"
"3262","Customer 6748","93100.31"
"3263","Customer 2881","93086.56"
"3264","Customer 3172","93070.82"
"3265","Customer 9418","93061.99"
"3266","Customer 6511","93047.44"
"3267","Customer 9226","93029.37"
"3268","Customer 551","93026.14"
"3269","Customer 2406","93024.19"
"3270","Customer 3127","93021.37"
"3271","Customer 1900","93014.28"
"3272","Customer 1781","93010.91"
"3273","Customer 6000","93007.81"
"3274","Customer 656","93000.79"
"3275","Customer 9448","92987.44"
"3276","Customer 5045","92974.98"
"3277","Customer 5145","92963.08"
"3278","Customer 2603","92960.98"
"3279","Customer 6916","92939.79"
"3280","Customer 5215","92929.80"
"3281","Customer 1403","92927.30"
"3282","Customer 5809","92922.09"
"3283","Customer 3209","92913.61"
"3284","Customer 3939","92912.28"
"3285","Customer 7484","92908.72"
"3286","Customer 3298","92901.48"
"3287","Customer 8323","92891.44"
"3288","Customer 4933","92889.81"
"3289","Customer 6473","92888.66"
"3290","Customer 694","92882.25"
"3291","Customer 5911","92880.56"
"3292","Customer 7406","92859.71"
"3293","Customer 9711","92859.56"
"3294","Customer 3383","92853.87"
"3295","Customer 9845","92822.99"
"3296","Customer 7183","92806.42"
"3297","Customer 9680","92797.02"
"3298","Customer 9049","92778.06"
"3299","Customer 2","92773.18"
"3300","Customer 8181","92772.20"
"3301","Customer 6884","92770.79"
"3302","Customer 6446","92770.24"
"3303","Customer 3159","92756.58"
"3304","Customer 3783","92751.31"
"3305","Customer 9767","92750.97"
"3306","Customer 949","92742.33"
"3307","Customer 1464","92708.00"
"3308","Customer 6084","92692.04"
"3309","Customer 9674","92690.56"
"3310","Customer 3093","92687.11"
"3311","Customer 7695","92673.17"
"3312","Customer 2616","92672.19"
"3313","Customer 6032","92665.26"
"3314","Customer 6633","92629.71"
"3315","Customer 9293","92618.28"
"3316","Customer 310","92614.38"
"3317","Customer 955","92613.75"
"3318","Customer 2334","92612.48"
"3319","Customer 8486","92598.26"
"3320","Customer 7180","92585.28"
"3321","Customer 8113","92579.61"
"3322","Customer 8234","92560.10"
"3323","Customer 2453","92560.06"
"3324","Customer 4876","92547.31"
"3325","Customer 8607","92541.38"
"3326","Customer 8412","92532.05"
"3327","Customer 6314","92525.79"
"3328","Customer 9919","92502.24"
"3329","Customer 882","92488.11"
"3330","Customer 6662","92486.88"
"3331","Customer 3505","92479.18"
"3332","Customer 7312","92476.03"
"3333","Customer 3462","92471.02"
"3334","Customer 1638","92467.16"
"3335","Customer 4555","92448.84"
"3336","Customer 1528","92440.38"
"3337","Customer 1341","92395.37"
"3338","Customer 5646","92393.56"
"3339","Customer 75","92390.71"
"3340","Customer 3931","92381.17"
"3341","Customer 9609","92380.00"
"3342","Customer 8581","92371.23"
"3343","Customer 4400","92352.10"
"3344","Customer 2776","92341.43"
"3345","Customer 2218","92336.17"
"3346","Customer 2689","92326.17"
"3347","Customer 5421","92317.81"
"3348","Customer 5588","92299.93"
"3349","Customer 3593","92289.87"
"3350","Customer 606","92280.94"
"3351","Customer 6699","92270.09"
"3352","Customer 2815","92261.03"
"3353","Customer 610","92257.91"
"3354","Customer 3599","92254.36"
"3355","Customer 5135","92249.18"
"3356","Customer 2452","92245.53"
"3357","Customer 1509","92241.30"
"3358","Customer 9628","92192.55"
"3359","Customer 8908","92184.37"
"3360","Customer 2430","92183.72"
"3361","Customer 8078","92169.28"
"3362","Customer 8366","92151.00"
"3363","Customer 4036","92146.63"
"3364","Customer 6779","92143.69"
"3365","Customer 9982","92134.90"
"3366","Customer 1727","92129.92"
"3367","Customer 6556","92128.12"
"3368","Customer 3693","92127.12"
"3369","Customer 7094","92100.90"
"3370","Customer 8936","92091.53"
"3371","Customer 8961","92090.27"
"3372","Customer 6095","92086.79"
"3373","Customer 2567","92072.18"
"3374","Customer 4891","92069.68"
"3375","Customer 1810","92064.62"
"3376","Customer 5652","92063.27"
"3377","Customer 408","92061.89"
"3378","Customer 6543","92061.38"
"3379","Customer 5998","92054.81"
"3380","Customer 2747","92052.24"
"3381","Customer 5547","92047.03"
"3382","Customer 8381","92038.89"
"3383","Customer 7604","92038.83"
"3384","Customer 7710","92038.06"
"3385","Customer 5086","92027.99"
"3386","Customer 8217","91996.09"
"3387","Customer 2328","91972.85"
"3388","Customer 8822","91951.77"
"3389","Customer 5550","91941.52"
"3390","Customer 6680","91938.95"
"3391","Customer 8851","91930.25"
"3392","Customer 7502","91908.59"
"3393","Customer 7811","91901.82"
"3394","Customer 2319","91900.66"
"3395","Customer 9431","91899.90"
"3396","Customer 325","91895.69"
"3397","Customer 7996","91894.97"
"3398","Customer 2137","91894.44"
"3399","Customer 8723","91888.87"
"3400","Customer 8719","91867.06"
"3401","Customer 10000","91864.57"
"3402","Customer 1926","91840.24"
"3403","Customer 761","91839.79"
"3404","Customer 4835","91832.73"
"3405","Customer 5250","91831.11"
"3406","Customer 5821","91817.88"
"3407","Customer 2693","91811.43"
"3408","Customer 7391","91808.37"
"3409","Customer 35","91792.31"
"3410","Customer 5456","91789.87"
"3411","Customer 1081","91785.47"
"3412","Customer 5457","91775.09"
"3413","Customer 2737","91766.46"
"3414","Customer 7554","91750.67"
"3415","Customer 1150","91748.63"
"3416","Customer 6454","91748.19"
"3417","Customer 3952","91735.24"
"3418","Customer 6541","91734.81"
"3419","Customer 1716","91729.85"
"3420","Customer 9355","91725.85"
"3421","Customer 5302","91716.97"
"3422","Customer 4748","91699.27"
"3423","Customer 5075","91696.36"
"3424","Customer 2177","91694.25"
"3425","Customer 8362","91674.49"
"3426","Customer 7577","91667.70"
"3427","Customer 473","91654.93"
"3428","Customer 7149","91654.89"
"3429","Customer 46","91648.47"
"3430","Customer 3543","91642.33"
"3431","Customer 5524","91633.69"
"3432","Customer 3758","91630.77"
"3433","Customer 3255","91618.25"
"3434","Customer 5526","91611.58"
"3435","Customer 5397","91609.61"
"3436","Customer 5566","91605.79"
"3437","Customer 9512","91605.46"
"3438","Customer 4342","91600.07"
"3439","Customer 2447","91595.27"
"3440","Customer 5898","91557.70"
"3441","Customer 6939","91555.17"
"3442","Customer 9262","91539.54"
"3443","Customer 2972","91521.07"
"3444","Customer 3139","91520.05"
"3445","Customer 5222","91503.62"
"3446","Customer 334","91493.79"
"3447","Customer 9185","91492.27"
"3448","Customer 1954","91491.96"
"3449","Customer 7380","91490.16"
"3450","Customer 6146","91485.56"
"3451","Customer 9473","91474.32"
"3452","Customer 6899","91471.97"
"3453","Customer 29","91469.57"
"3454","Customer 1977","91447.36"
"3455","Customer 61","91441.03"
"3456","Customer 3978","91439.69"
"3457","Customer 2085","91406.99"
"3458","Customer 6969","91397.81"
"3459","Customer 5127","91392.67"
"3460","Customer 8988","91386.05"
"3461","Customer 4060","91372.26"
"3462","Customer 9971","91372.09"
"3463","Customer 7675","91365.52"
"3464","Customer 1243","91345.56"
"3465","Customer 3929","91341.94"
"3466","Customer 3990","91335.32"
"3467","Customer 1563","91276.29"
"3468","Customer 1992","91270.91"
"3469","Customer 1836","91265.85"
"3470","Customer 2217","91265.10"
"3471","Customer 8740","91196.08"
"3472","Customer 5225","91195.96"
"3473","Customer 7708","91172.07"
"3474","Customer 9025","91154.44"
"3475","Customer 697","91122.23"
"3476","Customer 4787","91113.01"
"3477","Customer 3585","91110.14"
"3478","Customer 3043","91077.54"
"3479","Customer 2395","91075.46"
"3480","Customer 2782","91071.34"
"3481","Customer 2103","91054.38"
"3482","Customer 110","91053.35"
"3483","Customer 1210","91052.32"
"3484","Customer 2433","91043.16"
"3485","Customer 4357","91031.47"
"3486","Customer 8804","91030.66"
"3487","Customer 1768","91025.90"
"3488","Customer 563","91024.45"
"3489","Customer 2794","91023.31"
"3490","Customer 8926","91021.16"
"3491","Customer 4917","91009.21"
"3492","Customer 9128","90972.87"
"3493","Customer 8675","90967.19"
"3494","Customer 8084","90954.85"
"3495","Customer 1214","90948.00"
"3496","Customer 4485","90936.26"
"3497","Customer 4114","90935.48"
"3498","Customer 7271","90905.85"
"3499","Customer 3731","90894.06"
"3500","Customer 6134","90890.04"
"3501","Customer 658","90887.86"
"3502","Customer 1938","90880.42"
"3503","Customer 1822","90879.46"
"3504","Customer 8606","90866.23"
"3505","Customer 251","90860.29"
"3506","Customer 9716","90858.61"
"3507","Customer 7272","90854.96"
"3508","Customer 1223","90830.59"
"3509","Customer 838","90826.60"
"3510","Customer 7292","90797.27"
"3511","Customer 8236","90788.48"
"3512","Customer 1287","90781.04"
"3513","Customer 2646","90778.40"
"3514","Customer 9334","90767.43"
"3515","Customer 4299","90757.24"
"3516","Customer 6188","90748.26"
"3517","Customer 831","90739.02"
"3518","Customer 8242","90709.28"
"3519","Customer 7648","90695.21"
"3520","Customer 1069","90692.10"
"3521","Customer 3178","90689.30"
"3522","Customer 4643","90684.91"
"3523","Customer 5301","90683.30"
"3524","Customer 3459","90683.10"
"3525","Customer 6824","90677.69"
"3526","Customer 8315","90666.13"
"3527","Customer 7365","90665.38"
"3528","Customer 9280","90664.08"
"3529","Customer 2308","90660.02"
"3530","Customer 9540","90642.71"
"3531","Customer 9649","90627.25"
"3532","Customer 5611","90617.64"
"3533","Customer 2858","90616.71"
"3534","Customer 2919","90615.34"
"3535","Customer 4258","90613.97"
"3536","Customer 6230","90610.98"
"3537","Customer 8088","90581.26"
"3538","Customer 3174","90577.28"
"3539","Customer 3487","90566.54"
"3540","Customer 4052","90564.90"
"3541","Customer 7759","90553.84"
"3542","Customer 4081","90548.80"
"3543","Customer 4870","90548.72"
"3544","Customer 3739","90534.61"
"3545","Customer 8876","90521.35"
"3546","Customer 3446","90519.12"
"3547","Customer 7264","90508.51"
"3548","Customer 4816","90507.83"
"3549","Customer 2248","90485.88"
"3550","Customer 6786","90479.72"
"3551","Customer 2039","90478.87"
"3552","Customer 1178","90472.17"
"3553","Customer 7060","90467.92"
"3554","Customer 5577","90458.86"
"3555","Customer 5564","90458.51"
"3556","Customer 4068","90457.14"
"3557","Customer 357","90446.42"
"3558","Customer 5514","90423.88"
"3559","Customer 17","90416.20"
"3560","Customer 7462","90406.51"
"3561","Customer 2184","90398.07"
"3562","Customer 6617","90397.84"
"3563","Customer 8030","90376.48"
"3564","Customer 3925","90372.75"
"3565","Customer 2116","90371.72"
"3566","Customer 165","90355.34"
"3567","Customer 848","90334.30"
"3568","Customer 773","90306.28"
"3569","Customer 1313","90290.58"
"3570","Customer 894","90285.51"
"3571","Customer 2464","90276.65"
"3572","Customer 7625","90265.35"
"3573","Customer 9765","90258.43"
"3574","Customer 6561","90244.96"
"3575","Customer 4831","90236.45"
"3576","Customer 9976","90234.99"
"3577","Customer 5432","90216.30"
"3578","Customer 309","90214.19"
"3579","Customer 9889","90214.10"
"3580","Customer 85","90211.10"
"3581","Customer 8015","90201.87"
"3582","Customer 6379","90198.32"
"3583","Customer 9442","90185.25"
"3584","Customer 6231","90182.12"
"3585","Customer 9533","90176.32"
"3586","Customer 4441","90151.86"
"3587","Customer 4731","90149.19"
"3588","Customer 9300","90134.91"
"3589","Customer 8509","90130.37"
"3590","Customer 26","90126.36"
"3591","Customer 7518","90124.91"
"3592","Customer 6425","90113.76"
"3593","Customer 5704","90113.00"
"3594","Customer 751","90086.38"
"3595","Customer 3145","90081.83"
"3596","Customer 1989","90079.91"
"3597","Customer 2014","90078.10"
"3598","Customer 1779","90073.09"
"3599","Customer 1572","90024.94"
"3600","Customer 641","90006.63"
"3601","Customer 5784","89996.79"
"3602","Customer 1788","89994.92"
"3603","Customer 1300","89994.09"
"3604","Customer 1021","89990.76"
"3605","Customer 8232","89977.05"
"3606","Customer 796","89971.37"
"3607","Customer 136","89959.72"
"3608","Customer 3671","89955.94"
"3609","Customer 5089","89953.36"
"3610","Customer 3219","89946.49"
"3611","Customer 4874","89942.11"
"3612","Customer 2775","89933.12"
"3613","Customer 7407","89928.69"
"3614","Customer 5731","89920.12"
"3615","Customer 2688","89870.70"
"3616","Customer 1307","89859.50"
"3617","Customer 2534","89855.33"
"3618","Customer 9815","89846.79"
"3619","Customer 7000","89843.50"
"3620","Customer 6122","89834.20"
"3621","Customer 1829","89825.91"
"3622","Customer 7925","89813.76"
"3623","Customer 8110","89800.13"
"3624","Customer 2773","89798.28"
"3625","Customer 9988","89797.79"
"3626","Customer 1665","89785.18"
"3627","Customer 8340","89784.04"
"3628","Customer 4521","89783.03"
"3629","Customer 6911","89775.56"
"3630","Customer 1719","89759.05"
"3631","Customer 273","89708.83"
"3632","Customer 3932","89707.61"
"3633","Customer 4812","89705.61"
"3634","Customer 4","89703.52"
"3635","Customer 9888","89702.69"
"3636","Customer 5500","89676.84"
"3637","Customer 569","89661.28"
"3638","Customer 8883","89654.36"
"3639","Customer 1767","89649.44"
"3640","Customer 5483","89648.59"
"3641","Customer 7454","89647.99"
"3642","Customer 5376","89639.03"
"3643","Customer 6463","89631.22"
"3644","Customer 3095","89630.41"
"3645","Customer 9384","89614.12"
"3646","Customer 4361","89603.49"
"3647","Customer 3112","89598.47"
"3648","Customer 2817","89578.09"
"3649","Customer 2631","89574.25"
"3650","Customer 8768","89572.47"
"3651","Customer 2202","89570.05"
"3652","Customer 6490","89551.11"
"3653","Customer 5295","89548.28"
"3654","Customer 1034","89545.85"
"3655","Customer 1045","89535.17"
"3656","Customer 3483","89523.87"
"3657","Customer 1679","89514.22"
"3658","Customer 5738","89493.93"
"3659","Customer 4032","89486.48"
"3660","Customer 8699","89479.22"
"3661","Customer 7273","89475.37"
"3662","Customer 8442","89453.38"
"3663","Customer 7990","89451.86"
"3664","Customer 8329","89449.75"
"3665","Customer 7338","89448.28"
"3666","Customer 3125","89443.95"
"3667","Customer 1456","89402.80"
"3668","Customer 3347","89396.89"
"3669","Customer 3780","89391.27"
"3670","Customer 3670","89373.58"
"3671","Customer 3878","89369.90"
"3672","Customer 1321","89349.63"
"3673","Customer 3109","89339.21"
"3674","Customer 2690","89338.82"
"3675","Customer 3092","89338.20"
"3676","Customer 9333","89331.94"
"3677","Customer 8346","89328.78"
"3678","Customer 1237","89326.67"
"3679","Customer 8971","89324.44"
"3680","Customer 1481","89320.75"
"3681","Customer 3735","89308.37"
"3682","Customer 6849","89307.62"
"3683","Customer 8007","89295.73"
"3684","Customer 4919","89291.68"
"3685","Customer 7328","89281.43"
"3686","Customer 3094","89257.68"
"3687","Customer 393","89245.04"
"3688","Customer 5393","89239.56"
"3689","Customer 440","89229.81"
"3690","Customer 1201","89227.69"
"3691","Customer 9013","89211.82"
"3692","Customer 7943","89211.61"
"3693","Customer 4959","89211.48"
"3694","Customer 4549","89209.21"
"3695","Customer 4022","89206.54"
"3696","Customer 9662","89206.16"
"3697","Customer 7724","89205.94"
"3698","Customer 7222","89203.73"
"3699","Customer 8850","89191.06"
"3700","Customer 1064","89181.16"
"3701","Customer 5263","89178.46"
"3702","Customer 567","89175.27"
"3703","Customer 5776","89166.10"
"3704","Customer 5700","89159.81"
"3705","Customer 8079","89150.42"
"3706","Customer 3971","89132.58"
"3707","Customer 9930","89117.49"
"3708","Customer 3740","89108.78"
"3709","Customer 4658","89104.79"
"3710","Customer 3764","89091.23"
"3711","Customer 8861","89090.55"
"3712","Customer 5372","89074.65"
"3713","Customer 7962","89072.02"
"3714","Customer 384","89070.88"
"3715","Customer 5739","89067.63"
"3716","Customer 9751","89058.90"
"3717","Customer 8845","89040.83"
"3718","Customer 8308","89008.22"
"3719","Customer 4752","88986.14"
"3720","Customer 1893","88985.38"
"3721","Customer 7446","88981.08"
"3722","Customer 6979","88980.43"
"3723","Customer 6728","88958.19"
"3724","Customer 9738","88952.67"
"3725","Customer 1775","88948.59"
"3726","Customer 7351","88945.31"
"3727","Customer 3029","88944.65"
"3728","Customer 5071","88933.17"
"3729","Customer 2470","88926.69"
"3730","Customer 1981","88920.70"
"3731","Customer 6831","88914.24"
"3732","Customer 3231","88909.02"
"3733","Customer 3156","88893.06"
"3734","Customer 9980","88889.60"
"3735","Customer 7741","88873.51"
"3736","Customer 2425","88867.69"
"3737","Customer 7765","88843.82"
"3738","Customer 6630","88834.41"
"3739","Customer 3792","88829.82"
"3740","Customer 6221","88827.25"
"3741","Customer 4321","88813.48"
"3742","Customer 3921","88806.14"
"3743","Customer 5163","88802.10"
"3744","Customer 6841","88795.04"
"3745","Customer 3946","88788.43"
"3746","Customer 7754","88781.47"
"3747","Customer 5581","88778.95"
"3748","Customer 9030","88768.57"
"3749","Customer 3448","88768.51"
"3750","Customer 9698","88764.02"
"3751","Customer 794","88763.98"
"3752","Customer 2825","88759.04"
"3753","Customer 4227","88757.18"
"3754","Customer 4346","88751.72"
"3755","Customer 8142","88748.13"
"3756","Customer 4482","88737.60"
"3757","Customer 6225","88730.76"
"3758","Customer 328","88721.34"
"3759","Customer 9685","88717.65"
"3760","Customer 230","88696.49"
"3761","Customer 7227","88696.42"
"3762","Customer 5568","88695.56"
"3763","Customer 8228","88685.27"
"3764","Customer 7154","88674.65"
"3765","Customer 7025","88669.57"
"3766","Customer 4954","88669.39"
"3767","Customer 9972","88648.17"
"3768","Customer 6997","88639.54"
"3769","Customer 4916","88604.32"
"3770","Customer 7575","88596.01"
"3771","Customer 6522","88583.49"
"3772","Customer 5796","88582.44"
"3773","Customer 7572","88573.48"
"3774","Customer 673","88561.51"
"3775","Customer 4846","88555.59"
"3776","Customer 1493","88545.48"
"3777","Customer 2300","88540.43"
"3778","Customer 3051","88529.49"
"3779","Customer 9581","88516.66"
"3780","Customer 4921","88506.04"
"3781","Customer 6958","88500.32"
"3782","Customer 542","88499.54"
"3783","Customer 6155","88481.52"
"3784","Customer 8467","88464.85"
"3785","Customer 7801","88464.65"
"3786","Customer 183","88459.92"
"3787","Customer 6015","88458.40"
"3788","Customer 9763","88457.90"
"3789","Customer 6180","88448.61"
"3790","Customer 4140","88446.54"
"3791","Customer 4570","88444.76"
"3792","Customer 1565","88433.00"
"3793","Customer 9688","88425.59"
"3794","Customer 1756","88422.91"
"3795","Customer 6838","88415.97"
"3796","Customer 9074","88387.93"
"3797","Customer 7786","88365.93"
"3798","Customer 7174","88347.13"
"3799","Customer 4183","88344.45"
"3800","Customer 4880","88334.46"
"3801","Customer 8466","88333.50"
"3802","Customer 7867","88329.12"
"3803","Customer 4918","88326.73"
"3804","Customer 2418","88321.28"
"3805","Customer 3203","88320.96"
"3806","Customer 8472","88318.70"
"3807","Customer 4223","88314.26"
"3808","Customer 2030","88298.89"
"3809","Customer 6548","88293.92"
"3810","Customer 3166","88287.93"
"3811","Customer 812","88279.47"
"3812","Customer 6569","88274.93"
"3813","Customer 8256","88271.71"
"3814","Customer 4389","88249.69"
"3815","Customer 9838","88249.14"
"3816","Customer 15","88246.29"
"3817","Customer 8749","88245.71"
"3818","Customer 6466","88235.12"
"3819","Customer 821","88228.80"
"3820","Customer 9084","88221.94"
"3821","Customer 4454","88221.82"
"3822","Customer 3111","88214.25"
"3823","Customer 2098","88192.54"
"3824","Customer 4409","88182.19"
"3825","Customer 9531","88177.72"
"3826","Customer 5002","88141.83"
"3827","Customer 8628","88140.93"
"3828","Customer 5660","88127.96"
"3829","Customer 7087","88126.35"
"3830","Customer 4439","88113.68"
"3831","Customer 1607","88078.10"
"3832","Customer 3854","88074.36"
"3833","Customer 9466","88055.64"
"3834","Customer 9297","88048.85"
"3835","Customer 5848","88045.98"
"3836","Customer 1470","88045.36"
"3837","Customer 1548","88036.12"
"3838","Customer 9604","88024.26"
"3839","Customer 1944","88013.38"
"3840","Customer 2182","87981.98"
"3841","Customer 94","87978.07"
"3842","Customer 3594","87975.65"
"3843","Customer 8799","87957.63"
"3844","Customer 7106","87950.39"
"3845","Customer 3529","87946.62"
"3846","Customer 6375","87936.72"
"3847","Customer 1334","87933.74"
"3848","Customer 4818","87933.68"
"3849","Customer 9258","87926.62"
"3850","Customer 5131","87922.96"
"3851","Customer 2187","87912.27"
"3852","Customer 1011","87910.85"
"3853","Customer 8075","87890.93"
"3854","Customer 6465","87887.04"
"3855","Customer 4827","87885.68"
"3856","Customer 8254","87882.08"
"3857","Customer 9064","87862.98"
"3858","Customer 3440","87853.09"
"3859","Customer 6602","87821.01"
"3860","Customer 3121","87784.31"
"3861","Customer 2943","87776.18"
"3862","Customer 8909","87755.25"
"3863","Customer 3507","87754.41"
"3864","Customer 2791","87747.13"
"3865","Customer 8600","87746.52"
"3866","Customer 1887","87740.11"
"3867","Customer 7674","87728.85"
"3868","Customer 4830","87718.41"
"3869","Customer 8218","87716.49"
"3870","Customer 2108","87715.03"
"3871","Customer 5046","87699.99"
"3872","Customer 1373","87672.79"
"3873","Customer 6751","87668.52"
"3874","Customer 6021","87667.55"
"3875","Customer 5273","87666.76"
"3876","Customer 4718","87649.85"
"3877","Customer 198","87644.73"
"3878","Customer 2136","87643.60"
"3879","Customer 5865","87625.06"
"3880","Customer 2856","87615.83"
"3881","Customer 9625","87605.56"
"3882","Customer 7570","87604.37"
"3883","Customer 5307","87600.22"
"3884","Customer 5922","87570.78"
"3885","Customer 7506","87558.67"
"3886","Customer 7721","87545.88"
"3887","Customer 8899","87535.92"
"3888","Customer 588","87520.61"
"3889","Customer 9445","87514.49"
"3890","Customer 3313","87511.86"
"3891","Customer 4492","87499.50"
"3892","Customer 5217","87498.70"
"3893","Customer 2804","87489.81"
"3894","Customer 5072","87480.85"
"3895","Customer 3768","87479.97"
"3896","Customer 3841","87472.71"
"3897","Customer 1758","87468.97"
"3898","Customer 5149","87452.49"
"3899","Customer 6051","87429.91"
"3900","Customer 4421","87422.38"
"3901","Customer 6109","87418.28"
"3902","Customer 1136","87408.82"
"3903","Customer 9794","87398.13"
"3904","Customer 2721","87395.34"
"3905","Customer 9620","87392.64"
"3906","Customer 8696","87389.76"
"3907","Customer 3404","87373.58"
"3908","Customer 3523","87372.18"
"3909","Customer 9460","87364.41"
"3910","Customer 9709","87359.51"
"3911","Customer 9463","87357.98"
"3912","Customer 7042","87346.82"
"3913","Customer 3068","87339.29"
"3914","Customer 8151","87319.91"
"3915","Customer 4598","87314.07"
"3916","Customer 113","87305.89"
"3917","Customer 8782","87298.79"
"3918","Customer 8429","87293.07"
"3919","Customer 5293","87252.62"
"3920","Customer 9560","87220.81"
"3921","Customer 9109","87211.06"
"3922","Customer 8608","87198.19"
"3923","Customer 3746","87170.41"
"3924","Customer 628","87168.04"
"3925","Customer 8520","87152.70"
"3926","Customer 532","87143.96"
"3927","Customer 6812","87142.60"
"3928","Customer 2587","87136.46"
"3929","Customer 1684","87129.13"
"3930","Customer 7654","87128.89"
"3931","Customer 394","87114.66"
"3932","Customer 5721","87112.66"
"3933","Customer 2799","87107.23"
"3934","Customer 5202","87098.55"
"3935","Customer 579","87096.08"
"3936","Customer 1875","87080.84"
"3937","Customer 7115","87077.18"
"3938","Customer 4055","87076.49"
"3939","Customer 5601","87066.16"
"3940","Customer 3375","87060.03"
"3941","Customer 5241","87059.59"
"3942","Customer 2249","87058.77"
"3943","Customer 2306","87056.07"
"3944","Customer 4110","87053.96"
"3945","Customer 6202","87045.95"
"3946","Customer 2296","87041.53"
"3947","Customer 7785","87032.44"
"3948","Customer 1986","87010.73"
"3949","Customer 8893","87007.57"
"3950","Customer 7965","86993.14"
"3951","Customer 7813","86986.78"
"3952","Customer 1987","86974.54"
"3953","Customer 5835","86972.20"
"3954","Customer 8964","86933.26"
"3955","Customer 8118","86924.43"
"3956","Customer 5701","86917.35"
"3957","Customer 5791","86916.14"
"3958","Customer 8355","86912.16"
"3959","Customer 5676","86904.39"
"3960","Customer 6976","86874.42"
"3961","Customer 3570","86866.32"
"3962","Customer 5219","86860.34"
"3963","Customer 5867","86852.66"
"3964","Customer 7582","86836.25"
"3965","Customer 3881","86830.74"
"3966","Customer 2297","86817.79"
"3967","Customer 7478","86814.29"
"3968","Customer 9409","86806.70"
"3969","Customer 9014","86791.89"
"3970","Customer 8566","86776.81"
"3971","Customer 6732","86772.99"
"3972","Customer 2809","86759.88"
"3973","Customer 598","86748.33"
"3974","Customer 6386","86731.03"
"3975","Customer 9914","86726.66"
"3976","Customer 9410","86692.97"
"3977","Customer 4265","86677.77"
"3978","Customer 8697","86668.87"
"3979","Customer 2596","86666.30"
"3980","Customer 3527","86659.98"
"3981","Customer 5882","86656.46"
"3982","Customer 7704","86652.57"
"3983","Customer 5067","86650.78"
"3984","Customer 8174","86640.43"
"3985","Customer 7416","86637.85"
"3986","Customer 282","86635.18"
"3987","Customer 9523","86633.75"
"3988","Customer 5737","86629.27"
"3989","Customer 2320","86619.01"
"3990","Customer 4179","86590.57"
"3991","Customer 4325","86587.27"
"3992","Customer 4560","86585.87"
"3993","Customer 1827","86585.49"
"3994","Customer 5297","86578.73"
"3995","Customer 3972","86566.13"
"3996","Customer 4507","86565.98"
"3997","Customer 3501","86565.03"
"3998","Customer 1385","86559.26"
"3999","Customer 6778","86547.94"
"4000","Customer 8798","86508.36"
"4001","Customer 7717","86502.01"
"4002","Customer 6325","86488.75"
"4003","Customer 8704","86488.47"
"4004","Customer 1587","86487.60"
"4005","Customer 7283","86465.32"
"4006","Customer 5519","86459.66"
"4007","Customer 4710","86450.87"
"4008","Customer 358","86447.93"
"4009","Customer 9831","86444.02"
"4010","Customer 8620","86428.43"
"4011","Customer 1163","86406.55"
"4012","Customer 9968","86398.45"
"4013","Customer 9167","86382.91"
"4014","Customer 6285","86352.41"
"4015","Customer 8050","86351.13"
"4016","Customer 7999","86344.21"
"4017","Customer 7053","86338.09"
"4018","Customer 7339","86330.17"
"4019","Customer 3364","86322.12"
"4020","Customer 3848","86314.30"
"4021","Customer 6912","86307.02"
"4022","Customer 7989","86305.44"
"4023","Customer 3765","86299.45"
"4024","Customer 7466","86298.20"
"4025","Customer 8172","86296.13"
"4026","Customer 4923","86291.60"
"4027","Customer 3933","86282.84"
"4028","Customer 2123","86277.25"
"4029","Customer 5387","86275.07"
"4030","Customer 943","86263.08"
"4031","Customer 4150","86260.54"
"4032","Customer 1261","86258.57"
"4033","Customer 426","86250.08"
"4034","Customer 3290","86247.48"
"4035","Customer 8185","86244.41"
"4036","Customer 3481","86235.91"
"4037","Customer 5954","86222.03"
"4038","Customer 4395","86183.40"
"4039","Customer 2118","86179.10"
"4040","Customer 3995","86178.47"
"4041","Customer 2081","86177.58"
"4042","Customer 4721","86170.14"
"4043","Customer 6382","86167.44"
"4044","Customer 9817","86165.97"
"4045","Customer 5895","86165.26"
"4046","Customer 9587","86147.16"
"4047","Customer 9648","86140.70"
"4048","Customer 4159","86138.56"
"4049","Customer 121","86121.16"
"4050","Customer 4471","86109.39"
"4051","Customer 4302","86076.14"
"4052","Customer 5001","86073.09"
"4053","Customer 6061","86071.57"
"4054","Customer 2653","86070.35"
"4055","Customer 438","86066.41"
"4056","Customer 2110","86062.60"
"4057","Customer 457","86026.83"
"4058","Customer 5069","86022.90"
"4059","Customer 5352","86020.03"
"4060","Customer 6298","86008.42"
"4061","Customer 8255","86002.86"
"4062","Customer 2191","85996.45"
"4063","Customer 7279","85990.94"
"4064","Customer 1796","85961.91"
"4065","Customer 6191","85961.65"
"4066","Customer 3047","85961.07"
"4067","Customer 6263","85927.34"
"4068","Customer 3861","85922.19"
"4069","Customer 5557","85919.68"
"4070","Customer 8475","85913.58"
"4071","Customer 9827","85901.93"
"4072","Customer 3088","85895.53"
"4073","Customer 1632","85883.88"
"4074","Customer 6475","85879.53"
"4075","Customer 1169","85877.22"
"4076","Customer 3984","85865.82"
"4077","Customer 1290","85864.56"
"4078","Customer 1103","85860.05"
"4079","Customer 1077","85856.24"
"4080","Customer 6318","85854.04"
"4081","Customer 5276","85822.32"
"4082","Customer 9274","85819.89"
"4083","Customer 6309","85819.27"
"4084","Customer 6141","85816.97"
"4085","Customer 3996","85811.59"
"4086","Customer 2109","85793.89"
"4087","Customer 3834","85776.57"
"4088","Customer 6362","85748.65"
"4089","Customer 3942","85744.11"
"4090","Customer 4633","85706.46"
"4091","Customer 322","85695.81"
"4092","Customer 6964","85674.22"
"4093","Customer 1096","85667.74"
"4094","Customer 9671","85661.17"
"4095","Customer 5278","85656.57"
"4096","Customer 1233","85651.27"
"4097","Customer 8212","85618.89"
"4098","Customer 4867","85613.96"
"4099","Customer 7033","85612.68"
"4100","Customer 2330","85609.33"
"4101","Customer 1231","85596.43"
"4102","Customer 7569","85564.15"
"4103","Customer 3161","85563.87"
"4104","Customer 3194","85560.07"
"4105","Customer 7851","85551.72"
"4106","Customer 7409","85550.66"
"4107","Customer 8305","85535.86"
"4108","Customer 1873","85525.19"
"4109","Customer 8982","85521.93"
"4110","Customer 7459","85513.53"
"4111","Customer 9365","85508.88"
"4112","Customer 1982","85506.47"
"4113","Customer 6242","85505.75"
"4114","Customer 843","85505.22"
"4115","Customer 2318","85490.97"
"4116","Customer 4742","85466.01"
"4117","Customer 1406","85465.92"
"4118","Customer 9925","85462.69"
"4119","Customer 3955","85457.19"
"4120","Customer 5839","85455.33"
"4121","Customer 2748","85454.52"
"4122","Customer 7050","85450.53"
"4123","Customer 3120","85448.22"
"4124","Customer 9187","85438.67"
"4125","Customer 7448","85428.27"
"4126","Customer 8736","85424.79"
"4127","Customer 7093","85423.76"
"4128","Customer 1974","85418.61"
"4129","Customer 7239","85409.36"
"4130","Customer 5889","85407.68"
"4131","Customer 683","85398.66"
"4132","Customer 6504","85387.51"
"4133","Customer 8149","85371.84"
"4134","Customer 2203","85360.22"
"4135","Customer 450","85354.98"
"4136","Customer 1722","85354.87"
"4137","Customer 8871","85335.81"
"4138","Customer 7162","85335.06"
"4139","Customer 54","85334.44"
"4140","Customer 2945","85321.54"
"4141","Customer 7399","85301.27"
"4142","Customer 642","85299.98"
"4143","Customer 5913","85283.32"
"4144","Customer 1662","85281.96"
"4145","Customer 9302","85274.62"
"4146","Customer 4101","85270.12"
"4147","Customer 7972","85267.47"
"4148","Customer 591","85258.47"
"4149","Customer 3031","85254.72"
"4150","Customer 8813","85253.13"
"4151","Customer 4591","85244.57"
"4152","Customer 5503","85225.73"
"4153","Customer 3371","85218.39"
"4154","Customer 9379","85202.43"
"4155","Customer 4489","85201.50"
"4156","Customer 6069","85195.94"
"4157","Customer 2927","85174.15"
"4158","Customer 73","85153.55"
"4159","Customer 1729","85149.87"
"4160","Customer 9465","85139.64"
"4161","Customer 9612","85125.40"
"4162","Customer 4007","85091.24"
"4163","Customer 5653","85087.67"
"4164","Customer 3142","85075.87"
"4165","Customer 7753","85064.82"
"4166","Customer 9051","85060.74"
"4167","Customer 6288","85059.36"
"4168","Customer 643","85057.04"
"4169","Customer 4571","85043.93"
"4170","Customer 8751","85038.22"
"4171","Customer 1920","85009.97"
"4172","Customer 1560","85007.35"
"4173","Customer 811","85002.45"
"4174","Customer 2866","84995.71"
"4175","Customer 7419","84993.28"
"4176","Customer 2478","84968.45"
"4177","Customer 9155","84961.28"
"4178","Customer 1834","84952.51"
"4179","Customer 4236","84941.87"
"4180","Customer 8946","84927.44"
"4181","Customer 852","84904.98"
"4182","Customer 5509","84900.25"
"4183","Customer 2515","84886.05"
"4184","Customer 7056","84883.58"
"4185","Customer 9789","84880.19"
"4186","Customer 3434","84878.03"
"4187","Customer 6804","84872.77"
"4188","Customer 4667","84872.09"
"4189","Customer 1641","84860.32"
"4190","Customer 250","84854.17"
"4191","Customer 6161","84851.49"
"4192","Customer 3973","84829.55"
"4193","Customer 6901","84823.86"
"4194","Customer 765","84819.28"
"4195","Customer 3089","84813.25"
"4196","Customer 500","84793.24"
"4197","Customer 3146","84790.52"
"4198","Customer 2905","84778.02"
"4199","Customer 2942","84758.06"
"4200","Customer 9812","84745.56"
"4201","Customer 2602","84745.39"
"4202","Customer 5734","84744.19"
"4203","Customer 5631","84742.16"
"4204","Customer 4200","84739.29"
"4205","Customer 3688","84736.19"
"4206","Customer 47","84732.83"
"4207","Customer 7139","84729.64"
"4208","Customer 3498","84708.14"
"4209","Customer 8691","84690.99"
"4210","Customer 4355","84688.00"
"4211","Customer 782","84685.01"
"4212","Customer 3220","84684.18"
"4213","Customer 5878","84683.23"
"4214","Customer 8138","84650.57"
"4215","Customer 2755","84634.41"
"4216","Customer 4351","84626.55"
"4217","Customer 9045","84604.90"
"4218","Customer 9728","84590.98"
"4219","Customer 6019","84586.55"
"4220","Customer 2511","84584.14"
"4221","Customer 8244","84578.56"
"4222","Customer 6065","84554.51"
"4223","Customer 8128","84553.46"
"4224","Customer 4313","84551.26"
"4225","Customer 8223","84537.21"
"4226","Customer 1296","84536.72"
"4227","Customer 7941","84522.28"
"4228","Customer 9085","84504.26"
"4229","Customer 3318","84502.50"
"4230","Customer 8710","84495.91"
"4231","Customer 4232","84495.17"
"4232","Customer 6184","84485.63"
"4233","Customer 1549","84479.70"
"4234","Customer 1714","84465.11"
"4235","Customer 2936","84462.35"
"4236","Customer 3284","84458.40"
"4237","Customer 2398","84429.24"
"4238","Customer 5845","84415.02"
"4239","Customer 7032","84407.78"
"4240","Customer 552","84398.14"
"4241","Customer 6291","84366.87"
"4242","Customer 8169","84358.51"
"4243","Customer 9234","84351.14"
"4244","Customer 8574","84339.49"
"4245","Customer 1080","84335.82"
"4246","Customer 9485","84331.90"
"4247","Customer 5627","84314.15"
"4248","Customer 9885","84310.24"
"4249","Customer 7866","84305.40"
"4250","Customer 2295","84295.74"
"4251","Customer 9008","84281.22"
"4252","Customer 2967","84274.32"
"4253","Customer 5716","84269.21"
"4254","Customer 420","84243.22"
"4255","Customer 9464","84236.85"
"4256","Customer 2685","84223.25"
"4257","Customer 363","84222.79"
"4258","Customer 3173","84220.39"
"4259","Customer 919","84214.09"
"4260","Customer 5144","84212.18"
"4261","Customer 5532","84206.58"
"4262","Customer 5807","84180.24"
"4263","Customer 756","84177.62"
"4264","Customer 987","84168.48"
"4265","Customer 4937","84166.98"
"4266","Customer 2441","84133.38"
"4267","Customer 126","84103.91"
"4268","Customer 6149","84100.87"
"4269","Customer 7657","84099.90"
"4270","Customer 3106","84098.20"
"4271","Customer 3656","84090.67"
"4272","Customer 6931","84086.82"
"4273","Customer 1917","84062.98"
"4274","Customer 208","84053.76"
"4275","Customer 2372","84040.73"
"4276","Customer 5243","84038.35"
"4277","Customer 906","84035.44"
"4278","Customer 668","84020.86"
"4279","Customer 6517","83996.62"
"4280","Customer 6449","83985.52"
"4281","Customer 9097","83981.02"
"4282","Customer 3406","83976.55"
"4283","Customer 4737","83969.39"
"4284","Customer 6481","83966.55"
"4285","Customer 9472","83957.06"
"4286","Customer 55","83954.44"
"4287","Customer 2561","83952.20"
"4288","Customer 3259","83951.93"
"4289","Customer 5375","83944.41"
"4290","Customer 8209","83938.95"
"4291","Customer 9374","83937.86"
"4292","Customer 840","83936.94"
"4293","Customer 8325","83934.91"
"4294","Customer 7902","83934.05"
"4295","Customer 453","83925.97"
"4296","Customer 3789","83924.42"
"4297","Customer 349","83917.72"
"4298","Customer 6216","83914.88"
"4299","Customer 914","83914.22"
"4300","Customer 5244","83905.27"
"4301","Customer 8268","83905.11"
"4302","Customer 9665","83899.33"
"4303","Customer 2021","83896.00"
"4304","Customer 2885","83895.52"
"4305","Customer 7031","83882.76"
"4306","Customer 2727","83861.86"
"4307","Customer 1086","83855.81"
"4308","Customer 2517","83838.84"
"4309","Customer 118","83828.66"
"4310","Customer 2850","83825.08"
"4311","Customer 7","83804.13"
"4312","Customer 3176","83798.73"
"4313","Customer 4487","83797.10"
"4314","Customer 1046","83795.75"
"4315","Customer 1636","83767.79"
"4316","Customer 8910","83759.17"
"4317","Customer 4399","83758.22"
"4318","Customer 5382","83746.96"
"4319","Customer 928","83741.22"
"4320","Customer 2855","83720.82"
"4321","Customer 6872","83719.99"
"4322","Customer 9019","83719.41"
"4323","Customer 7664","83716.67"
"4324","Customer 1291","83715.88"
"4325","Customer 3329","83703.77"
"4326","Customer 7507","83701.92"
"4327","Customer 9861","83697.32"
"4328","Customer 8055","83688.55"
"4329","Customer 9778","83685.25"
"4330","Customer 6131","83677.33"
"4331","Customer 3343","83669.95"
"4332","Customer 2628","83667.55"
"4333","Customer 5829","83643.57"
"4334","Customer 3537","83630.64"
"4335","Customer 3876","83615.43"
"4336","Customer 2641","83614.39"
"4337","Customer 5573","83600.73"
"4338","Customer 8918","83598.56"
"4339","Customer 1017","83568.03"
"4340","Customer 6256","83562.66"
"4341","Customer 9983","83562.26"
"4342","Customer 7353","83561.30"
"4343","Customer 7733","83556.51"
"4344","Customer 3265","83546.20"
"4345","Customer 7546","83545.28"
"4346","Customer 3922","83533.17"
"4347","Customer 4578","83529.56"
"4348","Customer 7140","83527.74"
"4349","Customer 3782","83519.38"
"4350","Customer 8938","83517.26"
"4351","Customer 5563","83496.72"
"4352","Customer 225","83481.31"
"4353","Customer 2144","83479.19"
"4354","Customer 6573","83465.02"
"4355","Customer 7940","83462.15"
"4356","Customer 6587","83454.02"
"4357","Customer 5247","83453.83"
"4358","Customer 7623","83452.67"
"4359","Customer 7873","83441.60"
"4360","Customer 3443","83438.96"
"4361","Customer 101","83428.29"
"4362","Customer 1715","83425.95"
"4363","Customer 6172","83416.66"
"4364","Customer 5124","83415.77"
"4365","Customer 6820","83398.49"
"4366","Customer 2472","83392.29"
"4367","Customer 1591","83388.26"
"4368","Customer 6148","83378.03"
"4369","Customer 2264","83373.60"
"4370","Customer 3578","83364.05"
"4371","Customer 5706","83357.94"
"4372","Customer 8456","83354.90"
"4373","Customer 7004","83335.41"
"4374","Customer 8809","83333.44"
"4375","Customer 4696","83326.96"
"4376","Customer 8195","83325.63"
"4377","Customer 486","83323.30"
"4378","Customer 7638","83315.51"
"4379","Customer 7092","83308.42"
"4380","Customer 8609","83293.30"
"4381","Customer 5058","83290.12"
"4382","Customer 7074","83288.44"
"4383","Customer 1351","83276.32"
"4384","Customer 1177","83268.97"
"4385","Customer 6913","83266.16"
"4386","Customer 7544","83248.51"
"4387","Customer 9603","83242.27"
"4388","Customer 6527","83239.56"
"4389","Customer 1864","83229.95"
"4390","Customer 9635","83225.56"
"4391","Customer 2490","83217.57"
"4392","Customer 253","83206.62"
"4393","Customer 145","83199.28"
"4394","Customer 9638","83195.50"
"4395","Customer 9915","83194.60"
"4396","Customer 7167","83180.83"
"4397","Customer 5221","83179.11"
"4398","Customer 6235","83175.57"
"4399","Customer 3559","83171.35"
"4400","Customer 4956","83152.54"
"4401","Customer 6162","83139.49"
"4402","Customer 7218","83118.27"
"4403","Customer 4337","83114.35"
"4404","Customer 9663","83112.66"
"4405","Customer 1047","83093.51"
"4406","Customer 3950","83092.73"
"4407","Customer 8626","83091.57"
"4408","Customer 9153","83087.22"
"4409","Customer 8981","83084.81"
"4410","Customer 3813","83082.77"
"4411","Customer 1823","83074.83"
"4412","Customer 1965","83071.99"
"4413","Customer 3455","83057.86"
"4414","Customer 1995","83051.94"
"4415","Customer 7521","83043.16"
"4416","Customer 7935","83036.73"
"4417","Customer 1699","83019.55"
"4418","Customer 2502","83007.38"
"4419","Customer 9083","82995.01"
"4420","Customer 7475","82986.19"
"4421","Customer 5594","82979.61"
"4422","Customer 2816","82977.48"
"4423","Customer 2965","82975.36"
"4424","Customer 5999","82974.66"
"4425","Customer 6241","82949.42"
"4426","Customer 2551","82943.83"
"4427","Customer 4646","82933.58"
"4428","Customer 5286","82926.45"
"4429","Customer 6378","82924.79"
"4430","Customer 4260","82922.09"
"4431","Customer 2921","82917.53"
"4432","Customer 2923","82900.01"
"4433","Customer 3539","82897.63"
"4434","Customer 2067","82894.32"
"4435","Customer 1423","82892.21"
"4436","Customer 5428","82880.59"
"4437","Customer 5189","82871.70"
"4438","Customer 9588","82870.56"
"4439","Customer 9852","82862.50"
"4440","Customer 8428","82851.14"
"4441","Customer 660","82842.56"
"4442","Customer 6907","82841.17"
"4443","Customer 8821","82837.85"
"4444","Customer 4785","82811.58"
"4445","Customer 3719","82811.19"
"4446","Customer 5309","82789.28"
"4447","Customer 9351","82781.92"
"4448","Customer 2645","82776.36"
"4449","Customer 3447","82758.74"
"4450","Customer 1472","82748.80"
"4451","Customer 6657","82741.03"
"4452","Customer 891","82739.86"
"4453","Customer 4476","82738.36"
"4454","Customer 9856","82737.92"
"4455","Customer 6339","82723.14"
"4456","Customer 7937","82722.27"
"4457","Customer 3472","82717.63"
"4458","Customer 547","82717.53"
"4459","Customer 3149","82713.81"
"4460","Customer 8863","82707.91"
"4461","Customer 7559","82700.98"
"4462","Customer 8402","82676.90"
"4463","Customer 7150","82671.21"
"4464","Customer 2091","82669.44"
"4465","Customer 9307","82667.54"
"4466","Customer 6806","82640.09"
"4467","Customer 1705","82629.85"
"4468","Customer 952","82603.00"
"4469","Customer 978","82586.78"
"4470","Customer 5360","82585.17"
"4471","Customer 4711","82583.35"
"4472","Customer 1179","82576.59"
"4473","Customer 2134","82569.24"
"4474","Customer 338","82562.11"
"4475","Customer 4398","82556.47"
"4476","Customer 7663","82538.21"
"4477","Customer 1923","82535.75"
"4478","Customer 1896","82535.40"
"4479","Customer 9278","82529.80"
"4480","Customer 1255","82525.22"
"4481","Customer 8835","82523.54"
"4482","Customer 8092","82517.35"
"4483","Customer 9848","82508.44"
"4484","Customer 7795","82500.44"
"4485","Customer 3100","82490.72"
"4486","Customer 3862","82487.79"
"4487","Customer 7814","82478.38"
"4488","Customer 5598","82467.89"
"4489","Customer 7144","82458.38"
"4490","Customer 8999","82455.66"
"4491","Customer 104","82425.10"
"4492","Customer 3252","82413.18"
"4493","Customer 2559","82403.50"
"4494","Customer 9769","82395.87"
"4495","Customer 9137","82391.53"
"4496","Customer 6248","82386.60"
"4497","Customer 8473","82360.26"
"4498","Customer 7483","82359.94"
"4499","Customer 2594","82332.16"
"4500","Customer 6995","82323.27"
"4501","Customer 5536","82318.06"
"4502","Customer 9677","82312.67"
"4503","Customer 2916","82311.12"
"4504","Customer 130","82310.82"
"4505","Customer 1800","82305.20"
"4506","Customer 3076","82300.23"
"4507","Customer 6776","82298.52"
"4508","Customer 3351","82280.04"
"4509","Customer 5175","82273.09"
"4510","Customer 2044","82271.77"
"4511","Customer 3328","82269.95"
"4512","Customer 8546","82265.64"
"4513","Customer 6013","82256.64"
"4514","Customer 4961","82249.75"
"4515","Customer 6040","82243.25"
"4516","Customer 8535","82237.90"
"4517","Customer 5330","82232.32"
"4518","Customer 336","82229.55"
"4519","Customer 3554","82223.93"
"4520","Customer 7848","82207.00"
"4521","Customer 479","82199.90"
"4522","Customer 4234","82195.11"
"4523","Customer 5305","82194.76"
"4524","Customer 226","82179.54"
"4525","Customer 8684","82158.22"
"4526","Customer 9639","82155.64"
"4527","Customer 9352","82153.27"
"4528","Customer 5666","82152.27"
"4529","Customer 6693","82143.95"
"4530","Customer 6497","82142.87"
"4531","Customer 2826","82130.14"
"4532","Customer 9493","82121.60"
"4533","Customer 6944","82119.50"
"4534","Customer 826","82117.07"
"4535","Customer 4866","82116.06"
"4536","Customer 2576","82103.80"
"4537","Customer 4726","82101.97"
"4538","Customer 9959","82100.75"
"4539","Customer 3098","82086.91"
"4540","Customer 9303","82066.87"
"4541","Customer 9969","82059.64"
"4542","Customer 6586","82059.23"
"4543","Customer 8122","82053.96"
"4544","Customer 6943","82028.52"
"4545","Customer 5783","82019.46"
"4546","Customer 1672","82016.61"
"4547","Customer 7498","82008.80"
"4548","Customer 7700","82005.97"
"4549","Customer 468","81994.98"
"4550","Customer 3760","81994.87"
"4551","Customer 2613","81990.89"
"4552","Customer 4735","81985.31"
"4553","Customer 6506","81979.07"
"4554","Customer 9641","81974.86"
"4555","Customer 7491","81973.67"
"4556","Customer 5613","81972.10"
"4557","Customer 8662","81966.74"
"4558","Customer 2952","81966.61"
"4559","Customer 9499","81950.45"
"4560","Customer 463","81949.32"
"4561","Customer 3662","81931.11"
"4562","Customer 7578","81928.00"
"4563","Customer 461","81923.44"
"4564","Customer 7562","81907.63"
"4565","Customer 8642","81905.15"
"4566","Customer 5930","81903.36"
"4567","Customer 9134","81897.92"
"4568","Customer 9934","81893.09"
"4569","Customer 6308","81885.07"
"4570","Customer 5746","81884.25"
"4571","Customer 3053","81883.54"
"4572","Customer 3129","81880.87"
"4573","Customer 663","81878.54"
"4574","Customer 266","81829.73"
"4575","Customer 3468","81827.11"
"4576","Customer 1215","81814.41"
"4577","Customer 5765","81811.63"
"4578","Customer 4018","81805.90"
"4579","Customer 1644","81793.05"
"4580","Customer 6898","81785.06"
"4581","Customer 2138","81767.14"
"4582","Customer 6934","81762.19"
"4583","Customer 5832","81759.24"
"4584","Customer 4792","81731.69"
"4585","Customer 8193","81727.19"
"4586","Customer 1753","81725.40"
"4587","Customer 991","81715.47"
"4588","Customer 8070","81674.56"
"4589","Customer 5264","81668.22"
"4590","Customer 9012","81663.64"
"4591","Customer 4800","81663.29"
"4592","Customer 6299","81647.75"
"4593","Customer 3154","81637.34"
"4594","Customer 5083","81627.95"
"4595","Customer 6878","81624.53"
"4596","Customer 9936","81613.12"
"4597","Customer 1468","81606.28"
"4598","Customer 3620","81594.88"
"4599","Customer 332","81588.90"
"4600","Customer 9146","81579.79"
"4601","Customer 5339","81563.52"
"4602","Customer 6243","81560.89"
"4603","Customer 6458","81550.22"
"4604","Customer 870","81549.78"
"4605","Customer 2652","81549.28"
"4606","Customer 8167","81541.03"
"4607","Customer 1879","81533.77"
"4608","Customer 6469","81533.35"
"4609","Customer 2500","81514.22"
"4610","Customer 5325","81503.81"
"4611","Customer 6489","81502.53"
"4612","Customer 4671","81494.08"
"4613","Customer 8591","81469.64"
"4614","Customer 9870","81468.71"
"4615","Customer 5473","81467.35"
"4616","Customer 5486","81458.10"
"4617","Customer 4449","81438.43"
"4618","Customer 5965","81436.59"
"4619","Customer 8026","81431.59"
"4620","Customer 846","81423.69"
"4621","Customer 5484","81402.01"
"4622","Customer 5590","81390.02"
"4623","Customer 6477","81389.95"
"4624","Customer 1486","81389.86"
"4625","Customer 2981","81384.67"
"4626","Customer 4580","81368.45"
"4627","Customer 1298","81355.42"
"4628","Customer 8862","81340.20"
"4629","Customer 4012","81338.15"
"4630","Customer 9799","81337.92"
"4631","Customer 4242","81331.45"
"4632","Customer 7840","81330.02"
"4633","Customer 9705","81327.58"
"4634","Customer 1122","81309.87"
"4635","Customer 9184","81297.11"
"4636","Customer 653","81295.37"
"4637","Customer 7497","81291.79"
"4638","Customer 474","81278.03"
"4639","Customer 5714","81260.48"
"4640","Customer 6268","81226.33"
"4641","Customer 6718","81218.32"
"4642","Customer 303","81216.12"
"4643","Customer 20","81204.17"
"4644","Customer 5282","81203.54"
"4645","Customer 7058","81201.58"
"4646","Customer 5580","81196.14"
"4647","Customer 2487","81188.23"
"4648","Customer 572","81181.84"
"4649","Customer 6883","81165.99"
"4650","Customer 4993","81165.06"
"4651","Customer 3515","81164.80"
"4652","Customer 564","81157.96"
"4653","Customer 2763","81152.41"
"4654","Customer 23","81145.46"
"4655","Customer 9605","81140.29"
"4656","Customer 1958","81119.43"
"4657","Customer 428","81103.96"
"4658","Customer 6575","81102.50"
"4659","Customer 8214","81092.56"
"4660","Customer 137","81092.27"
"4661","Customer 3134","81089.94"
"4662","Customer 1653","81072.90"
"4663","Customer 5648","81071.92"
"4664","Customer 8378","81068.33"
"4665","Customer 2042","81063.76"
"4666","Customer 9111","81063.20"
"4667","Customer 9481","81054.63"
"4668","Customer 940","81018.49"
"4669","Customer 5079","81014.02"
"4670","Customer 7732","81005.36"
"4671","Customer 7789","80987.06"
"4672","Customer 4947","80985.26"
"4673","Customer 8194","80975.41"
"4674","Customer 1786","80961.43"
"4675","Customer 1698","80960.24"
"4676","Customer 5179","80956.95"
"4677","Customer 9456","80954.62"
"4678","Customer 7994","80943.26"
"4679","Customer 7152","80934.35"
"4680","Customer 4008","80934.13"
"4681","Customer 2673","80931.47"
"4682","Customer 538","80913.09"
"4683","Customer 1147","80899.22"
"4684","Customer 5277","80877.91"
"4685","Customer 3035","80874.75"
"4686","Customer 8314","80865.43"
"4687","Customer 4118","80861.10"
"4688","Customer 4040","80856.52"
"4689","Customer 2827","80844.66"
"4690","Customer 2741","80841.29"
"4691","Customer 6698","80837.25"
"4692","Customer 67","80836.95"
"4693","Customer 2020","80822.64"
"4694","Customer 6087","80815.56"
"4695","Customer 134","80808.89"
"4696","Customer 7224","80806.91"
"4697","Customer 382","80805.56"
"4698","Customer 3659","80803.23"
"4699","Customer 2028","80798.17"
"4700","Customer 1452","80797.44"
"4701","Customer 7771","80793.78"
"4702","Customer 3548","80783.27"
"4703","Customer 9594","80783.05"
"4704","Customer 5794","80780.81"
"4705","Customer 2216","80765.50"
"4706","Customer 9773","80765.33"
"4707","Customer 4779","80759.68"
"4708","Customer 880","80750.62"
"4709","Customer 8669","80745.22"
"4710","Customer 7666","80730.88"
"4711","Customer 6509","80716.99"
"4712","Customer 6591","80708.13"
"4713","Customer 2694","80704.73"
"4714","Customer 4887","80699.44"
"4715","Customer 5876","80694.12"
"4716","Customer 7633","80678.66"
"4717","Customer 5754","80678.60"
"4718","Customer 9065","80676.97"
"4719","Customer 4013","80676.29"
"4720","Customer 7251","80664.43"
"4721","Customer 5425","80662.58"
"4722","Customer 239","80625.11"
"4723","Customer 2266","80620.76"
"4724","Customer 7694","80612.66"
"4725","Customer 9337","80557.53"
"4726","Customer 5523","80540.97"
"4727","Customer 6889","80536.61"
"4728","Customer 5960","80535.54"
"4729","Customer 4404","80531.49"
"4730","Customer 434","80520.61"
"4731","Customer 3652","80515.52"
"4732","Customer 4074","80513.36"
"4733","Customer 286","80509.12"
"4734","Customer 8927","80504.01"
"4735","Customer 3755","80499.59"
"4736","Customer 8963","80496.61"
"4737","Customer 8848","80485.66"
"4738","Customer 1970","80485.58"
"4739","Customer 7038","80473.80"
"4740","Customer 3016","80469.03"
"4741","Customer 3181","80467.46"
"4742","Customer 1019","80466.99"
"4743","Customer 7642","80456.19"
"4744","Customer 974","80452.76"
"4745","Customer 4122","80439.35"
"4746","Customer 6590","80410.95"
"4747","Customer 3542","80401.06"
"4748","Customer 6595","80396.29"
"4749","Customer 9284","80385.17"
"4750","Customer 9203","80383.92"
"4751","Customer 9867","80380.45"
"4752","Customer 535","80379.73"
"4753","Customer 2471","80354.67"
"4754","Customer 1652","80353.64"
"4755","Customer 9047","80351.43"
"4756","Customer 2619","80332.44"
"4757","Customer 74","80318.28"
"4758","Customer 5846","80311.57"
"4759","Customer 3694","80306.28"
"4760","Customer 9387","80293.87"
"4761","Customer 8868","80283.03"
"4762","Customer 9528","80265.09"
"4763","Customer 5977","80258.50"
"4764","Customer 4600","80253.47"
"4765","Customer 9892","80248.87"
"4766","Customer 178","80246.55"
"4767","Customer 526","80239.17"
"4768","Customer 4262","80236.64"
"4769","Customer 7637","80234.21"
"4770","Customer 2261","80229.25"
"4771","Customer 3556","80207.43"
"4772","Customer 1327","80193.40"
"4773","Customer 1110","80190.43"
"4774","Customer 5647","80188.48"
"4775","Customer 9189","80185.79"
"4776","Customer 2544","80184.11"
"4777","Customer 7514","80181.90"
"4778","Customer 4360","80180.56"
"4779","Customer 9717","80174.93"
"4780","Customer 9497","80173.52"
"4781","Customer 4999","80165.91"
"4782","Customer 4684","80161.09"
"4783","Customer 8008","80156.76"
"4784","Customer 9371","80155.64"
"4785","Customer 3846","80146.62"
"4786","Customer 9474","80143.29"
"4787","Customer 3356","80141.47"
"4788","Customer 7101","80139.29"
"4789","Customer 5443","80129.80"
"4790","Customer 3295","80108.98"
"4791","Customer 8273","80108.14"
"4792","Customer 2948","80103.04"
"4793","Customer 7834","80102.51"
"4794","Customer 7156","80098.93"
"4795","Customer 3319","80095.63"
"4796","Customer 2451","80091.05"
"4797","Customer 2426","80071.50"
"4798","Customer 2512","80066.38"
"4799","Customer 5151","80058.39"
"4800","Customer 2291","80039.00"
"4801","Customer 4376","80037.34"
"4802","Customer 545","80032.94"
"4803","Customer 1670","80008.92"
"4804","Customer 8915","80004.09"
"4805","Customer 2445","80003.34"
"4806","Customer 791","80002.42"
"4807","Customer 6195","79997.07"
"4808","Customer 568","79991.33"
"4809","Customer 1618","79969.64"
"4810","Customer 8638","79968.13"
"4811","Customer 932","79957.30"
"4812","Customer 4981","79956.65"
"4813","Customer 4251","79943.37"
"4814","Customer 7668","79936.96"
"4815","Customer 6765","79928.12"
"4816","Customer 5518","79908.61"
"4817","Customer 3983","79907.40"
"4818","Customer 7428","79906.38"
"4819","Customer 4479","79893.49"
"4820","Customer 5622","79883.61"
"4821","Customer 18","79875.46"
"4822","Customer 1697","79875.19"
"4823","Customer 8357","79863.68"
"4824","Customer 7683","79863.43"
"4825","Customer 4297","79844.46"
"4826","Customer 3550","79837.50"
"4827","Customer 3551","79833.03"
"4828","Customer 8415","79831.03"
"4829","Customer 8831","79810.48"
"4830","Customer 209","79808.36"
"4831","Customer 8781","79806.01"
"4832","Customer 6127","79801.71"
"4833","Customer 7231","79801.39"
"4834","Customer 4859","79789.47"
"4835","Customer 3828","79781.99"
"4836","Customer 1171","79781.27"
"4837","Customer 1155","79775.26"
"4838","Customer 243","79768.84"
"4839","Customer 2242","79767.52"
"4840","Customer 3913","79750.04"
"4841","Customer 7204","79740.63"
"4842","Customer 3904","79728.79"
"4843","Customer 5371","79722.49"
"4844","Customer 4017","79712.90"
"4845","Customer 9656","79712.88"
"4846","Customer 3615","79711.18"
"4847","Customer 4038","79707.89"
"4848","Customer 8447","79697.90"
"4849","Customer 962","79694.22"
"4850","Customer 8184","79693.82"
"4851","Customer 875","79690.56"
"4852","Customer 9395","79675.90"
"4853","Customer 8776","79669.54"
"4854","Customer 9578","79664.72"
"4855","Customer 2162","79659.10"
"4856","Customer 8989","79657.40"
"4857","Customer 3927","79655.25"
"4858","Customer 9348","79641.66"
"4859","Customer 2153","79632.56"
"4860","Customer 1359","79614.40"
"4861","Customer 8162","79603.84"
"4862","Customer 5820","79592.56"
"4863","Customer 4928","79589.45"
"4864","Customer 7740","79583.71"
"4865","Customer 2957","79570.66"
"4866","Customer 8204","79568.47"
"4867","Customer 4908","79568.08"
"4868","Customer 5373","79560.68"
"4869","Customer 3021","79559.92"
"4870","Customer 164","79557.41"
"4871","Customer 1430","79537.28"
"4872","Customer 1888","79530.59"
"4873","Customer 1894","79517.58"
"4874","Customer 6310","79504.91"
"4875","Customer 3360","79499.84"
"4876","Customer 8069","79497.60"
"4877","Customer 8787","79494.84"
"4878","Customer 4177","79485.98"
"4879","Customer 8035","79485.72"
"4880","Customer 421","79474.27"
"4881","Customer 6796","79469.04"
"4882","Customer 4417","79467.15"
"4883","Customer 378","79449.68"
"4884","Customer 829","79443.95"
"4885","Customer 1518","79432.03"
"4886","Customer 34","79414.83"
"4887","Customer 4120","79404.75"
"4888","Customer 1761","79403.28"
"4889","Customer 5910","79396.51"
"4890","Customer 6503","79395.91"
"4891","Customer 5912","79394.95"
"4892","Customer 3196","79383.35"
"4893","Customer 2283","79368.32"
"4894","Customer 720","79364.35"
"4895","Customer 4701","79350.36"
"4896","Customer 4739","79345.83"
"4897","Customer 6336","79332.63"
"4898","Customer 5583","79330.07"
"4899","Customer 7782","79325.14"
"4900","Customer 182","79322.01"
"4901","Customer 3592","79314.17"
"4902","Customer 9850","79311.84"
"4903","Customer 5698","79303.88"
"4904","Customer 7510","79298.88"
"4905","Customer 1061","79291.84"
"4906","Customer 5645","79268.11"
"4907","Customer 3745","79264.87"
"4908","Customer 733","79249.81"
"4909","Customer 9458","79242.31"
"4910","Customer 1914","79239.66"
"4911","Customer 3827","79232.58"
"4912","Customer 3963","79215.30"
"4913","Customer 79","79204.00"
"4914","Customer 2006","79198.43"
"4915","Customer 4147","79193.07"
"4916","Customer 3039","79176.72"
"4917","Customer 5157","79166.92"
"4918","Customer 6769","79159.97"
"4919","Customer 1733","79132.64"
"4920","Customer 2699","79125.94"
"4921","Customer 9423","79098.15"
"4922","Customer 5021","79090.24"
"4923","Customer 9687","79083.62"
"4924","Customer 9279","79072.79"
"4925","Customer 8973","79050.13"
"4926","Customer 8987","79047.35"
"4927","Customer 2518","79039.50"
"4928","Customer 8396","79031.84"
"4929","Customer 1499","79012.39"
"4930","Customer 1912","79004.04"
"4931","Customer 2574","78989.12"
"4932","Customer 6171","78985.87"
"4933","Customer 8059","78979.47"
"4934","Customer 3422","78976.14"
"4935","Customer 6434","78970.91"
"4936","Customer 7747","78963.07"
"4937","Customer 3001","78946.05"
"4938","Customer 3180","78943.38"
"4939","Customer 9772","78941.54"
"4940","Customer 7308","78938.80"
"4941","Customer 8806","78926.49"
"4942","Customer 8737","78925.26"
"4943","Customer 8748","78915.66"
"4944","Customer 2260","78913.55"
"4945","Customer 2533","78909.99"
"4946","Customer 5434","78909.26"
"4947","Customer 1816","78904.09"
"4948","Customer 7527","78894.63"
"4949","Customer 2638","78885.76"
"4950","Customer 5331","78885.14"
"4951","Customer 9645","78879.85"
"4952","Customer 9548","78875.06"
"4953","Customer 6555","78862.50"
"4954","Customer 2407","78859.28"
"4955","Customer 4416","78856.78"
"4956","Customer 2903","78855.70"
"4957","Customer 1586","78853.60"
"4958","Customer 5033","78842.58"
"4959","Customer 2197","78842.54"
"4960","Customer 1117","78830.46"
"4961","Customer 649","78823.60"
"4962","Customer 9020","78816.26"
"4963","Customer 8674","78811.69"
"4964","Customer 8716","78804.14"
"4965","Customer 5837","78788.97"
"4966","Customer 4986","78759.28"
"4967","Customer 1996","78757.71"
"4968","Customer 2680","78749.73"
"4969","Customer 2386","78742.97"
"4970","Customer 5156","78742.90"
"4971","Customer 6956","78736.02"
"4972","Customer 6119","78732.27"
"4973","Customer 120","78724.07"
"4974","Customer 1303","78720.73"
"4975","Customer 9296","78717.37"
"4976","Customer 9114","78705.65"
"4977","Customer 9743","78702.25"
"4978","Customer 6716","78698.36"
"4979","Customer 8124","78696.96"
"4980","Customer 8604","78695.49"
"4981","Customer 1130","78692.73"
"4982","Customer 9435","78684.39"
"4983","Customer 3339","78676.23"
"4984","Customer 9404","78671.83"
"4985","Customer 7453","78648.23"
"4986","Customer 9825","78637.44"
"4987","Customer 4971","78628.73"
"4988","Customer 4656","78627.66"
"4989","Customer 8771","78626.28"
"4990","Customer 6118","78624.34"
"4991","Customer 6495","78623.96"
"4992","Customer 8210","78622.94"
"4993","Customer 6861","78605.10"
"4994","Customer 8503","78600.04"
"4995","Customer 7938","78599.38"
"4996","Customer 6408","78597.83"
"4997","Customer 2625","78582.63"
"4998","Customer 6547","78580.57"
"4999","Customer 9559","78580.07"
"5000","Customer 2106","78571.21"
"5001","Customer 2301","78569.25"
"5002","Customer 7057","78565.22"
"5003","Customer 6797","78565.19"
"5004","Customer 9488","78556.03"
"5005","Customer 3385","78555.17"
"5006","Customer 5438","78553.70"
"5007","Customer 9621","78548.45"
"5008","Customer 1273","78546.73"
"5009","Customer 557","78541.94"
"5010","Customer 3807","78541.60"
"5011","Customer 9941","78518.52"
"5012","Customer 6201","78517.57"
"5013","Customer 2338","78516.22"
"5014","Customer 876","78508.08"
"5015","Customer 297","78477.77"
"5016","Customer 3895","78466.06"
"5017","Customer 1562","78463.21"
"5018","Customer 3698","78459.93"
"5019","Customer 6935","78450.14"
"5020","Customer 1858","78448.47"
"5021","Customer 9441","78429.95"
"5022","Customer 8454","78417.35"
"5023","Customer 9768","78410.12"
"5024","Customer 9953","78406.06"
"5025","Customer 2637","78405.32"
"5026","Customer 8681","78384.30"
"5027","Customer 1541","78381.19"
"5028","Customer 339","78372.76"
"5029","Customer 9176","78348.76"
"5030","Customer 7485","78344.25"
"5031","Customer 4617","78344.18"
"5032","Customer 3158","78341.82"
"5033","Customer 2161","78339.50"
"5034","Customer 7885","78325.18"
"5035","Customer 1023","78320.44"
"5036","Customer 5271","78318.35"
"5037","Customer 7077","78315.53"
"5038","Customer 1984","78297.18"
"5039","Customer 6462","78292.31"
"5040","Customer 9154","78287.86"
"5041","Customer 4725","78287.28"
"5042","Customer 5340","78283.39"
"5043","Customer 4568","78273.39"
"5044","Customer 9197","78266.19"
"5045","Customer 9104","78265.59"
"5046","Customer 3171","78260.03"
"5047","Customer 1395","78259.09"
"5048","Customer 4820","78256.39"
"5049","Customer 5341","78248.37"
"5050","Customer 9095","78236.39"
"5051","Customer 8112","78235.54"
"5052","Customer 5952","78235.49"
"5053","Customer 8730","78227.58"
"5054","Customer 9783","78222.65"
"5055","Customer 5100","78215.12"
"5056","Customer 3842","78187.69"
"5057","Customer 5978","78181.21"
"5058","Customer 9414","78176.31"
"5059","Customer 9766","78162.43"
"5060","Customer 1371","78160.57"
"5061","Customer 4585","78150.76"
"5062","Customer 5183","78142.22"
"5063","Customer 8654","78134.30"
"5064","Customer 8510","78109.53"
"5065","Customer 4066","78064.32"
"5066","Customer 3985","78048.05"
"5067","Customer 5233","78022.70"
"5068","Customer 38","78012.46"
"5069","Customer 6593","78000.59"
"5070","Customer 9207","77999.52"
"5071","Customer 2415","77994.93"
"5072","Customer 3381","77990.22"
"5073","Customer 6176","77987.60"
"5074","Customer 6505","77960.74"
"5075","Customer 4215","77943.55"
"5076","Customer 9617","77933.76"
"5077","Customer 7008","77926.98"
"5078","Customer 9349","77922.60"
"5079","Customer 3153","77922.59"
"5080","Customer 7068","77907.05"
"5081","Customer 5665","77905.08"
"5082","Customer 1556","77883.79"
"5083","Customer 76","77883.30"
"5084","Customer 6096","77882.77"
"5085","Customer 8492","77876.15"
"5086","Customer 990","77872.87"
"5087","Customer 1564","77866.56"
"5088","Customer 44","77857.83"
"5089","Customer 1331","77849.91"
"5090","Customer 1737","77842.45"
"5091","Customer 8203","77818.04"
"5092","Customer 8101","77816.20"
"5093","Customer 3960","77814.14"
"5094","Customer 5010","77810.62"
"5095","Customer 3637","77803.86"
"5096","Customer 2287","77765.02"
"5097","Customer 9042","77727.35"
"5098","Customer 238","77725.26"
"5099","Customer 1367","77723.54"
"5100","Customer 6450","77714.14"
"5101","Customer 2508","77712.52"
"5102","Customer 4133","77697.92"
"5103","Customer 9130","77690.14"
"5104","Customer 977","77681.00"
"5105","Customer 4756","77667.38"
"5106","Customer 9148","77667.15"
"5107","Customer 6352","77665.46"
"5108","Customer 5639","77664.94"
"5109","Customer 9382","77656.58"
"5110","Customer 4958","77629.38"
"5111","Customer 868","77629.23"
"5112","Customer 3948","77628.62"
"5113","Customer 6588","77612.36"
"5114","Customer 4072","77596.26"
"5115","Customer 680","77595.32"
"5116","Customer 6549","77590.86"
"5117","Customer 2442","77583.75"
"5118","Customer 232","77583.10"
"5119","Customer 6364","77575.19"
"5120","Customer 9425","77571.60"
"5121","Customer 5419","77568.43"
"5122","Customer 4392","77567.17"
"5123","Customer 881","77566.60"
"5124","Customer 3327","77551.46"
"5125","Customer 5232","77543.39"
"5126","Customer 9895","77539.25"
"5127","Customer 800","77527.56"
"5128","Customer 1427","77514.36"
"5129","Customer 9263","77506.95"
"5130","Customer 2468","77494.30"
"5131","Customer 1955","77473.31"
"5132","Customer 9388","77470.76"
"5133","Customer 8347","77456.06"
"5134","Customer 1188","77454.50"
"5135","Customer 6112","77451.85"
"5136","Customer 6174","77440.11"
"5137","Customer 8508","77436.14"
"5138","Customer 1376","77430.77"
"5139","Customer 3325","77425.30"
"5140","Customer 9285","77425.22"
"5141","Customer 4824","77423.62"
"5142","Customer 5358","77416.05"
"5143","Customer 381","77414.45"
"5144","Customer 8279","77352.84"
"5145","Customer 1447","77352.31"
"5146","Customer 4828","77349.63"
"5147","Customer 2438","77347.49"
"5148","Customer 5781","77343.76"
"5149","Customer 333","77343.17"
"5150","Customer 5048","77339.25"
"5151","Customer 8739","77329.42"
"5152","Customer 8004","77324.01"
"5153","Customer 2930","77320.99"
"5154","Customer 9066","77318.19"
"5155","Customer 5402","77307.75"
"5156","Customer 799","77299.24"
"5157","Customer 5094","77292.26"
"5158","Customer 7828","77289.26"
"5159","Customer 3405","77274.27"
"5160","Customer 1860","77269.62"
"5161","Customer 8367","77268.27"
"5162","Customer 2280","77261.93"
"5163","Customer 4129","77251.56"
"5164","Customer 7160","77250.78"
"5165","Customer 4736","77245.16"
"5166","Customer 2461","77244.27"
"5167","Customer 1109","77234.78"
"5168","Customer 465","77231.97"
"5169","Customer 3918","77225.84"
"5170","Customer 6428","77221.07"
"5171","Customer 6981","77220.85"
"5172","Customer 7640","77211.20"
"5173","Customer 9796","77208.27"
"5174","Customer 9224","77188.00"
"5175","Customer 5334","77172.66"
"5176","Customer 8270","77168.43"
"5177","Customer 8959","77168.19"
"5178","Customer 6491","77156.76"
"5179","Customer 9479","77149.07"
"5180","Customer 2075","77145.71"
"5181","Customer 7829","77144.19"
"5182","Customer 8659","77137.66"
"5183","Customer 7660","77134.21"
"5184","Customer 5338","77112.09"
"5185","Customer 6710","77105.79"
"5186","Customer 1075","77069.99"
"5187","Customer 6062","77067.12"
"5188","Customer 3707","77053.72"
"5189","Customer 92","77050.80"
"5190","Customer 2667","77034.87"
"5191","Customer 217","77033.30"
"5192","Customer 9434","77029.48"
"5193","Customer 1610","77027.48"
"5194","Customer 6887","77023.70"
"5195","Customer 3355","77003.90"
"5196","Customer 5732","77001.97"
"5197","Customer 2739","76993.42"
"5198","Customer 7763","76987.87"
"5199","Customer 4318","76969.02"
"5200","Customer 7331","76962.70"
"5201","Customer 2753","76948.98"
"5202","Customer 5624","76925.49"
"5203","Customer 6842","76910.66"
"5204","Customer 7170","76909.82"
"5205","Customer 7755","76902.59"
"5206","Customer 901","76896.45"
"5207","Customer 257","76896.20"
"5208","Customer 7906","76895.46"
"5209","Customer 6953","76884.79"
"5210","Customer 9405","76879.10"
"5211","Customer 6615","76877.65"
"5212","Customer 6251","76873.63"
"5213","Customer 5905","76872.77"
"5214","Customer 8677","76843.82"
"5215","Customer 8834","76837.95"
"5216","Customer 2228","76837.05"
"5217","Customer 3490","76830.58"
"5218","Customer 1060","76826.39"
"5219","Customer 3636","76809.45"
"5220","Customer 4184","76798.92"
"5221","Customer 3099","76786.38"
"5222","Customer 3562","76786.19"
"5223","Customer 9933","76783.25"
"5224","Customer 3148","76769.58"
"5225","Customer 3254","76769.00"
"5226","Customer 9509","76762.82"
"5227","Customer 4788","76757.82"
"5228","Customer 1826","76715.85"
"5229","Customer 2547","76715.72"
"5230","Customer 8477","76710.15"
"5231","Customer 4167","76687.82"
"5232","Customer 7964","76681.38"
"5233","Customer 2729","76679.50"
"5234","Customer 1368","76658.37"
"5235","Customer 7589","76658.29"
"5236","Customer 7284","76650.61"
"5237","Customer 4402","76648.43"
"5238","Customer 5134","76647.55"
"5239","Customer 1305","76647.13"
"5240","Customer 8907","76639.26"
"5241","Customer 1127","76628.46"
"5242","Customer 4047","76619.61"
"5243","Customer 3844","76614.80"
"5244","Customer 1657","76604.21"
"5245","Customer 9843","76588.30"
"5246","Customer 7425","76579.51"
"5247","Customer 8003","76577.36"
"5248","Customer 6857","76573.51"
"5249","Customer 6468","76561.52"
"5250","Customer 6514","76554.26"
"5251","Customer 6108","76524.11"
"5252","Customer 1134","76521.10"
"5253","Customer 8155","76520.99"
"5254","Customer 3162","76517.47"
"5255","Customer 2805","76506.69"
"5256","Customer 1286","76493.97"
"5257","Customer 5291","76477.62"
"5258","Customer 1093","76466.91"
"5259","Customer 9854","76466.46"
"5260","Customer 3086","76463.28"
"5261","Customer 3817","76454.14"
"5262","Customer 2131","76422.54"
"5263","Customer 9550","76412.22"
"5264","Customer 5970","76411.46"
"5265","Customer 9868","76406.63"
"5266","Customer 9147","76402.39"
"5267","Customer 693","76400.74"
"5268","Customer 8733","76383.84"
"5269","Customer 5906","76379.66"
"5270","Customer 3410","76378.93"
"5271","Customer 3071","76377.85"
"5272","Customer 3473","76353.48"
"5273","Customer 312","76331.99"
"5274","Customer 6003","76327.94"
"5275","Customer 2867","76327.60"
"5276","Customer 7628","76327.15"
"5277","Customer 8350","76312.44"
"5278","Customer 6016","76302.33"
"5279","Customer 1735","76296.13"
"5280","Customer 265","76295.46"
"5281","Customer 2364","76259.25"
"5282","Customer 4551","76250.21"
"5283","Customer 1523","76242.83"
"5284","Customer 6627","76227.99"
"5285","Customer 1675","76209.44"
"5286","Customer 3416","76205.46"
"5287","Customer 6167","76205.39"
"5288","Customer 9144","76192.58"
"5289","Customer 3729","76191.94"
"5290","Customer 71","76189.24"
"5291","Customer 5057","76186.64"
"5292","Customer 8424","76183.06"
"5293","Customer 7437","76182.89"
"5294","Customer 8800","76178.09"
"5295","Customer 918","76176.44"
"5296","Customer 5604","76174.27"
"5297","Customer 5017","76171.20"
"5298","Customer 8937","76158.63"
"5299","Customer 4896","76148.82"
"5300","Customer 1811","76146.07"
"5301","Customer 356","76144.54"
"5302","Customer 5733","76143.17"
"5303","Customer 8233","76142.86"
"5304","Customer 9314","76140.37"
"5305","Customer 9859","76133.29"
"5306","Customer 8062","76122.32"
"5307","Customer 3175","76120.74"
"5308","Customer 9715","76117.32"
"5309","Customer 6150","76113.40"
"5310","Customer 7752","76110.81"
"5311","Customer 9231","76109.17"
"5312","Customer 5633","76096.35"
"5313","Customer 8738","76092.47"
"5314","Customer 6866","76092.34"
"5315","Customer 6222","76092.19"
"5316","Customer 4734","76086.05"
"5317","Customer 9999","76076.95"
"5318","Customer 9354","76072.74"
"5319","Customer 5511","76069.40"
"5320","Customer 1118","76068.17"
"5321","Customer 9115","76064.10"
"5322","Customer 7085","76062.29"
"5323","Customer 3045","76056.10"
"5324","Customer 9254","76034.35"
"5325","Customer 2882","76010.81"
"5326","Customer 3344","76008.57"
"5327","Customer 2675","75994.32"
"5328","Customer 98","75989.40"
"5329","Customer 7730","75985.51"
"5330","Customer 9679","75972.52"
"5331","Customer 9928","75971.58"
"5332","Customer 5354","75961.44"
"5333","Customer 584","75958.34"
"5334","Customer 554","75958.11"
"5335","Customer 3143","75955.79"
"5336","Customer 1089","75925.67"
"5337","Customer 8046","75923.85"
"5338","Customer 3421","75922.94"
"5339","Customer 6415","75910.77"
"5340","Customer 5319","75909.09"
"5341","Customer 4855","75908.03"
"5342","Customer 7081","75906.53"
"5343","Customer 6772","75896.93"
"5344","Customer 7164","75894.40"
"5345","Customer 783","75870.90"
"5346","Customer 989","75870.31"
"5347","Customer 7276","75862.69"
"5348","Customer 245","75859.00"
"5349","Customer 8344","75850.69"
"5350","Customer 3532","75843.88"
"5351","Customer 8685","75832.75"
"5352","Customer 2119","75824.22"
"5353","Customer 2681","75798.06"
"5354","Customer 1024","75795.44"
"5355","Customer 5726","75794.57"
"5356","Customer 9397","75790.81"
"5357","Customer 9406","75787.37"
"5358","Customer 2310","75772.45"
"5359","Customer 2132","75770.99"
"5360","Customer 6862","75760.09"
"5361","Customer 9849","75757.55"
"5362","Customer 449","75750.24"
"5363","Customer 6848","75735.58"
"5364","Customer 9851","75721.20"
"5365","Customer 9866","75689.58"
"5366","Customer 8106","75685.65"
"5367","Customer 4324","75669.44"
"5368","Customer 3738","75667.68"
"5369","Customer 132","75667.26"
"5370","Customer 8785","75666.32"
"5371","Customer 5093","75660.24"
"5372","Customer 9781","75651.34"
"5373","Customer 3766","75630.00"
"5374","Customer 5200","75614.30"
"5375","Customer 2581","75602.99"
"5376","Customer 921","75593.71"
"5377","Customer 3409","75591.15"
"5378","Customer 6262","75584.31"
"5379","Customer 1763","75582.77"
"5380","Customer 5816","75562.48"
"5381","Customer 9862","75557.64"
"5382","Customer 87","75550.11"
"5383","Customer 7184","75549.37"
"5384","Customer 3330","75546.36"
"5385","Customer 9004","75538.65"
"5386","Customer 8276","75535.39"
"5387","Customer 2783","75534.46"
"5388","Customer 9691","75531.10"
"5389","Customer 7018","75529.34"
"5390","Customer 6811","75526.74"
"5391","Customer 4766","75518.44"
"5392","Customer 4794","75510.25"
"5393","Customer 1190","75508.51"
"5394","Customer 3118","75491.89"
"5395","Customer 7242","75486.88"
"5396","Customer 2086","75485.49"
"5397","Customer 3867","75482.19"
"5398","Customer 9830","75474.54"
"5399","Customer 6351","75453.37"
"5400","Customer 4903","75449.99"
"5401","Customer 3190","75445.42"
"5402","Customer 956","75439.68"
"5403","Customer 2640","75435.09"
"5404","Customer 144","75418.03"
"5405","Customer 8698","75412.89"
"5406","Customer 9966","75412.64"
"5407","Customer 5962","75410.61"
"5408","Customer 2969","75410.06"
"5409","Customer 2101","75402.59"
"5410","Customer 2236","75395.26"
"5411","Customer 4411","75388.62"
"5412","Customer 9311","75374.72"
"5413","Customer 4206","75374.64"
"5414","Customer 8727","75371.62"
"5415","Customer 1959","75366.75"
"5416","Customer 483","75358.49"
"5417","Customer 6652","75355.50"
"5418","Customer 1999","75351.02"
"5419","Customer 2284","75347.69"
"5420","Customer 536","75343.22"
"5421","Customer 5951","75337.09"
"5422","Customer 9136","75335.02"
"5423","Customer 614","75326.31"
"5424","Customer 1911","75323.45"
"5425","Customer 790","75295.23"
"5426","Customer 1814","75288.02"
"5427","Customer 9871","75286.97"
"5428","Customer 523","75280.69"
"5429","Customer 4857","75273.87"
"5430","Customer 3852","75273.12"
"5431","Customer 6983","75270.08"
"5432","Customer 9009","75266.27"
"5433","Customer 105","75263.60"
"5434","Customer 2345","75262.39"
"5435","Customer 5401","75226.52"
"5436","Customer 5368","75209.72"
"5437","Customer 5311","75206.63"
"5438","Customer 4926","75197.45"
"5439","Customer 8695","75180.39"
"5440","Customer 3034","75176.26"
"5441","Customer 1628","75163.45"
"5442","Customer 9219","75144.71"
"5443","Customer 223","75144.58"
"5444","Customer 7304","75135.11"
"5445","Customer 155","75130.88"
"5446","Customer 738","75125.29"
"5447","Customer 1520","75121.47"
"5448","Customer 5120","75109.43"
"5449","Customer 4884","75106.14"
"5450","Customer 6951","75103.86"
"5451","Customer 9546","75097.22"
"5452","Customer 9948","75091.42"
"5453","Customer 8680","75071.80"
"5454","Customer 5677","75066.81"
"5455","Customer 2484","75051.66"
"5456","Customer 1145","75050.50"
"5457","Customer 9806","75049.95"
"5458","Customer 3102","75049.20"
"5459","Customer 2622","75046.22"
"5460","Customer 9006","75045.71"
"5461","Customer 4316","75042.83"
"5462","Customer 5533","75041.98"
"5463","Customer 4664","75031.97"
"5464","Customer 7458","75030.06"
"5465","Customer 5620","75026.40"
"5466","Customer 2538","75021.78"
"5467","Customer 3676","75021.33"
"5468","Customer 4514","75020.86"
"5469","Customer 972","75017.63"
"5470","Customer 2679","75009.12"
"5471","Customer 3348","74979.02"
"5472","Customer 9883","74974.68"
"5473","Customer 6753","74968.58"
"5474","Customer 704","74966.22"
"5475","Customer 8286","74960.94"
"5476","Customer 2392","74946.01"
"5477","Customer 3345","74917.90"
"5478","Customer 2924","74904.27"
"5479","Customer 7126","74902.77"
"5480","Customer 4115","74897.94"
"5481","Customer 7896","74895.89"
"5482","Customer 274","74893.07"
"5483","Customer 323","74890.11"
"5484","Customer 6794","74873.58"
"5485","Customer 4257","74873.02"
"5486","Customer 2908","74865.86"
"5487","Customer 1972","74861.73"
"5488","Customer 6837","74852.87"
"5489","Customer 833","74843.50"
"5490","Customer 1297","74840.54"
"5491","Customer 5884","74837.27"
"5492","Customer 2849","74822.97"
"5493","Customer 8670","74821.24"
"5494","Customer 6427","74820.25"
"5495","Customer 8040","74808.20"
"5496","Customer 6","74803.16"
"5497","Customer 2691","74799.11"
"5498","Customer 7065","74798.46"
"5499","Customer 481","74784.47"
"5500","Customer 4978","74777.65"
"5501","Customer 9643","74767.51"
"5502","Customer 9166","74762.35"
"5503","Customer 9798","74756.94"
"5504","Customer 861","74746.82"
"5505","Customer 6440","74730.82"
"5506","Customer 7547","74729.99"
"5507","Customer 8547","74729.66"
"5508","Customer 8840","74727.50"
"5509","Customer 605","74725.24"
"5510","Customer 342","74697.75"
"5511","Customer 4626","74687.64"
"5512","Customer 7817","74674.18"
"5513","Customer 376","74672.58"
"5514","Customer 9412","74663.08"
"5515","Customer 7511","74656.17"
"5516","Customer 715","74637.72"
"5517","Customer 5102","74625.63"
"5518","Customer 8667","74625.37"
"5519","Customer 1120","74619.14"
"5520","Customer 6395","74594.48"
"5521","Customer 3424","74590.69"
"5522","Customer 9389","74584.60"
"5523","Customer 847","74582.20"
"5524","Customer 6115","74565.58"
"5525","Customer 2272","74557.02"
"5526","Customer 4275","74556.84"
"5527","Customer 445","74550.48"
"5528","Customer 4174","74548.01"
"5529","Customer 5404","74527.59"
"5530","Customer 2920","74520.22"
"5531","Customer 6007","74517.26"
"5532","Customer 3936","74515.86"
"5533","Customer 3596","74511.04"
"5534","Customer 8375","74487.59"
"5535","Customer 5158","74479.77"
"5536","Customer 4902","74476.99"
"5537","Customer 1642","74465.00"
"5538","Customer 4531","74463.13"
"5539","Customer 1164","74462.76"
"5540","Customer 4836","74440.98"
"5541","Customer 7879","74436.35"
"5542","Customer 1397","74417.03"
"5543","Customer 2880","74410.37"
"5544","Customer 6891","74405.51"
"5545","Customer 6289","74393.88"
"5546","Customer 1666","74392.27"
"5547","Customer 573","74388.62"
"5548","Customer 675","74385.47"
"5549","Customer 1050","74382.92"
"5550","Customer 8247","74379.82"
"5551","Customer 9654","74364.36"
"5552","Customer 8133","74362.55"
"5553","Customer 508","74357.45"
"5554","Customer 6432","74355.95"
"5555","Customer 4973","74350.32"
"5556","Customer 2516","74344.78"
"5557","Customer 1186","74327.07"
"5558","Customer 4425","74309.94"
"5559","Customer 1696","74303.96"
"5560","Customer 4266","74303.85"
"5561","Customer 1784","74301.64"
"5562","Customer 3271","74294.02"
"5563","Customer 9132","74277.84"
"5564","Customer 89","74277.10"
"5565","Customer 2911","74276.19"
"5566","Customer 6818","74274.93"
"5567","Customer 1659","74266.11"
"5568","Customer 8887","74265.35"
"5569","Customer 2787","74260.15"
"5570","Customer 7075","74256.84"
"5571","Customer 7090","74249.22"
"5572","Customer 9911","74240.37"
"5573","Customer 775","74227.68"
"5574","Customer 4804","74216.76"
"5575","Customer 1026","74213.03"
"5576","Customer 7698","74191.59"
"5577","Customer 2549","74175.73"
"5578","Customer 5743","74163.35"
"5579","Customer 8080","74160.26"
"5580","Customer 1925","74159.60"
"5581","Customer 400","74156.98"
"5582","Customer 6651","74151.22"
"5583","Customer 6258","74145.94"
"5584","Customer 8663","74139.36"
"5585","Customer 3533","74139.00"
"5586","Customer 3677","74127.28"
"5587","Customer 4366","74125.46"
"5588","Customer 4396","74117.92"
"5589","Customer 9890","74098.77"
"5590","Customer 4338","74095.15"
"5591","Customer 7427","74090.91"
"5592","Customer 5729","74080.56"
"5593","Customer 1567","74064.27"
"5594","Customer 6676","74061.46"
"5595","Customer 4930","74061.06"
"5596","Customer 7455","74037.34"
"5597","Customer 7125","74002.46"
"5598","Customer 2876","73981.84"
"5599","Customer 5038","73977.60"
"5600","Customer 3573","73959.37"
"5601","Customer 4558","73957.46"
"5602","Customer 4938","73951.62"
"5603","Customer 4323","73941.67"
"5604","Customer 8301","73936.27"
"5605","Customer 7971","73936.11"
"5606","Customer 352","73933.29"
"5607","Customer 9205","73927.64"
"5608","Customer 8266","73911.37"
"5609","Customer 6655","73908.95"
"5610","Customer 4854","73889.08"
"5611","Customer 4127","73878.05"
"5612","Customer 365","73871.88"
"5613","Customer 4771","73869.81"
"5614","Customer 8843","73862.36"
"5615","Customer 623","73859.02"
"5616","Customer 1082","73855.55"
"5617","Customer 5185","73855.42"
"5618","Customer 3822","73819.66"
"5619","Customer 7726","73811.31"
"5620","Customer 8051","73807.59"
"5621","Customer 7581","73804.48"
"5622","Customer 6290","73768.02"
"5623","Customer 9907","73747.82"
"5624","Customer 329","73744.49"
"5625","Customer 4041","73720.79"
"5626","Customer 877","73712.79"
"5627","Customer 3400","73704.76"
"5628","Customer 3140","73700.13"
"5629","Customer 1551","73684.41"
"5630","Customer 3062","73683.10"
"5631","Customer 3767","73678.44"
"5632","Customer 7982","73670.31"
"5633","Customer 7253","73665.87"
"5634","Customer 185","73664.84"
"5635","Customer 3023","73663.72"
"5636","Customer 9962","73661.25"
"5637","Customer 2716","73658.80"
"5638","Customer 4368","73657.81"
"5639","Customer 4217","73653.88"
"5640","Customer 818","73634.98"
"5641","Customer 2874","73624.75"
"5642","Customer 4925","73620.16"
"5643","Customer 6183","73614.64"
"5644","Customer 3727","73610.31"
"5645","Customer 9212","73601.17"
"5646","Customer 7974","73590.68"
"5647","Customer 7913","73589.94"
"5648","Customer 3604","73584.41"
"5649","Customer 8891","73582.98"
"5650","Customer 3889","73567.56"
"5651","Customer 722","73565.65"
"5652","Customer 8948","73545.54"
"5653","Customer 4354","73537.38"
"5654","Customer 261","73535.20"
"5655","Customer 4290","73528.04"
"5656","Customer 1269","73522.93"
"5657","Customer 3525","73521.05"
"5658","Customer 1689","73512.28"
"5659","Customer 8399","73509.88"
"5660","Customer 5584","73508.70"
"5661","Customer 2335","73504.78"
"5662","Customer 2219","73486.99"
"5663","Customer 4911","73461.30"
"5664","Customer 1332","73457.71"
"5665","Customer 2510","73455.86"
"5666","Customer 5711","73453.25"
"5667","Customer 3164","73445.25"
"5668","Customer 3696","73440.06"
"5669","Customer 5710","73429.61"
"5670","Customer 6733","73419.93"
"5671","Customer 5870","73415.03"
"5672","Customer 1129","73409.56"
"5673","Customer 736","73404.43"
"5674","Customer 1543","73373.73"
"5675","Customer 3651","73372.53"
"5676","Customer 820","73372.33"
"5677","Customer 1828","73363.66"
"5678","Customer 1593","73349.04"
"5679","Customer 9526","73344.59"
"5680","Customer 4939","73327.80"
"5681","Customer 5011","73325.01"
"5682","Customer 3793","73324.04"
"5683","Customer 8380","73322.97"
"5684","Customer 6833","73315.47"
"5685","Customer 2036","73313.82"
"5686","Customer 6444","73301.22"
"5687","Customer 742","73301.12"
"5688","Customer 6875","73295.56"
"5689","Customer 8295","73292.45"
"5690","Customer 9826","73288.61"
"5691","Customer 9432","73287.55"
"5692","Customer 5087","73275.53"
"5693","Customer 6269","73265.50"
"5694","Customer 2031","73258.68"
"5695","Customer 502","73249.34"
"5696","Customer 7493","73236.76"
"5697","Customer 3720","73236.24"
"5698","Customer 805","73228.43"
"5699","Customer 175","73207.72"
"5700","Customer 3128","73206.36"
"5701","Customer 5651","73199.43"
"5702","Customer 7247","73194.32"
"5703","Customer 1934","73188.56"
"5704","Customer 8304","73175.08"
"5705","Customer 5841","73160.78"
"5706","Customer 345","73154.31"
"5707","Customer 7712","73148.39"
"5708","Customer 2331","73141.78"
"5709","Customer 7739","73132.46"
"5710","Customer 302","73118.95"
"5711","Customer 7275","73108.40"
"5712","Customer 664","73107.82"
"5713","Customer 2771","73101.17"
"5714","Customer 6407","73092.78"
"5715","Customer 1568","73087.99"
"5716","Customer 9451","73067.44"
"5717","Customer 8611","73065.66"
"5718","Customer 3718","73065.10"
"5719","Customer 3715","73059.78"
"5720","Customer 9565","73057.51"
"5721","Customer 686","73049.30"
"5722","Customer 5386","73020.94"
"5723","Customer 133","73017.28"
"5724","Customer 3251","73010.42"
"5725","Customer 2258","73000.49"
"5726","Customer 1507","72996.00"
"5727","Customer 6082","72982.24"
"5728","Customer 5797","72977.40"
"5729","Customer 2208","72975.07"
"5730","Customer 8630","72969.34"
"5731","Customer 9295","72962.67"
"5732","Customer 5880","72951.58"
"5733","Customer 3246","72948.91"
"5734","Customer 5502","72948.48"
"5735","Customer 4291","72944.52"
"5736","Customer 2660","72944.51"
"5737","Customer 5207","72935.37"
"5738","Customer 5190","72927.15"
"5739","Customer 8376","72920.91"
"5740","Customer 5395","72911.85"
"5741","Customer 6099","72910.28"
"5742","Customer 293","72909.42"
"5743","Customer 3442","72908.37"
"5744","Customer 3184","72899.54"
"5745","Customer 304","72896.41"
"5746","Customer 9732","72895.31"
"5747","Customer 199","72890.58"
"5748","Customer 4051","72889.89"
"5749","Customer 7481","72871.95"
"5750","Customer 1979","72861.57"
"5751","Customer 859","72856.87"
"5752","Customer 1090","72850.69"
"5753","Customer 5192","72835.47"
"5754","Customer 9775","72816.28"
"5755","Customer 7508","72814.28"
"5756","Customer 1498","72796.14"
"5757","Customer 5167","72794.18"
"5758","Customer 7744","72774.15"
"5759","Customer 3169","72768.67"
"5760","Customer 893","72755.96"
"5761","Customer 780","72746.60"
"5762","Customer 6326","72745.86"
"5763","Customer 1374","72730.44"
"5764","Customer 6002","72729.51"
"5765","Customer 9356","72726.20"
"5766","Customer 3484","72726.09"
"5767","Customer 1830","72721.59"
"5768","Customer 534","72720.56"
"5769","Customer 2312","72710.45"
"5770","Customer 6200","72708.65"
"5771","Customer 9931","72675.85"
"5772","Customer 3965","72669.69"
"5773","Customer 4882","72665.30"
"5774","Customer 1530","72658.69"
"5775","Customer 9924","72643.68"
"5776","Customer 9116","72643.04"
"5777","Customer 1681","72639.93"
"5778","Customer 2953","72638.69"
"5779","Customer 1205","72626.97"
"5780","Customer 7778","72616.70"
"5781","Customer 1424","72613.69"
"5782","Customer 2853","72601.34"
"5783","Customer 9246","72598.24"
"5784","Customer 1561","72578.54"
"5785","Customer 8612","72571.33"
"5786","Customer 9681","72570.72"
"5787","Customer 4304","72569.43"
"5788","Customer 3082","72565.94"
"5789","Customer 2854","72562.47"
"5790","Customer 8646","72551.76"
"5791","Customer 2659","72549.53"
"5792","Customer 3236","72537.67"
"5793","Customer 84","72536.63"
"5794","Customer 2068","72529.84"
"5795","Customer 1228","72513.50"
"5796","Customer 9504","72510.62"
"5797","Customer 3090","72500.21"
"5798","Customer 8650","72499.40"
"5799","Customer 8660","72496.44"
"5800","Customer 5105","72496.24"
"5801","Customer 7211","72489.76"
"5802","Customer 4339","72484.17"
"5803","Customer 2440","72474.01"
"5804","Customer 6311","72469.47"
"5805","Customer 3009","72467.17"
"5806","Customer 7161","72462.33"
"5807","Customer 9989","72457.31"
"5808","Customer 2601","72439.99"
"5809","Customer 9149","72431.25"
"5810","Customer 4989","72411.13"
"5811","Customer 4491","72411.09"
"5812","Customer 2254","72389.24"
"5813","Customer 7861","72388.08"
"5814","Customer 1540","72385.90"
"5815","Customer 9394","72372.21"
"5816","Customer 1980","72369.10"
"5817","Customer 7843","72355.66"
"5818","Customer 5603","72349.94"
"5819","Customer 8703","72338.72"
"5820","Customer 279","72321.84"
"5821","Customer 6530","72321.35"
"5822","Customer 3831","72316.34"
"5823","Customer 867","72314.55"
"5824","Customer 6208","72313.17"
"5825","Customer 6572","72287.51"
"5826","Customer 8420","72263.18"
"5827","Customer 7756","72231.36"
"5828","Customer 224","72215.70"
"5829","Customer 889","72193.18"
"5830","Customer 7091","72190.90"
"5831","Customer 874","72183.01"
"5832","Customer 6646","72174.50"
"5833","Customer 1825","72171.81"
"5834","Customer 4469","72169.41"
"5835","Customer 2605","72145.64"
"5836","Customer 6278","72144.19"
"5837","Customer 1512","72131.17"
"5838","Customer 4443","72119.60"
"5839","Customer 5117","72118.63"
"5840","Customer 9503","72118.03"
"5841","Customer 242","72110.03"
"5842","Customer 1402","72109.91"
"5843","Customer 5199","72108.70"
"5844","Customer 8392","72108.34"
"5845","Customer 7606","72101.45"
"5846","Customer 2288","72082.26"
"5847","Customer 2350","72067.19"
"5848","Customer 5023","72066.35"
"5849","Customer 9511","72032.86"
"5850","Customer 969","72029.81"
"5851","Customer 1971","72023.50"
"5852","Customer 6795","72003.96"
"5853","Customer 1683","72001.48"
"5854","Customer 8811","71985.59"
"5855","Customer 3769","71978.11"
"5856","Customer 7855","71974.80"
"5857","Customer 6376","71974.06"
"5858","Customer 3353","71969.96"
"5859","Customer 3799","71961.64"
"5860","Customer 3217","71953.19"
"5861","Customer 97","71936.36"
"5862","Customer 1462","71928.58"
"5863","Customer 9416","71922.71"
"5864","Customer 9059","71906.39"
"5865","Customer 9080","71904.70"
"5866","Customer 9730","71888.72"
"5867","Customer 9595","71854.14"
"5868","Customer 5391","71852.82"
"5869","Customer 7921","71846.07"
"5870","Customer 7955","71845.11"
"5871","Customer 1690","71842.94"
"5872","Customer 2053","71837.71"
"5873","Customer 466","71830.98"
"5874","Customer 2050","71829.07"
"5875","Customer 1740","71823.42"
"5876","Customer 4990","71809.41"
"5877","Customer 6947","71808.46"
"5878","Customer 1674","71792.97"
"5879","Customer 5133","71791.47"
"5880","Customer 2962","71790.63"
"5881","Customer 5672","71789.83"
"5882","Customer 3992","71774.89"
"5883","Customer 7168","71742.06"
"5884","Customer 7711","71738.22"
"5885","Customer 5597","71724.31"
"5886","Customer 2899","71722.01"
"5887","Customer 935","71716.35"
"5888","Customer 1517","71715.18"
"5889","Customer 2375","71713.65"
"5890","Customer 4905","71711.08"
"5891","Customer 3049","71709.17"
"5892","Customer 5961","71698.62"
"5893","Customer 416","71697.16"
"5894","Customer 6656","71689.38"
"5895","Customer 6328","71686.93"
"5896","Customer 9162","71686.86"
"5897","Customer 2133","71675.14"
"5898","Customer 1614","71674.13"
"5899","Customer 8259","71668.93"
"5900","Customer 4873","71668.75"
"5901","Customer 539","71658.85"
"5902","Customer 4974","71647.83"
"5903","Customer 2059","71646.23"
"5904","Customer 8485","71644.97"
"5905","Customer 4504","71644.88"
"5906","Customer 1437","71630.66"
"5907","Customer 5408","71615.29"
"5908","Customer 7381","71608.05"
"5909","Customer 5774","71594.58"
"5910","Customer 6920","71591.68"
"5911","Customer 1028","71571.46"
"5912","Customer 2834","71567.76"
"5913","Customer 5193","71556.66"
"5914","Customer 6977","71542.28"
"5915","Customer 4209","71532.13"
"5916","Customer 6499","71530.49"
"5917","Customer 9876","71525.92"
"5918","Customer 6129","71520.71"
"5919","Customer 6194","71518.51"
"5920","Customer 8085","71512.70"
"5921","Customer 5164","71498.99"
"5922","Customer 8993","71496.46"
"5923","Customer 3170","71490.44"
"5924","Customer 1154","71489.88"
"5925","Customer 9408","71478.32"
"5926","Customer 937","71471.79"
"5927","Customer 8576","71471.77"
"5928","Customer 2732","71465.78"
"5929","Customer 713","71464.94"
"5930","Customer 4153","71441.57"
"5931","Customer 1074","71440.30"
"5932","Customer 760","71438.66"
"5933","Customer 7820","71434.97"
"5934","Customer 1625","71433.55"
"5935","Customer 1463","71425.30"
"5936","Customer 5184","71423.63"
"5937","Customer 6808","71423.46"
"5938","Customer 8615","71408.72"
"5939","Customer 7096","71406.23"
"5940","Customer 7809","71401.69"
"5941","Customer 7102","71396.26"
"5942","Customer 5047","71395.95"
"5943","Customer 9634","71395.57"
"5944","Customer 5030","71375.68"
"5945","Customer 2819","71373.08"
"5946","Customer 3249","71373.07"
"5947","Customer 514","71351.16"
"5948","Customer 1000","71342.29"
"5949","Customer 4016","71330.34"
"5950","Customer 8317","71319.86"
"5951","Customer 7687","71308.80"
"5952","Customer 8020","71298.78"
"5953","Customer 9315","71283.31"
"5954","Customer 3892","71281.52"
"5955","Customer 476","71259.13"
"5956","Customer 9377","71255.77"
"5957","Customer 885","71231.63"
"5958","Customer 1101","71229.52"
"5959","Customer 4169","71226.00"
"5960","Customer 8025","71214.28"
"5961","Customer 6800","71214.12"
"5962","Customer 4693","71203.42"
"5963","Customer 731","71201.13"
"5964","Customer 3101","71197.73"
"5965","Customer 685","71180.42"
"5966","Customer 4798","71179.99"
"5967","Customer 3126","71176.04"
"5968","Customer 4099","71164.49"
"5969","Customer 727","71161.79"
"5970","Customer 142","71158.92"
"5971","Customer 8825","71149.51"
"5972","Customer 2043","71147.92"
"5973","Customer 3678","71145.69"
"5974","Customer 5039","71135.46"
"5975","Customer 8302","71129.33"
"5976","Customer 2368","71116.57"
"5977","Customer 4279","71110.21"
"5978","Customer 9932","71101.50"
"5979","Customer 5877","71101.11"
"5980","Customer 7158","71098.34"
"5981","Customer 7742","71058.00"
"5982","Customer 2255","71049.36"
"5983","Customer 1453","71039.88"
"5984","Customer 7863","71036.18"
"5985","Customer 5441","71036.05"
"5986","Customer 5753","71033.86"
"5987","Customer 7480","71031.61"
"5988","Customer 6766","71019.70"
"5989","Customer 30","71014.23"
"5990","Customer 1515","71013.66"
"5991","Customer 1988","71009.32"
"5992","Customer 6678","70984.37"
"5993","Customer 2998","70967.19"
"5994","Customer 6885","70961.75"
"5995","Customer 3517","70953.31"
"5996","Customer 8097","70952.59"
"5997","Customer 370","70944.08"
"5998","Customer 2013","70936.72"
"5999","Customer 7691","70934.23"
"6000","Customer 5847","70933.53"
"6001","Customer 1611","70928.83"
"6002","Customer 3222","70928.76"
"6003","Customer 9119","70928.37"
"6004","Customer 7612","70917.29"
"6005","Customer 2627","70915.66"
"6006","Customer 7444","70911.77"
"6007","Customer 3800","70910.36"
"6008","Customer 2992","70891.25"
"6009","Customer 9396","70890.48"
"6010","Customer 1859","70873.67"
"6011","Customer 6036","70870.01"
"6012","Customer 4453","70864.71"
"6013","Customer 9330","70856.29"
"6014","Customer 180","70856.02"
"6015","Customer 6734","70850.66"
"6016","Customer 6810","70838.19"
"6017","Customer 2777","70832.80"
"6018","Customer 4071","70815.67"
"6019","Customer 5060","70798.74"
"6020","Customer 373","70788.63"
"6021","Customer 8368","70773.83"
"6022","Customer 3897","70768.81"
"6023","Customer 8954","70763.20"
"6024","Customer 5561","70762.12"
"6025","Customer 827","70756.51"
"6026","Customer 6089","70756.31"
"6027","Customer 4666","70750.70"
"6028","Customer 1757","70747.98"
"6029","Customer 600","70736.81"
"6030","Customer 7588","70735.48"
"6031","Customer 9326","70732.41"
"6032","Customer 9863","70729.02"
"6033","Customer 632","70724.31"
"6034","Customer 5767","70723.13"
"6035","Customer 4688","70719.24"
"6036","Customer 5013","70715.40"
"6037","Customer 3502","70711.19"
"6038","Customer 9221","70696.91"
"6039","Customer 9630","70695.12"
"6040","Customer 1650","70682.60"
"6041","Customer 9190","70664.98"
"6042","Customer 755","70658.18"
"6043","Customer 9518","70648.31"
"6044","Customer 7587","70639.51"
"6045","Customer 9556","70630.72"
"6046","Customer 2687","70627.85"
"6047","Customer 5921","70609.62"
"6048","Customer 8816","70606.48"
"6049","Customer 3395","70606.44"
"6050","Customer 3212","70604.54"
"6051","Customer 3193","70587.93"
"6052","Customer 586","70579.48"
"6053","Customer 359","70569.96"
"6054","Customer 1058","70567.32"
"6055","Customer 3686","70562.47"
"6056","Customer 5976","70547.73"
"6057","Customer 6072","70544.30"
"6058","Customer 7334","70515.18"
"6059","Customer 3393","70479.40"
"6060","Customer 9510","70465.25"
"6061","Customer 8468","70464.57"
"6062","Customer 7069","70462.74"
"6063","Customer 8709","70453.81"
"6064","Customer 301","70449.34"
"6065","Customer 1449","70444.66"
"6066","Customer 6756","70438.39"
"6067","Customer 8439","70429.10"
"6068","Customer 9632","70423.89"
"6069","Customer 2082","70421.64"
"6070","Customer 1685","70399.97"
"6071","Customer 7609","70397.17"
"6072","Customer 3438","70394.24"
"6073","Customer 4649","70389.16"
"6074","Customer 2857","70378.18"
"6075","Customer 2558","70369.21"
"6076","Customer 487","70363.41"
"6077","Customer 6902","70347.76"
"6078","Customer 3645","70343.59"
"6079","Customer 1263","70341.68"
"6080","Customer 9050","70322.85"
"6081","Customer 9579","70322.84"
"6082","Customer 2591","70322.54"
"6083","Customer 2292","70307.56"
"6084","Customer 3627","70306.64"
"6085","Customer 7670","70302.89"
"6086","Customer 2757","70301.86"
"6087","Customer 1640","70299.95"
"6088","Customer 9712","70293.47"
"6089","Customer 9847","70281.37"
"6090","Customer 3761","70279.88"
"6091","Customer 9491","70272.01"
"6092","Customer 8770","70271.08"
"6093","Customer 913","70262.12"
"6094","Customer 2363","70261.52"
"6095","Customer 2214","70259.95"
"6096","Customer 6690","70253.98"
"6097","Customer 7734","70251.72"
"6098","Customer 2054","70251.08"
"6099","Customer 3816","70245.75"
"6100","Customer 9007","70244.68"
"6101","Customer 8407","70236.27"
"6102","Customer 6165","70232.77"
"6103","Customer 3488","70232.56"
"6104","Customer 9756","70231.26"
"6105","Customer 7573","70203.96"
"6106","Customer 2704","70196.33"
"6107","Customer 6551","70186.37"
"6108","Customer 4900","70180.93"
"6109","Customer 9704","70156.20"
"6110","Customer 6286","70133.44"
"6111","Customer 3141","70129.27"
"6112","Customer 3273","70123.79"
"6113","Customer 5869","70105.91"
"6114","Customer 3514","70100.05"
"6115","Customer 7194","70086.97"
"6116","Customer 3077","70078.42"
"6117","Customer 267","70063.16"
"6118","Customer 4587","70058.56"
"6119","Customer 5290","70048.21"
"6120","Customer 2572","70041.47"
"6121","Customer 774","70022.24"
"6122","Customer 7685","70020.63"
"6123","Customer 1262","70020.33"
"6124","Customer 7368","70019.40"
"6125","Customer 9832","70002.97"
"6126","Customer 7216","69994.35"
"6127","Customer 879","69989.32"
"6128","Customer 2100","69986.12"
"6129","Customer 3215","69982.39"
"6130","Customer 2156","69974.15"
"6131","Customer 2324","69958.97"
"6132","Customer 5452","69949.42"
"6133","Customer 7112","69945.12"
"6134","Customer 4303","69938.29"
"6135","Customer 2205","69935.14"
"6136","Customer 205","69897.68"
"6137","Customer 7128","69885.28"
"6138","Customer 3520","69882.54"
"6139","Customer 724","69874.26"
"6140","Customer 1284","69867.75"
"6141","Customer 8742","69860.64"
"6142","Customer 706","69853.57"
"6143","Customer 9251","69852.07"
"6144","Customer 5886","69838.97"
"6145","Customer 1232","69836.45"
"6146","Customer 210","69821.69"
"6147","Customer 8878","69820.88"
"6148","Customer 6335","69820.30"
"6149","Customer 7344","69804.81"
"6150","Customer 1079","69796.48"
"6151","Customer 1677","69795.36"
"6152","Customer 8134","69768.39"
"6153","Customer 1812","69756.96"
"6154","Customer 9079","69728.29"
"6155","Customer 8136","69722.92"
"6156","Customer 3349","69716.13"
"6157","Customer 9392","69703.01"
"6158","Customer 5103","69700.37"
"6159","Customer 1978","69695.27"
"6160","Customer 6169","69693.53"
"6161","Customer 8374","69691.95"
"6162","Customer 439","69679.18"
"6163","Customer 9036","69677.71"
"6164","Customer 3492","69676.40"
"6165","Customer 4764","69657.66"
"6166","Customer 477","69652.43"
"6167","Customer 2432","69648.98"
"6168","Customer 1217","69635.23"
"6169","Customer 49","69633.35"
"6170","Customer 3519","69632.04"
"6171","Customer 5138","69626.88"
"6172","Customer 9792","69620.67"
"6173","Customer 5859","69619.73"
"6174","Customer 8586","69618.19"
"6175","Customer 108","69616.22"
"6176","Customer 1407","69587.56"
"6177","Customer 5471","69587.47"
"6178","Customer 1633","69569.62"
"6179","Customer 6270","69566.43"
"6180","Customer 5437","69564.70"
"6181","Customer 3691","69563.81"
"6182","Customer 8373","69553.51"
"6183","Customer 9272","69550.47"
"6184","Customer 6246","69548.28"
"6185","Customer 176","69547.10"
"6186","Customer 8647","69541.99"
"6187","Customer 1606","69539.52"
"6188","Customer 3680","69530.18"
"6189","Customer 4936","69529.09"
"6190","Customer 5196","69516.44"
"6191","Customer 1013","69512.37"
"6192","Customer 7401","69508.35"
"6193","Customer 6455","69507.93"
"6194","Customer 1087","69505.50"
"6195","Customer 9572","69504.85"
"6196","Customer 6900","69504.78"
"6197","Customer 4957","69496.56"
"6198","Customer 583","69457.54"
"6199","Customer 3010","69450.40"
"6200","Customer 6451","69443.22"
"6201","Customer 9335","69433.54"
"6202","Customer 2427","69425.78"
"6203","Customer 1769","69418.07"
"6204","Customer 9243","69412.08"
"6205","Customer 5450","69406.48"
"6206","Customer 8482","69390.41"
"6207","Customer 5856","69389.82"
"6208","Customer 886","69384.64"
"6209","Customer 1266","69378.27"
"6210","Customer 9857","69373.85"
"6211","Customer 954","69363.99"
"6212","Customer 4682","69362.27"
"6213","Customer 7392","69356.31"
"6214","Customer 6557","69354.79"
"6215","Customer 8763","69350.94"
"6216","Customer 1099","69350.46"
"6217","Customer 810","69350.31"
"6218","Customer 1113","69345.93"
"6219","Customer 3853","69343.60"
"6220","Customer 8284","69340.29"
"6221","Customer 9858","69319.21"
"6222","Customer 7852","69315.26"
"6223","Customer 7320","69315.03"
"6224","Customer 7850","69272.66"
"6225","Customer 7870","69270.27"
"6226","Customer 4086","69269.43"
"6227","Customer 8627","69265.59"
"6228","Customer 3920","69264.68"
"6229","Customer 2221","69263.81"
"6230","Customer 9993","69262.10"
"6231","Customer 4374","69247.52"
"6232","Customer 5251","69207.59"
"6233","Customer 890","69206.33"
"6234","Customer 3534","69185.11"
"6235","Customer 7716","69184.23"
"6236","Customer 9163","69183.93"
"6237","Customer 9150","69176.33"
"6238","Customer 8163","69173.88"
"6239","Customer 8443","69164.51"
"6240","Customer 938","69144.65"
"6241","Customer 9536","69137.80"
"6242","Customer 5119","69136.19"
"6243","Customer 5257","69133.65"
"6244","Customer 8875","69125.00"
"6245","Customer 5275","69118.83"
"6246","Customer 9288","69104.24"
"6247","Customer 1533","69102.01"
"6248","Customer 9034","69100.75"
"6249","Customer 8756","69098.80"
"6250","Customer 5096","69084.92"
"6251","Customer 2865","69073.92"
"6252","Customer 6966","69067.57"
"6253","Customer 1198","69065.27"
"6254","Customer 1207","69053.96"
"6255","Customer 7330","69051.79"
"6256","Customer 7667","69043.43"
"6257","Customer 8197","69042.73"
"6258","Customer 3840","69040.03"
"6259","Customer 492","69025.01"
"6260","Customer 8715","69020.77"
"6261","Customer 2990","69018.80"
"6262","Customer 3558","69017.28"
"6263","Customer 8686","69009.40"
"6264","Customer 4370","69008.86"
"6265","Customer 9946","69006.14"
"6266","Customer 6101","69004.83"
"6267","Customer 4963","69000.66"
"6268","Customer 5333","68987.17"
"6269","Customer 1531","68958.15"
"6270","Customer 5324","68951.60"
"6271","Customer 5497","68951.58"
"6272","Customer 8707","68949.51"
"6273","Customer 3232","68948.16"
"6274","Customer 6480","68947.02"
"6275","Customer 7743","68941.46"
"6276","Customer 1973","68932.53"
"6277","Customer 3851","68928.15"
"6278","Customer 5516","68920.60"
"6279","Customer 6397","68912.96"
"6280","Customer 8945","68900.66"
"6281","Customer 8422","68900.25"
"6282","Customer 7142","68882.68"
"6283","Customer 6563","68879.88"
"6284","Customer 7973","68866.03"
"6285","Customer 8265","68852.26"
"6286","Customer 7011","68842.57"
"6287","Customer 1042","68839.64"
"6288","Customer 8732","68836.28"
"6289","Customer 3055","68836.17"
"6290","Customer 1330","68825.18"
"6291","Customer 9994","68823.82"
"6292","Customer 3646","68820.02"
"6293","Customer 8639","68817.02"
"6294","Customer 8430","68796.15"
"6295","Customer 2583","68767.99"
"6296","Customer 1678","68755.46"
"6297","Customer 8131","68751.57"
"6298","Customer 9318","68751.29"
"6299","Customer 3067","68749.21"
"6300","Customer 907","68746.18"
"6301","Customer 6218","68734.73"
"6302","Customer 9430","68733.28"
"6303","Customer 1488","68721.07"
"6304","Customer 3387","68718.64"
"6305","Customer 4027","68717.90"
"6306","Customer 4565","68713.74"
"6307","Customer 9174","68713.36"
"6308","Customer 804","68712.40"
"6309","Customer 7503","68692.03"
"6310","Customer 8791","68683.77"
"6311","Customer 7070","68666.64"
"6312","Customer 8951","68661.11"
"6313","Customer 5707","68639.34"
"6314","Customer 5883","68617.98"
"6315","Customer 9040","68612.15"
"6316","Customer 670","68609.91"
"6317","Customer 5939","68583.43"
"6318","Customer 4904","68580.01"
"6319","Customer 141","68569.07"
"6320","Customer 5997","68568.99"
"6321","Customer 9450","68560.69"
"6322","Customer 1404","68550.11"
"6323","Customer 3005","68529.97"
"6324","Customer 3583","68513.83"
"6325","Customer 1544","68505.14"
"6326","Customer 8752","68499.21"
"6327","Customer 8316","68485.40"
"6328","Customer 9433","68485.34"
"6329","Customer 6135","68483.27"
"6330","Customer 9884","68471.58"
"6331","Customer 3900","68469.08"
"6332","Customer 8490","68459.97"
"6333","Customer 3888","68454.68"
"6334","Customer 1158","68447.19"
"6335","Customer 4848","68442.78"
"6336","Customer 1346","68420.66"
"6337","Customer 6259","68416.92"
"6338","Customer 3124","68414.68"
"6339","Customer 9022","68403.00"
"6340","Customer 6863","68392.84"
"6341","Customer 6209","68390.98"
"6342","Customer 5623","68388.69"
"6343","Customer 5860","68387.46"
"6344","Customer 6484","68379.11"
"6345","Customer 8157","68378.30"
"6346","Customer 3938","68357.21"
"6347","Customer 218","68347.46"
"6348","Customer 7303","68346.03"
"6349","Customer 3675","68313.35"
"6350","Customer 4226","68311.56"
"6351","Customer 6743","68310.26"
"6352","Customer 6266","68309.88"
"6353","Customer 9670","68295.83"
"6354","Customer 7705","68291.25"
"6355","Customer 5141","68290.77"
"6356","Customer 3830","68277.07"
"6357","Customer 7348","68264.08"
"6358","Customer 8045","68259.61"
"6359","Customer 4423","68256.44"
"6360","Customer 3704","68252.80"
"6361","Customer 7443","68252.43"
"6362","Customer 2289","68243.36"
"6363","Customer 566","68239.76"
"6364","Customer 5407","68237.29"
"6365","Customer 2506","68233.63"
"6366","Customer 9069","68222.42"
"6367","Customer 2991","68220.91"
"6368","Customer 6047","68216.08"
"6369","Customer 7295","68213.83"
"6370","Customer 7764","68211.15"
"6371","Customer 5180","68202.16"
"6372","Customer 469","68194.85"
"6373","Customer 2391","68187.77"
"6374","Customer 7858","68180.84"
"6375","Customer 5599","68174.41"
"6376","Customer 9606","68169.41"
"6377","Customer 3333","68167.50"
"6378","Customer 496","68159.60"
"6379","Customer 6892","68149.13"
"6380","Customer 2656","68137.14"
"6381","Customer 7282","68129.10"
"6382","Customer 8248","68118.36"
"6383","Customer 3564","68100.19"
"6384","Customer 4659","68097.52"
"6385","Customer 8135","68095.32"
"6386","Customer 6442","68081.25"
"6387","Customer 3621","68074.07"
"6388","Customer 5683","68073.16"
"6389","Customer 6672","68064.17"
"6390","Customer 3179","68056.05"
"6391","Customer 1519","68055.37"
"6392","Customer 4201","68051.36"
"6393","Customer 2543","68044.49"
"6394","Customer 6696","68033.07"
"6395","Customer 1398","68023.57"
"6396","Customer 3427","68014.67"
"6397","Customer 9555","68013.37"
"6398","Customer 3331","68004.90"
"6399","Customer 9754","68000.57"
"6400","Customer 9480","67991.55"
"6401","Customer 5512","67948.13"
"6402","Customer 3791","67944.73"
"6403","Customer 1149","67940.42"
"6404","Customer 6996","67933.08"
"6405","Customer 7770","67921.17"
"6406","Customer 7395","67920.43"
"6407","Customer 7361","67917.87"
"6408","Customer 1302","67913.13"
"6409","Customer 1707","67911.34"
"6410","Customer 1165","67890.65"
"6411","Customer 6930","67881.81"
"6412","Customer 2371","67878.07"
"6413","Customer 8369","67872.80"
"6414","Customer 3401","67872.67"
"6415","Customer 8237","67867.84"
"6416","Customer 24","67853.58"
"6417","Customer 4481","67847.22"
"6418","Customer 1649","67844.20"
"6419","Customer 6620","67823.93"
"6420","Customer 1799","67819.35"
"6421","Customer 6367","67816.62"
"6422","Customer 9252","67809.66"
"6423","Customer 3004","67783.92"
"6424","Customer 1270","67763.61"
"6425","Customer 8635","67733.49"
"6426","Customer 5237","67726.86"
"6427","Customer 1002","67721.66"
"6428","Customer 5868","67697.77"
"6429","Customer 6564","67694.86"
"6430","Customer 9105","67687.04"
"6431","Customer 5989","67666.40"
"6432","Customer 8479","67666.13"
"6433","Customer 897","67664.01"
"6434","Customer 4104","67659.52"
"6435","Customer 1170","67654.40"
"6436","Customer 9955","67641.97"
"6437","Customer 8087","67638.71"
"6438","Customer 1478","67627.81"
"6439","Customer 6482","67617.53"
"6440","Customer 7549","67617.29"
"6441","Customer 884","67612.43"
"6442","Customer 9032","67607.78"
"6443","Customer 869","67591.10"
"6444","Customer 9309","67590.54"
"6445","Customer 4929","67580.62"
"6446","Customer 7217","67567.11"
"6447","Customer 7205","67564.34"
"6448","Customer 3479","67555.79"
"6449","Customer 2598","67552.92"
"6450","Customer 5941","67551.25"
"6451","Customer 1537","67550.32"
"6452","Customer 4195","67523.93"
"6453","Customer 4753","67500.95"
"6454","Customer 3346","67485.88"
"6455","Customer 8943","67485.49"
"6456","Customer 4113","67481.21"
"6457","Customer 7576","67468.66"
"6458","Customer 7592","67466.27"
"6459","Customer 5364","67464.38"
"6460","Customer 6984","67459.56"
"6461","Customer 544","67458.11"
"6462","Customer 7254","67456.47"
"6463","Customer 4621","67451.45"
"6464","Customer 593","67447.00"
"6465","Customer 8298","67445.26"
"6466","Customer 4286","67440.56"
"6467","Customer 3737","67432.87"
"6468","Customer 9347","67428.25"
"6469","Customer 7513","67400.33"
"6470","Customer 1702","67397.76"
"6471","Customer 1356","67388.47"
"6472","Customer 3679","67375.67"
"6473","Customer 5448","67371.96"
"6474","Customer 5949","67362.77"
"6475","Customer 7846","67338.47"
"6476","Customer 3075","67332.43"
"6477","Customer 3305","67327.05"
"6478","Customer 5637","67317.65"
"6479","Customer 2498","67317.61"
"6480","Customer 5018","67292.90"
"6481","Customer 300","67289.97"
"6482","Customer 7111","67285.87"
"6483","Customer 3875","67249.22"
"6484","Customer 9306","67242.87"
"6485","Customer 8852","67229.17"
"6486","Customer 3690","67225.38"
"6487","Customer 6836","67224.63"
"6488","Customer 3811","67216.17"
"6489","Customer 2532","67213.94"
"6490","Customer 6038","67213.30"
"6491","Customer 6250","67212.59"
"6492","Customer 4951","67208.00"
"6493","Customer 7336","67201.52"
"6494","Customer 3638","67196.24"
"6495","Customer 5537","67171.05"
"6496","Customer 2305","67168.85"
"6497","Customer 143","67161.26"
"6498","Customer 1218","67159.68"
"6499","Customer 9482","67155.88"
"6500","Customer 7048","67142.99"
"6501","Customer 4264","67135.07"
"6502","Customer 33","67126.49"
"6503","Customer 2523","67121.03"
"6504","Customer 4690","67107.13"
"6505","Customer 9746","67104.89"
"6506","Customer 737","67091.58"
"6507","Customer 5752","67086.34"
"6508","Customer 8725","67058.65"
"6509","Customer 834","67038.18"
"6510","Customer 308","67032.44"
"6511","Customer 9276","67014.81"
"6512","Customer 5218","67013.54"
"6513","Customer 6022","67012.31"
"6514","Customer 8448","67003.75"
"6515","Customer 7324","66979.95"
"6516","Customer 6952","66978.03"
"6517","Customer 4927","66972.76"
"6518","Customer 4386","66968.40"
"6519","Customer 4681","66961.65"
"6520","Customer 3013","66955.35"
"6521","Customer 9439","66953.89"
"6522","Customer 7565","66943.19"
"6523","Customer 1792","66941.93"
"6524","Customer 1546","66941.25"
"6525","Customer 2657","66917.68"
"6526","Customer 3207","66913.89"
"6527","Customer 1348","66909.08"
"6528","Customer 7735","66908.42"
"6529","Customer 8567","66903.05"
"6530","Customer 5298","66902.92"
"6531","Customer 9070","66880.10"
"6532","Customer 9214","66876.26"
"6533","Customer 8673","66862.03"
"6534","Customer 1370","66860.39"
"6535","Customer 7793","66858.38"
"6536","Customer 9440","66856.24"
"6537","Customer 4552","66855.26"
"6538","Customer 1947","66847.90"
"6539","Customer 1624","66829.81"
"6540","Customer 6281","66824.03"
"6541","Customer 953","66820.10"
"6542","Customer 3279","66816.62"
"6543","Customer 1594","66811.61"
"6544","Customer 7250","66808.05"
"6545","Customer 766","66802.67"
"6546","Customer 5496","66797.40"
"6547","Customer 8666","66796.00"
"6548","Customer 3826","66781.69"
"6549","Customer 1293","66748.74"
"6550","Customer 5717","66744.46"
"6551","Customer 2838","66744.24"
"6552","Customer 8534","66729.02"
"6553","Customer 2785","66721.09"
"6554","Customer 3226","66714.12"
"6555","Customer 4730","66701.64"
"6556","Customer 4962","66692.28"
"6557","Customer 3283","66689.79"
"6558","Customer 7557","66689.16"
"6559","Customer 8116","66688.29"
"6560","Customer 5303","66684.29"
"6561","Customer 8023","66682.90"
"6562","Customer 311","66670.63"
"6563","Customer 3225","66668.58"
"6564","Customer 7296","66655.67"
"6565","Customer 7390","66626.80"
"6566","Customer 6611","66626.62"
"6567","Customer 6897","66620.21"
"6568","Customer 2939","66619.70"
"6569","Customer 8321","66611.66"
"6570","Customer 5855","66608.97"
"6571","Customer 716","66590.22"
"6572","Customer 9135","66590.18"
"6573","Customer 7375","66588.08"
"6574","Customer 241","66582.10"
"6575","Customer 2719","66576.56"
"6576","Customer 8542","66565.99"
"6577","Customer 1483","66563.50"
"6578","Customer 1254","66562.21"
"6579","Customer 8658","66561.76"
"6580","Customer 3281","66537.47"
"6581","Customer 4500","66537.14"
"6582","Customer 7474","66528.05"
"6583","Customer 4436","66505.25"
"6584","Customer 8935","66474.32"
"6585","Customer 8886","66463.61"
"6586","Customer 32","66444.36"
"6587","Customer 6178","66423.46"
"6588","Customer 7173","66423.24"
"6589","Customer 3480","66420.90"
"6590","Customer 7774","66419.87"
"6591","Customer 9973","66408.05"
"6592","Customer 8629","66401.93"
"6593","Customer 5986","66375.88"
"6594","Customer 6960","66369.98"
"6595","Customer 8797","66348.75"
"6596","Customer 5077","66344.37"
"6597","Customer 6867","66336.18"
"6598","Customer 4668","66332.95"
"6599","Customer 4494","66331.02"
"6600","Customer 9566","66325.77"
"6601","Customer 2257","66321.00"
"6602","Customer 3137","66318.26"
"6603","Customer 1337","66305.72"
"6604","Customer 6973","66294.69"
"6605","Customer 1806","66293.26"
"6606","Customer 2837","66292.24"
"6607","Customer 2226","66284.81"
"6608","Customer 7121","66275.68"
"6609","Customer 2635","66258.39"
"6610","Customer 8920","66257.46"
"6611","Customer 4126","66254.57"
"6612","Customer 1386","66254.35"
"6613","Customer 4075","66252.85"
"6614","Customer 8603","66252.51"
"6615","Customer 5050","66250.44"
"6616","Customer 6788","66248.23"
"6617","Customer 2929","66238.69"
"6618","Customer 1085","66233.54"
"6619","Customer 9248","66220.56"
"6620","Customer 1435","66208.19"
"6621","Customer 5146","66205.11"
"6622","Customer 6910","66196.42"
"6623","Customer 4996","66194.00"
"6624","Customer 4096","66182.04"
"6625","Customer 5684","66178.45"
"6626","Customer 2933","66164.63"
"6627","Customer 6643","66149.36"
"6628","Customer 7993","66128.21"
"6629","Customer 9098","66118.45"
"6630","Customer 1439","66115.19"
"6631","Customer 9192","66115.18"
"6632","Customer 6151","66111.58"
"6633","Customer 9893","66093.73"
"6634","Customer 7136","66088.09"
"6635","Customer 8577","66077.16"
"6636","Customer 7238","66072.63"
"6637","Customer 7918","66070.71"
"6638","Customer 1494","66068.13"
"6639","Customer 6741","66050.75"
"6640","Customer 8082","66046.03"
"6641","Customer 3407","66039.19"
"6642","Customer 6825","66028.68"
"6643","Customer 8991","66020.22"
"6644","Customer 8765","66015.48"
"6645","Customer 6705","66008.55"
"6646","Customer 2584","66001.45"
"6647","Customer 3060","65999.52"
"6648","Customer 6114","65985.21"
"6649","Customer 6559","65974.48"
"6650","Customer 1314","65971.25"
"6651","Customer 1930","65967.13"
"6652","Customer 1160","65953.57"
"6653","Customer 5337","65950.39"
"6654","Customer 427","65941.70"
"6655","Customer 3240","65926.06"
"6656","Customer 4334","65924.23"
"6657","Customer 4477","65923.74"
"6658","Customer 2714","65920.08"
"6659","Customer 8978","65909.09"
"6660","Customer 9141","65908.52"
"6661","Customer 8979","65907.08"
"6662","Customer 4157","65898.26"
"6663","Customer 9375","65894.91"
"6664","Customer 5409","65877.15"
"6665","Customer 1524","65867.81"
"6666","Customer 4380","65863.95"
"6667","Customer 8892","65856.76"
"6668","Customer 9143","65849.87"
"6669","Customer 2186","65841.77"
"6670","Customer 326","65839.94"
"6671","Customer 3276","65832.15"
"6672","Customer 7697","65830.74"
"6673","Customer 371","65825.35"
"6674","Customer 1408","65805.43"
"6675","Customer 3307","65803.17"
"6676","Customer 8139","65801.23"
"6677","Customer 8779","65800.15"
"6678","Customer 565","65796.89"
"6679","Customer 4345","65789.09"
"6680","Customer 4362","65781.70"
"6681","Customer 4589","65776.96"
"6682","Customer 7799","65750.44"
"6683","Customer 2907","65746.50"
"6684","Customer 8947","65740.51"
"6685","Customer 6457","65729.34"
"6686","Customer 3722","65727.19"
"6687","Customer 2388","65721.46"
"6688","Customer 5475","65699.37"
"6689","Customer 3616","65696.13"
"6690","Customer 2189","65693.38"
"6691","Customer 6006","65690.48"
"6692","Customer 8805","65686.20"
"6693","Customer 7979","65663.51"
"6694","Customer 7536","65655.44"
"6695","Customer 4010","65646.97"
"6696","Customer 3726","65636.19"
"6697","Customer 4109","65630.69"
"6698","Customer 6542","65629.07"
"6699","Customer 7895","65607.47"
"6700","Customer 3091","65596.69"
"6701","Customer 612","65586.64"
"6702","Customer 1308","65584.18"
"6703","Customer 1032","65575.10"
"6704","Customer 6516","65569.69"
"6705","Customer 2976","65559.34"
"6706","Customer 7414","65526.41"
"6707","Customer 6414","65526.21"
"6708","Customer 4662","65522.65"
"6709","Customer 4976","65520.56"
"6710","Customer 6280","65518.58"
"6711","Customer 9506","65514.97"
"6712","Customer 7024","65511.51"
"6713","Customer 2764","65506.80"
"6714","Customer 9444","65504.98"
"6715","Customer 3928","65497.46"
"6716","Customer 4772","65493.17"
"6717","Customer 4689","65490.30"
"6718","Customer 9963","65476.75"
"6719","Customer 1869","65475.63"
"6720","Customer 5873","65460.80"
"6721","Customer 5606","65459.04"
"6722","Customer 3762","65458.97"
"6723","Customer 6293","65455.19"
"6724","Customer 454","65442.56"
"6725","Customer 6487","65411.55"
"6726","Customer 2204","65406.44"
"6727","Customer 934","65387.85"
"6728","Customer 9118","65386.10"
"6729","Customer 9795","65381.84"
"6730","Customer 5306","65381.74"
"6731","Customer 1133","65364.44"
"6732","Customer 7001","65363.85"
"6733","Customer 7844","65355.89"
"6734","Customer 8766","65352.89"
"6735","Customer 8461","65352.81"
"6736","Customer 2842","65340.21"
"6737","Customer 6865","65331.13"
"6738","Customer 1249","65330.10"
"6739","Customer 4004","65328.74"
"6740","Customer 5800","65309.54"
"6741","Customer 5702","65309.27"
"6742","Customer 3057","65304.83"
"6743","Customer 9590","65302.85"
"6744","Customer 6307","65294.76"
"6745","Customer 7460","65291.34"
"6746","Customer 4826","65289.60"
"6747","Customer 4254","65273.72"
"6748","Customer 4097","65263.84"
"6749","Customer 8012","65263.27"
"6750","Customer 2864","65256.72"
"6751","Customer 3871","65249.64"
"6752","Customer 4046","65244.32"
"6753","Customer 6537","65239.58"
"6754","Customer 9018","65233.97"
"6755","Customer 6785","65225.61"
"6756","Customer 9044","65222.44"
"6757","Customer 7531","65211.92"
"6758","Customer 1654","65197.23"
"6759","Customer 9142","65186.24"
"6760","Customer 743","65168.89"
"6761","Customer 4899","65165.62"
"6762","Customer 5091","65165.17"
"6763","Customer 6316","65153.63"
"6764","Customer 7723","65139.33"
"6765","Customer 5182","65121.84"
"6766","Customer 4091","65095.18"
"6767","Customer 8744","65081.47"
"6768","Customer 1850","65072.58"
"6769","Customer 8406","65069.93"
"6770","Customer 580","65051.12"
"6771","Customer 2734","65051.06"
"6772","Customer 8815","65046.79"
"6773","Customer 2410","65025.45"
"6774","Customer 3188","65023.29"
"6775","Customer 5946","65017.56"
"6776","Customer 5530","65012.34"
"6777","Customer 6580","65004.96"
"6778","Customer 484","65004.21"
"6779","Customer 2844","64985.89"
"6780","Customer 8306","64962.39"
"6781","Customer 4216","64961.92"
"6782","Customer 1877","64950.33"
"6783","Customer 294","64922.19"
"6784","Customer 5674","64913.08"
"6785","Customer 318","64892.39"
"6786","Customer 8410","64888.16"
"6787","Customer 2183","64887.26"
"6788","Customer 747","64849.79"
"6789","Customer 983","64843.22"
"6790","Customer 8281","64839.16"
"6791","Customer 9294","64838.96"
"6792","Customer 5919","64821.58"
"6793","Customer 2595","64817.98"
"6794","Customer 5682","64813.00"
"6795","Customer 2029","64798.90"
"6796","Customer 2580","64789.99"
"6797","Customer 4088","64789.23"
"6798","Customer 2212","64786.09"
"6799","Customer 8872","64778.29"
"6800","Customer 405","64778.01"
"6801","Customer 6937","64777.45"
"6802","Customer 343","64776.85"
"6803","Customer 8889","64776.84"
"6804","Customer 1364","64771.78"
"6805","Customer 8345","64732.16"
"6806","Customer 4897","64721.05"
"6807","Customer 8285","64711.70"
"6808","Customer 8464","64704.32"
"6809","Customer 8916","64681.75"
"6810","Customer 4300","64679.75"
"6811","Customer 2610","64668.43"
"6812","Customer 2513","64667.64"
"6813","Customer 3775","64663.31"
"6814","Customer 4544","64657.34"
"6815","Customer 1721","64650.56"
"6816","Customer 7860","64646.68"
"6817","Customer 320","64642.01"
"6818","Customer 8543","64638.73"
"6819","Customer 5159","64636.52"
"6820","Customer 7671","64636.23"
"6821","Customer 4146","64630.98"
"6822","Customer 5543","64625.19"
"6823","Customer 9667","64624.46"
"6824","Customer 3020","64613.46"
"6825","Customer 5966","64607.20"
"6826","Customer 401","64601.65"
"6827","Customer 4480","64558.51"
"6828","Customer 8506","64557.25"
"6829","Customer 5191","64555.29"
"6830","Customer 4628","64548.77"
"6831","Customer 8109","64543.15"
"6832","Customer 5106","64533.91"
"6833","Customer 9935","64532.65"
"6834","Customer 3287","64526.73"
"6835","Customer 6098","64518.49"
"6836","Customer 446","64518.42"
"6837","Customer 7787","64516.32"
"6838","Customer 1253","64505.95"
"6839","Customer 2571","64505.57"
"6840","Customer 1400","64481.66"
"6841","Customer 5758","64472.44"
"6842","Customer 6274","64469.54"
"6843","Customer 1759","64460.73"
"6844","Customer 4839","64460.67"
"6845","Customer 5479","64459.21"
"6846","Customer 5267","64455.79"
"6847","Customer 764","64452.05"
"6848","Customer 9123","64451.21"
"6849","Customer 1057","64446.95"
"6850","Customer 516","64433.35"
"6851","Customer 5718","64431.19"
"6852","Customer 1839","64390.28"
"6853","Customer 6990","64363.12"
"6854","Customer 2299","64354.17"
"6855","Customer 3397","64341.58"
"6856","Customer 9484","64338.09"
"6857","Customer 7072","64335.11"
"6858","Customer 1239","64334.28"
"6859","Customer 8489","64319.48"
"6860","Customer 5891","64314.44"
"6861","Customer 88","64314.35"
"6862","Customer 4515","64313.17"
"6863","Customer 5602","64309.97"
"6864","Customer 8226","64309.26"
"6865","Customer 9310","64308.40"
"6866","Customer 6413","64305.05"
"6867","Customer 2636","64287.42"
"6868","Customer 4914","64284.80"
"6869","Customer 8539","64277.59"
"6870","Customer 5107","64277.08"
"6871","Customer 8769","64270.02"
"6872","Customer 6577","64268.50"
"6873","Customer 3083","64245.94"
"6874","Customer 1991","64219.07"
"6875","Customer 3555","64204.97"
"6876","Customer 3260","64198.94"
"6877","Customer 6606","64194.09"
"6878","Customer 9657","64191.91"
"6879","Customer 3595","64190.60"
"6880","Customer 1175","64169.72"
"6881","Customer 4031","64165.23"
"6882","Customer 702","64159.54"
"6883","Customer 4353","64146.43"
"6884","Customer 5569","64141.13"
"6885","Customer 6476","64124.47"
"6886","Customer 754","64122.63"
"6887","Customer 3757","64115.04"
"6888","Customer 3415","64103.48"
"6889","Customer 4674","64101.37"
"6890","Customer 925","64098.24"
"6891","Customer 3713","64094.12"
"6892","Customer 396","64080.46"
"6893","Customer 7986","64074.02"
"6894","Customer 5575","64067.03"
"6895","Customer 6709","64058.00"
"6896","Customer 8098","64050.47"
"6897","Customer 2038","64049.74"
"6898","Customer 5363","64045.99"
"6899","Customer 2399","64045.01"
"6900","Customer 9974","64043.71"
"6901","Customer 9211","64041.24"
"6902","Customer 1993","64035.56"
"6903","Customer 271","64018.71"
"6904","Customer 6384","64018.68"
"6905","Customer 2411","64014.10"
"6906","Customer 9427","64009.54"
"6907","Customer 2963","64006.95"
"6908","Customer 8019","64000.54"
"6909","Customer 3730","63991.94"
"6910","Customer 9277","63988.78"
"6911","Customer 7088","63984.36"
"6912","Customer 9721","63974.92"
"6913","Customer 896","63971.97"
"6914","Customer 5969","63948.38"
"6915","Customer 5842","63946.03"
"6916","Customer 3369","63941.85"
"6917","Customer 4331","63932.06"
"6918","Customer 3907","63921.85"
"6919","Customer 8257","63916.83"
"6920","Customer 9544","63896.45"
"6921","Customer 6229","63891.97"
"6922","Customer 6070","63889.05"
"6923","Customer 4572","63861.98"
"6924","Customer 8529","63857.94"
"6925","Customer 6014","63844.21"
"6926","Customer 1252","63835.91"
"6927","Customer 8043","63816.07"
"6928","Customer 7857","63795.94"
"6929","Customer 5022","63788.23"
"6930","Customer 1409","63785.26"
"6931","Customer 654","63778.37"
"6932","Customer 1730","63778.33"
"6933","Customer 5916","63766.49"
"6934","Customer 3310","63754.99"
"6935","Customer 430","63733.80"
"6936","Customer 3471","63710.07"
"6937","Customer 5956","63700.56"
"6938","Customer 9438","63698.41"
"6939","Customer 9459","63696.89"
"6940","Customer 2796","63692.32"
"6941","Customer 8313","63683.11"
"6942","Customer 5274","63668.85"
"6943","Customer 4781","63652.83"
"6944","Customer 530","63634.74"
"6945","Customer 6330","63624.93"
"6946","Customer 3396","63620.35"
"6947","Customer 5924","63612.08"
"6948","Customer 8550","63593.61"
"6949","Customer 5369","63593.52"
"6950","Customer 7086","63576.82"
"6951","Customer 6456","63576.49"
"6952","Customer 3568","63552.70"
"6953","Customer 6337","63551.76"
"6954","Customer 5357","63547.67"
"6955","Customer 2996","63527.60"
"6956","Customer 7516","63525.41"
"6957","Customer 2466","63507.75"
"6958","Customer 2888","63506.86"
"6959","Customer 6927","63462.44"
"6960","Customer 6565","63456.52"
"6961","Customer 6941","63443.86"
"6962","Customer 2227","63441.67"
"6963","Customer 4383","63439.90"
"6964","Customer 8900","63438.00"
"6965","Customer 3560","63435.93"
"6966","Customer 7954","63421.85"
"6967","Customer 7202","63415.74"
"6968","Customer 7021","63410.68"
"6969","Customer 2349","63380.50"
"6970","Customer 1429","63360.11"
"6971","Customer 8246","63349.37"
"6972","Customer 8018","63345.13"
"6973","Customer 4640","63330.76"
"6974","Customer 4909","63314.06"
"6975","Customer 278","63310.06"
"6976","Customer 287","63294.25"
"6977","Customer 1622","63276.09"
"6978","Customer 5699","63262.76"
"6979","Customer 9902","63251.67"
"6980","Customer 4123","63245.29"
"6981","Customer 2252","63238.63"
"6982","Customer 529","63228.34"
"6983","Customer 3631","63222.72"
"6984","Customer 7772","63219.42"
"6985","Customer 8076","63194.94"
"6986","Customer 9140","63192.99"
"6987","Customer 5411","63189.60"
"6988","Customer 9235","63185.80"
"6989","Customer 7762","63168.07"
"6990","Customer 8349","63159.00"
"6991","Customer 8631","63150.22"
"6992","Customer 7948","63147.57"
"6993","Customer 9419","63147.17"
"6994","Customer 3987","63128.77"
"6995","Customer 3546","63128.02"
"6996","Customer 5761","63119.05"
"6997","Customer 786","63118.00"
"6998","Customer 8274","63114.19"
"6999","Customer 3870","63099.84"
"7000","Customer 8939","63090.78"
"7001","Customer 1514","63085.23"
"7002","Customer 6664","63076.49"
"7003","Customer 1001","63075.02"
"7004","Customer 2259","63072.25"
"7005","Customer 5799","63046.78"
"7006","Customer 5446","63043.46"
"7007","Customer 1280","63034.07"
"7008","Customer 5472","63018.07"
"7009","Customer 8462","63012.81"
"7010","Customer 4790","63000.11"
"7011","Customer 4705","62996.83"
"7012","Customer 7220","62992.35"
"7013","Customer 2393","62980.37"
"7014","Customer 8498","62980.10"
"7015","Customer 2993","62979.42"
"7016","Customer 9666","62969.05"
"7017","Customer 471","62945.60"
"7018","Customer 2010","62939.27"
"7019","Customer 222","62933.20"
"7020","Customer 2463","62931.70"
"7021","Customer 3274","62921.00"
"7022","Customer 8370","62898.82"
"7023","Customer 3272","62886.55"
"7024","Customer 6488","62847.28"
"7025","Customer 6747","62842.57"
"7026","Customer 2893","62837.53"
"7027","Customer 4377","62830.97"
"7028","Customer 9577","62805.04"
"7029","Customer 888","62801.72"
"7030","Customer 5336","62801.20"
"7031","Customer 5467","62794.46"
"7032","Customer 4144","62792.61"
"7033","Customer 2489","62790.86"
"7034","Customer 5342","62784.29"
"7035","Customer 9233","62782.67"
"7036","Customer 7914","62774.51"
"7037","Customer 5459","62769.31"
"7038","Customer 2351","62760.72"
"7039","Customer 4655","62759.98"
"7040","Customer 9771","62757.49"
"7041","Customer 8616","62756.46"
"7042","Customer 2946","62756.40"
"7043","Customer 8801","62753.33"
"7044","Customer 2343","62741.66"
"7045","Customer 9513","62734.90"
"7046","Customer 395","62721.51"
"7047","Customer 7849","62710.71"
"7048","Customer 2788","62703.83"
"7049","Customer 8706","62694.26"
"7050","Customer 4770","62694.01"
"7051","Customer 7402","62693.12"
"7052","Customer 8580","62686.31"
"7053","Customer 570","62682.88"
"7054","Customer 7047","62677.90"
"7055","Customer 1813","62668.16"
"7056","Customer 5822","62648.10"
"7057","Customer 9403","62640.97"
"7058","Customer 9991","62632.04"
"7059","Customer 7082","62628.64"
"7060","Customer 9193","62628.50"
"7061","Customer 1275","62628.17"
"7062","Customer 3625","62620.92"
"7063","Customer 6105","62620.32"
"7064","Customer 6932","62595.30"
"7065","Customer 777","62579.80"
"7066","Customer 8198","62565.55"
"7067","Customer 5410","62560.75"
"7068","Customer 8207","62545.93"
"7069","Customer 7006","62542.03"
"7070","Customer 7970","62534.93"
"7071","Customer 6546","62532.90"
"7072","Customer 5031","62507.60"
"7073","Customer 3431","62496.78"
"7074","Customer 2275","62495.11"
"7075","Customer 5535","62477.04"
"7076","Customer 4877","62459.09"
"7077","Customer 2578","62453.82"
"7078","Customer 9874","62448.93"
"7079","Customer 1525","62417.46"
"7080","Customer 2207","62411.06"
"7081","Customer 1886","62409.91"
"7082","Customer 2743","62407.31"
"7083","Customer 6049","62404.74"
"7084","Customer 2459","62401.78"
"7085","Customer 6391","62392.85"
"7086","Customer 5044","62391.49"
"7087","Customer 9191","62387.91"
"7088","Customer 2294","62378.48"
"7089","Customer 4778","62360.61"
"7090","Customer 3988","62356.38"
"7091","Customer 4050","62344.58"
"7092","Customer 7120","62341.65"
"7093","Customer 4211","62331.57"
"7094","Customer 1851","62310.40"
"7095","Customer 5696","62296.92"
"7096","Customer 2630","62268.95"
"7097","Customer 9985","62264.77"
"7098","Customer 1595","62255.03"
"7099","Customer 8932","62247.97"
"7100","Customer 6707","62245.63"
"7101","Customer 5344","62245.47"
"7102","Customer 260","62239.98"
"7103","Customer 3980","62236.33"
"7104","Customer 1039","62220.55"
"7105","Customer 280","62219.86"
"7106","Customer 1603","62204.81"
"7107","Customer 6287","62177.58"
"7108","Customer 6663","62175.22"
"7109","Customer 9204","62169.22"
"7110","Customer 2274","62153.98"
"7111","Customer 1070","62141.95"
"7112","Customer 2891","62135.64"
"7113","Customer 2728","62131.94"
"7114","Customer 1794","62122.48"
"7115","Customer 3945","62112.81"
"7116","Customer 1612","62111.71"
"7117","Customer 1590","62110.86"
"7118","Customer 7758","62096.80"
"7119","Customer 1184","62089.94"
"7120","Customer 701","62081.00"
"7121","Customer 6525","62079.22"
"7122","Customer 2209","62078.72"
"7123","Customer 5389","62078.14"
"7124","Customer 5212","62078.00"
"7125","Customer 464","62044.74"
"7126","Customer 920","62040.24"
"7127","Customer 499","62038.82"
"7128","Customer 4519","62031.36"
"7129","Customer 2820","62028.39"
"7130","Customer 813","62015.50"
"7131","Customer 2065","62015.35"
"7132","Customer 944","62009.83"
"7133","Customer 6523","62006.64"
"7134","Customer 423","61997.26"
"7135","Customer 4747","61993.45"
"7136","Customer 4160","61970.16"
"7137","Customer 9113","61964.01"
"7138","Customer 9787","61963.51"
"7139","Customer 8433","61927.38"
"7140","Customer 4474","61900.51"
"7141","Customer 1739","61891.66"
"7142","Customer 1342","61884.34"
"7143","Customer 305","61875.62"
"7144","Customer 7888","61849.84"
"7145","Customer 4680","61832.65"
"7146","Customer 2541","61828.77"
"7147","Customer 741","61827.83"
"7148","Customer 5751","61822.74"
"7149","Customer 37","61814.35"
"7150","Customer 8792","61810.46"
"7151","Customer 7104","61807.42"
"7152","Customer 7652","61799.15"
"7153","Customer 5195","61794.80"
"7154","Customer 7377","61791.94"
"7155","Customer 4597","61782.81"
"7156","Customer 6279","61775.10"
"7157","Customer 5760","61773.72"
"7158","Customer 56","61767.89"
"7159","Customer 2956","61767.30"
"7160","Customer 2190","61758.99"
"7161","Customer 4501","61747.51"
"7162","Customer 4864","61743.46"
"7163","Customer 2179","61715.43"
"7164","Customer 1137","61713.00"
"7165","Customer 4550","61708.23"
"7166","Customer 9483","61704.44"
"7167","Customer 8692","61672.46"
"7168","Customer 8841","61665.96"
"7169","Customer 3536","61654.10"
"7170","Customer 3050","61648.24"
"7171","Customer 1802","61638.96"
"7172","Customer 5262","61637.69"
"7173","Customer 6261","61629.54"
"7174","Customer 3754","61622.38"
"7175","Customer 8693","61622.32"
"7176","Customer 9995","61618.23"
"7177","Customer 714","61610.51"
"7178","Customer 2408","61601.77"
"7179","Customer 8998","61598.94"
"7180","Customer 3883","61594.88"
"7181","Customer 414","61579.34"
"7182","Customer 4131","61560.94"
"7183","Customer 4037","61559.85"
"7184","Customer 1868","61558.85"
"7185","Customer 5137","61558.76"
"7186","Customer 9056","61551.10"
"7187","Customer 1240","61549.03"
"7188","Customer 4220","61544.36"
"7189","Customer 7371","61541.49"
"7190","Customer 9467","61538.20"
"7191","Customer 6673","61520.61"
"7192","Customer 9880","61502.02"
"7193","Customer 4288","61495.11"
"7194","Customer 9547","61489.13"
"7195","Customer 4602","61474.20"
"7196","Customer 2925","61472.32"
"7197","Customer 8391","61467.81"
"7198","Customer 3011","61447.27"
"7199","Customer 3612","61444.29"
"7200","Customer 6236","61434.36"
"7201","Customer 2978","61422.71"
"7202","Customer 3453","61416.02"
"7203","Customer 2401","61413.92"
"7204","Customer 3624","61407.79"
"7205","Customer 7802","61407.05"
"7206","Customer 1908","61389.57"
"7207","Customer 5531","61376.81"
"7208","Customer 5326","61374.78"
"7209","Customer 8384","61370.47"
"7210","Customer 8334","61364.44"
"7211","Customer 7169","61349.94"
"7212","Customer 6703","61349.17"
"7213","Customer 7676","61344.58"
"7214","Customer 814","61335.52"
"7215","Customer 5834","61333.22"
"7216","Customer 5065","61332.85"
"7217","Customer 8573","61260.79"
"7218","Customer 2262","61256.28"
"7219","Customer 4349","61248.44"
"7220","Customer 1285","61246.49"
"7221","Customer 1600","61232.27"
"7222","Customer 2072","61230.20"
"7223","Customer 903","61230.14"
"7224","Customer 184","61228.10"
"7225","Customer 1173","61221.09"
"7226","Customer 4445","61220.22"
"7227","Customer 7684","61219.79"
"7228","Customer 2525","61217.59"
"7229","Customer 1035","61209.57"
"7230","Customer 3915","61208.38"
"7231","Customer 635","61200.32"
"7232","Customer 8505","61200.20"
"7233","Customer 9750","61196.97"
"7234","Customer 1841","61188.43"
"7235","Customer 2194","61186.30"
"7236","Customer 5209","61185.78"
"7237","Customer 135","61167.07"
"7238","Customer 8582","61161.23"
"7239","Customer 2848","61154.83"
"7240","Customer 5574","61154.77"
"7241","Customer 7731","61144.24"
"7242","Customer 3710","61141.90"
"7243","Customer 7636","61141.00"
"7243","Customer 8390","61141.00"
"7245","Customer 2175","61137.95"
"7246","Customer 8041","61125.33"
"7247","Customer 9413","61112.79"
"7248","Customer 3316","61097.79"
"7249","Customer 4888","61095.30"
"7250","Customer 2847","61094.83"
"7251","Customer 6196","61073.39"
"7252","Customer 3805","61071.97"
"7253","Customer 5423","61059.10"
"7254","Customer 1845","61048.06"
"7255","Customer 6832","61043.54"
"7256","Customer 8928","61011.28"
"7257","Customer 7797","61009.92"
"7258","Customer 6924","61009.83"
"7259","Customer 1325","61007.34"
"7260","Customer 2742","61004.81"
"7261","Customer 214","61002.19"
"7262","Customer 1976","60982.47"
"7263","Customer 1762","60982.18"
"7264","Customer 8072","60980.12"
"7265","Customer 4446","60963.60"
"7266","Customer 4289","60963.30"
"7267","Customer 639","60954.70"
"7268","Customer 988","60936.87"
"7269","Customer 543","60923.86"
"7270","Customer 4577","60912.65"
"7271","Customer 2800","60902.20"
"7272","Customer 3412","60894.38"
"7273","Customer 1345","60893.77"
"7274","Customer 6057","60892.71"
"7275","Customer 3989","60891.59"
"7276","Customer 9507","60880.08"
"7277","Customer 2026","60874.20"
"7278","Customer 5638","60870.46"
"7279","Customer 9240","60860.70"
"7280","Customer 7073","60853.61"
"7281","Customer 4991","60848.85"
"7282","Customer 4676","60809.09"
"7283","Customer 8524","60800.70"
"7284","Customer 8640","60794.68"
"7285","Customer 9357","60793.67"
"7286","Customer 6955","60778.50"
"7287","Customer 6731","60766.99"
"7288","Customer 971","60752.41"
"7289","Customer 4527","60744.17"
"7290","Customer 1131","60737.46"
"7291","Customer 7412","60697.64"
"7292","Customer 1656","60691.18"
"7293","Customer 9026","60690.00"
"7294","Customer 5204","60683.89"
"7295","Customer 9048","60675.53"
"7296","Customer 9220","60673.95"
"7297","Customer 7953","60672.40"
"7298","Customer 4212","60662.08"
"7299","Customer 9429","60648.50"
"7300","Customer 2040","60644.28"
"7301","Customer 2862","60638.37"
"7302","Customer 959","60637.56"
"7303","Customer 3866","60629.19"
"7304","Customer 6435","60591.09"
"7305","Customer 9407","60585.91"
"7306","Customer 1929","60570.45"
"7307","Customer 7200","60568.74"
"7308","Customer 4842","60565.61"
"7309","Customer 6855","60559.35"
"7310","Customer 841","60555.99"
"7311","Customer 488","60544.97"
"7312","Customer 7602","60526.78"
"7313","Customer 4034","60514.93"
"7314","Customer 4845","60509.99"
"7315","Customer 3266","60501.79"
"7316","Customer 9449","60494.87"
"7317","Customer 3454","60483.88"
"7318","Customer 8086","60468.90"
"7319","Customer 9168","60460.61"
"7320","Customer 2339","60453.11"
"7321","Customer 4048","60419.48"
"7322","Customer 8405","60414.24"
"7323","Customer 6249","60411.52"
"7324","Customer 1550","60402.15"
"7325","Customer 2707","60399.29"
"7326","Customer 629","60387.66"
"7327","Customer 5016","60376.71"
"7328","Customer 8499","60373.61"
"7329","Customer 6711","60373.46"
"7330","Customer 855","60371.01"
"7331","Customer 7718","60366.07"
"7332","Customer 3591","60364.27"
"7333","Customer 7985","60337.97"
"7334","Customer 7924","60314.99"
"7335","Customer 9906","60307.02"
"7336","Customer 4541","60292.59"
"7337","Customer 1412","60286.83"
"7338","Customer 8037","60283.54"
"7339","Customer 3647","60282.03"
"7340","Customer 4539","60266.49"
"7341","Customer 6190","60264.80"
"7342","Customer 7886","60258.49"
"7343","Customer 4885","60247.15"
"7344","Customer 2130","60246.63"
"7345","Customer 2314","60240.68"
"7346","Customer 5806","60225.86"
"7347","Customer 3235","60220.66"
"7348","Customer 1094","60220.18"
"7349","Customer 1372","60214.72"
"7350","Customer 927","60208.76"
"7351","Customer 5234","60199.54"
"7352","Customer 31","60194.23"
"7353","Customer 6697","60189.30"
"7354","Customer 8869","60178.92"
"7355","Customer 7552","60167.32"
"7356","Customer 379","60154.99"
"7357","Customer 7490","60154.88"
"7358","Customer 9501","60150.68"
"7359","Customer 6876","60142.16"
"7360","Customer 8894","60141.77"
"7361","Customer 1142","60136.59"
"7362","Customer 9072","60117.60"
"7363","Customer 6502","60108.31"
"7364","Customer 7196","60107.49"
"7365","Customer 6478","60102.43"
"7366","Customer 4341","60094.18"
"7367","Customer 1114","60083.82"
"7368","Customer 1631","60076.65"
"7369","Customer 8549","60070.15"
"7370","Customer 1539","60068.96"
"7371","Customer 2253","60061.84"
"7372","Customer 5626","60057.36"
"7373","Customer 4837","60047.22"
"7374","Customer 8830","60046.77"
"7375","Customer 2897","60044.39"
"7376","Customer 3081","60043.52"
"7377","Customer 8637","60043.47"
"7378","Customer 6612","60029.55"
"7379","Customer 255","60015.92"
"7380","Customer 5555","59998.14"
"7381","Customer 5322","59989.35"
"7382","Customer 4228","59989.03"
"7383","Customer 7413","59984.28"
"7384","Customer 9869","59982.07"
"7385","Customer 3489","59967.96"
"7386","Customer 8032","59962.82"
"7387","Customer 7097","59958.17"
"7388","Customer 4534","59956.71"
"7389","Customer 3803","59948.57"
"7390","Customer 6890","59920.43"
"7391","Customer 6533","59911.44"
"7392","Customer 8216","59910.09"
"7393","Customer 2469","59905.88"
"7394","Customer 6452","59881.73"
"7395","Customer 9093","59860.20"
"7396","Customer 7784","59855.93"
"7397","Customer 7157","59847.27"
"7398","Customer 4724","59842.46"
"7399","Customer 7488","59837.70"
"7400","Customer 8145","59827.88"
"7401","Customer 3530","59827.41"
"7402","Customer 9244","59818.96"
"7403","Customer 8775","59796.06"
"7404","Customer 4722","59791.63"
"7405","Customer 3160","59791.17"
"7406","Customer 7952","59774.75"
"7407","Customer 1500","59770.16"
"7408","Customer 942","59767.32"
"7409","Customer 5971","59760.75"
"7410","Customer 1361","59755.12"
"7411","Customer 9043","59744.23"
"7412","Customer 4429","59740.51"
"7413","Customer 5466","59740.35"
"7414","Customer 3685","59710.08"
"7415","Customer 2483","59705.82"
"7416","Customer 5607","59697.80"
"7417","Customer 4484","59690.67"
"7418","Customer 2682","59688.67"
"7419","Customer 3577","59680.08"
"7420","Customer 3268","59651.94"
"7421","Customer 375","59628.54"
"7422","Customer 235","59625.21"
"7423","Customer 3342","59614.08"
"7424","Customer 2711","59609.35"
"7425","Customer 9926","59600.98"
"7426","Customer 8141","59542.60"
"7427","Customer 9700","59533.24"
"7428","Customer 8965","59524.16"
"7429","Customer 2129","59511.58"
"7430","Customer 1501","59511.49"
"7431","Customer 2986","59502.63"
"7432","Customer 5513","59483.20"
"7433","Customer 7643","59470.92"
"7434","Customer 9960","59470.82"
"7435","Customer 2220","59465.84"
"7436","Customer 7182","59444.82"
"7437","Customer 6846","59425.41"
"7438","Customer 8440","59423.72"
"7439","Customer 2760","59417.14"
"7440","Customer 9774","59410.60"
"7441","Customer 4579","59402.80"
"7442","Customer 7039","59401.85"
"7443","Customer 2531","59401.17"
"7444","Customer 3117","59377.87"
"7445","Customer 3182","59372.76"
"7446","Customer 7438","59366.90"
"7447","Customer 6220","59362.03"
"7448","Customer 3377","59360.04"
"7449","Customer 4789","59359.45"
"7450","Customer 5366","59358.57"
"7451","Customer 1566","59342.96"
"7452","Customer 1821","59341.99"
"7453","Customer 6658","59307.41"
"7454","Customer 3037","59287.60"
"7455","Customer 3202","59277.14"
"7456","Customer 6063","59263.51"
"7457","Customer 7165","59242.45"
"7458","Customer 7095","59240.33"
"7459","Customer 4760","59239.10"
"7460","Customer 562","59237.74"
"7461","Customer 9453","59214.63"
"7462","Customer 7131","59200.47"
"7463","Customer 4920","59198.08"
"7464","Customer 6271","59191.66"
"7465","Customer 2168","59188.19"
"7466","Customer 7936","59176.65"
"7467","Customer 6100","59170.70"
"7468","Customer 9837","59158.70"
"7469","Customer 4407","59157.20"
"7470","Customer 43","59135.87"
"7471","Customer 240","59130.50"
"7472","Customer 6905","59129.04"
"7473","Customer 4176","59122.90"
"7474","Customer 1798","59122.66"
"7475","Customer 5885","59121.03"
"7476","Customer 9198","59112.20"
"7477","Customer 8419","59106.27"
"7478","Customer 6294","59104.94"
"7479","Customer 7209","59100.37"
"7480","Customer 5064","59098.54"
"7481","Customer 5995","59080.10"
"7482","Customer 6189","59074.95"
"7483","Customer 2151","59061.25"
"7484","Customer 6936","59058.55"
"7485","Customer 288","59054.94"
"7486","Customer 8042","59049.78"
"7487","Customer 5875","59043.76"
"7488","Customer 2181","59023.61"
"7489","Customer 6598","59022.16"
"7490","Customer 1335","59020.93"
"7491","Customer 1212","58990.07"
"7492","Customer 8596","58987.19"
"7493","Customer 6929","58974.01"
"7494","Customer 3299","58967.06"
"7495","Customer 6448","58962.46"
"7496","Customer 3177","58957.97"
"7497","Customer 3366","58948.16"
"7498","Customer 8010","58946.73"
"7499","Customer 5084","58944.67"
"7500","Customer 8515","58942.89"
"7501","Customer 4219","58936.98"
"7502","Customer 8960","58936.93"
"7503","Customer 4592","58934.81"
"7504","Customer 2705","58900.79"
"7505","Customer 7041","58885.66"
"7506","Customer 7267","58879.38"
"7507","Customer 9990","58878.47"
"7508","Customer 1620","58873.93"
"7509","Customer 3052","58857.56"
"7510","Customer 9693","58857.02"
"7511","Customer 2049","58844.49"
"7512","Customer 4187","58833.00"
"7513","Customer 7223","58828.23"
"7514","Customer 8471","58815.60"
"7515","Customer 5663","58811.97"
"7516","Customer 2446","58806.14"
"7517","Customer 6342","58798.72"
"7518","Customer 4009","58795.53"
"7519","Customer 8063","58793.81"
"7520","Customer 8180","58773.46"
"7521","Customer 2000","58770.43"
"7522","Customer 1466","58753.07"
"7523","Customer 2495","58736.66"
"7524","Customer 8034","58718.50"
"7525","Customer 4213","58700.32"
"7526","Customer 4901","58695.48"
"7527","Customer 7113","58684.00"
"7528","Customer 5396","58682.92"
"7529","Customer 1379","58640.37"
"7530","Customer 1016","58613.25"
"7531","Customer 2325","58611.64"
"7532","Customer 2654","58605.76"
"7533","Customer 4723","58591.07"
"7534","Customer 5617","58587.74"
"7535","Customer 7788","58587.10"
"7536","Customer 5388","58564.22"
"7537","Customer 5522","58553.69"
"7538","Customer 6605","58549.09"
"7539","Customer 6730","58542.27"
"7540","Customer 661","58522.09"
"7541","Customer 5359","58515.83"
"7542","Customer 8504","58497.91"
"7543","Customer 1018","58496.84"
"7544","Customer 5582","58494.78"
"7545","Customer 9894","58488.93"
"7546","Customer 8119","58488.67"
"7547","Customer 4998","58488.01"
"7548","Customer 3912","58476.53"
"7549","Customer 7432","58474.28"
"7550","Customer 669","58473.88"
"7551","Customer 7294","58471.22"
"7552","Customer 3002","58455.30"
"7553","Customer 9222","58452.76"
"7554","Customer 3340","58451.49"
"7555","Customer 957","58440.25"
"7556","Customer 1012","58436.18"
"7557","Customer 9733","58430.16"
"7558","Customer 1724","58422.66"
"7559","Customer 4162","58418.42"
"7560","Customer 9017","58416.53"
"7561","Customer 4856","58379.71"
"7562","Customer 4082","58373.45"
"7563","Customer 5705","58356.12"
"7564","Customer 8914","58350.70"
"7565","Customer 6999","58339.63"
"7566","Customer 3130","58319.56"
"7567","Customer 6350","58312.91"
"7568","Customer 3981","58308.99"
"7569","Customer 7486","58305.56"
"7570","Customer 4518","58303.32"
"7571","Customer 8091","58294.57"
"7572","Customer 3380","58294.01"
"7573","Customer 5074","58257.23"
"7574","Customer 9087","58246.00"
"7575","Customer 4593","58230.99"
"7576","Customer 6005","58216.72"
"7577","Customer 2341","58213.81"
"7578","Customer 5871","58212.78"
"7579","Customer 7692","58180.54"
"7580","Customer 2519","58175.95"
"7581","Customer 7193","58169.69"
"7582","Customer 9563","58158.77"
"7583","Customer 9443","58149.09"
"7584","Customer 7366","58130.44"
"7585","Customer 9345","58125.05"
"7586","Customer 8289","58105.19"
"7587","Customer 4639","58105.16"
"7588","Customer 3189","58092.80"
"7589","Customer 7800","58088.94"
"7590","Customer 6383","58084.71"
"7591","Customer 5831","58057.17"
"7592","Customer 8215","58051.18"
"7593","Customer 150","58043.92"
"7594","Customer 4777","58041.48"
"7595","Customer 9900","58034.67"
"7596","Customer 2577","58030.62"
"7597","Customer 789","58029.33"
"7598","Customer 7819","58014.97"
"7599","Customer 4155","58007.78"
"7600","Customer 823","58007.17"
"7601","Customer 9514","58001.72"
"7602","Customer 9651","57979.43"
"7603","Customer 5314","57967.45"
"7604","Customer 5932","57962.80"
"7605","Customer 7195","57943.14"
"7606","Customer 5300","57938.69"
"7607","Customer 4557","57928.01"
"7608","Customer 1360","57884.49"
"7609","Customer 4886","57883.44"
"7610","Customer 4350","57871.58"
"7611","Customer 2267","57869.64"
"7612","Customer 5304","57865.06"
"7613","Customer 2671","57859.09"
"7614","Customer 2798","57852.56"
"7615","Customer 9646","57843.21"
"7616","Customer 5070","57842.54"
"7617","Customer 3601","57841.86"
"7618","Customer 6357","57834.45"
"7619","Customer 7686","57819.42"
"7620","Customer 3229","57817.17"
"7621","Customer 4607","57814.07"
"7622","Customer 8802","57813.99"
"7623","Customer 2505","57811.46"
"7624","Customer 4156","57808.01"
"7625","Customer 9707","57799.76"
"7626","Customer 2988","57777.11"
"7627","Customer 7617","57775.42"
"7628","Customer 7830","57763.31"
"7629","Customer 8865","57762.80"
"7630","Customer 50","57755.62"
"7631","Customer 1907","57748.55"
"7632","Customer 9215","57717.90"
"7633","Customer 3105","57710.49"
"7634","Customer 2105","57698.26"
"7635","Customer 537","57694.42"
"7636","Customer 5461","57688.45"
"7637","Customer 4604","57685.07"
"7638","Customer 4869","57677.13"
"7639","Customer 4941","57670.94"
"7640","Customer 5551","57660.50"
"7641","Customer 4841","57658.84"
"7642","Customer 9183","57630.07"
"7643","Customer 2831","57598.38"
"7644","Customer 4249","57566.84"
"7645","Customer 1536","57565.80"
"7646","Customer 7933","57562.16"
"7647","Customer 3586","57560.72"
"7648","Customer 7311","57523.07"
"7649","Customer 8053","57515.16"
"7650","Customer 7517","57512.70"
"7651","Customer 6835","57509.92"
"7652","Customer 5664","57506.31"
"7653","Customer 4145","57493.31"
"7654","Customer 2832","57491.88"
"7655","Customer 4502","57486.73"
"7656","Customer 3702","57477.63"
"7657","Customer 9929","57476.94"
"7658","Customer 8068","57462.23"
"7659","Customer 146","57454.41"
"7660","Customer 7803","57432.80"
"7661","Customer 1031","57425.72"
"7662","Customer 8855","57413.28"
"7663","Customer 8857","57410.80"
"7664","Customer 2357","57407.91"
"7665","Customer 201","57399.70"
"7666","Customer 6856","57397.51"
"7667","Customer 4728","57388.63"
"7668","Customer 2166","57378.67"
"7669","Customer 2230","57357.38"
"7670","Customer 1475","57356.93"
"7671","Customer 4181","57347.95"
"7672","Customer 7177","57347.10"
"7673","Customer 1347","57331.32"
"7674","Customer 2821","57330.73"
"7675","Customer 1865","57324.62"
"7676","Customer 7837","57306.08"
"7677","Customer 6532","57284.48"
"7678","Customer 6933","57273.68"
"7679","Customer 873","57271.74"
"7680","Customer 3975","57265.27"
"7681","Customer 6823","57265.10"
"7682","Customer 2167","57256.36"
"7683","Customer 3787","57249.62"
"7684","Customer 3107","57243.95"
"7685","Customer 5686","57242.10"
"7686","Customer 5148","57241.51"
"7687","Customer 6008","57223.98"
"7688","Customer 5422","57213.59"
"7689","Customer 5121","57210.33"
"7690","Customer 5482","57201.18"
"7691","Customer 7963","57189.96"
"7692","Customer 9328","57166.29"
"7693","Customer 7627","57164.18"
"7694","Customer 1444","57148.35"
"7695","Customer 3163","57142.41"
"7696","Customer 4158","57134.91"
"7697","Customer 7816","57121.46"
"7698","Customer 4707","57086.72"
"7699","Customer 2356","57084.19"
"7700","Customer 6001","57037.08"
"7701","Customer 8497","57035.85"
"7702","Customer 3549","56993.41"
"7703","Customer 8290","56981.37"
"7704","Customer 1157","56967.17"
"7705","Customer 4282","56938.67"
"7706","Customer 9986","56937.70"
"7707","Customer 3133","56935.48"
"7708","Customer 6582","56923.72"
"7709","Customer 2886","56897.11"
"7710","Customer 4025","56893.62"
"7711","Customer 603","56889.77"
"7712","Customer 3241","56867.58"
"7713","Customer 1961","56840.61"
"7714","Customer 2003","56836.32"
"7715","Customer 4326","56829.62"
"7716","Customer 4117","56809.64"
"7717","Customer 4523","56803.35"
"7718","Customer 7305","56802.02"
"7719","Customer 7874","56784.06"
"7720","Customer 8731","56769.24"
"7721","Customer 4509","56761.78"
"7722","Customer 9075","56755.14"
"7723","Customer 1968","56747.29"
"7724","Customer 4595","56745.13"
"7725","Customer 6535","56734.12"
"7726","Customer 2767","56714.07"
"7727","Customer 2127","56695.82"
"7728","Customer 3526","56691.44"
"7729","Customer 4451","56685.68"
"7730","Customer 5488","56681.09"
"7731","Customer 9676","56673.80"
"7732","Customer 3006","56671.76"
"7733","Customer 3024","56670.54"
"7734","Customer 8836","56658.47"
"7735","Customer 8994","56645.59"
"7736","Customer 6755","56624.73"
"7737","Customer 6638","56624.01"
"7738","Customer 6253","56619.16"
"7739","Customer 501","56615.75"
"7740","Customer 9317","56614.80"
"7741","Customer 6675","56599.82"
"7742","Customer 9823","56592.92"
"7743","Customer 6813","56587.99"
"7744","Customer 5032","56587.33"
"7745","Customer 149","56585.09"
"7746","Customer 6754","56585.05"
"7747","Customer 6954","56576.87"
"7748","Customer 3452","56567.13"
"7749","Customer 7877","56557.43"
"7750","Customer 3998","56545.08"
"7751","Customer 8132","56536.49"
"7752","Customer 1898","56532.17"
"7753","Customer 65","56522.60"
"7754","Customer 8435","56518.93"
"7755","Customer 3413","56515.20"
"7756","Customer 2661","56513.71"
"7757","Customer 407","56500.27"
"7758","Customer 2045","56498.87"
"7759","Customer 6470","56483.34"
"7760","Customer 3238","56478.92"
"7761","Customer 832","56478.23"
"7762","Customer 3499","56474.68"
"7763","Customer 3626","56465.51"
"7764","Customer 7580","56460.95"
"7765","Customer 7599","56453.18"
"7766","Customer 7300","56448.76"
"7767","Customer 6166","56441.19"
"7768","Customer 6870","56430.27"
"7769","Customer 585","56429.36"
"7770","Customer 8324","56419.41"
"7771","Customer 2474","56409.72"
"7772","Customer 9822","56403.03"
"7773","Customer 6125","56385.00"
"7774","Customer 8359","56361.36"
"7775","Customer 7181","56351.91"
"7776","Customer 6661","56342.27"
"7777","Customer 3903","56337.71"
"7778","Customer 7379","56330.42"
"7779","Customer 1579","56318.21"
"7780","Customer 8814","56302.09"
"7781","Customer 441","56279.24"
"7782","Customer 1362","56263.10"
"7783","Customer 5390","56249.89"
"7784","Customer 1196","56247.69"
"7785","Customer 2041","56239.00"
"7786","Customer 177","56231.93"
"7787","Customer 1772","56225.59"
"7788","Customer 9468","56214.98"
"7789","Customer 1418","56209.93"
"7790","Customer 1952","56197.95"
"7791","Customer 5029","56196.94"
"7792","Customer 7289","56179.76"
"7793","Customer 905","56178.77"
"7794","Customer 8829","56170.64"
"7795","Customer 5113","56169.62"
"7796","Customer 1664","56166.71"
"7797","Customer 1411","56140.91"
"7798","Customer 6203","56137.98"
"7799","Customer 1029","56137.17"
"7800","Customer 1236","56119.90"
"7801","Customer 1901","56114.87"
"7802","Customer 4865","56105.75"
"7803","Customer 4889","56094.93"
"7804","Customer 6566","56094.65"
"7805","Customer 3909","56087.33"
"7806","Customer 16","56085.79"
"7807","Customer 9380","56077.91"
"7808","Customer 5460","56075.32"
"7809","Customer 3796","56074.58"
"7810","Customer 9601","56059.66"
"7811","Customer 5129","56039.78"
"7812","Customer 6830","56028.32"
"7813","Customer 8403","56026.91"
"7814","Customer 2556","56025.17"
"7815","Customer 525","55999.27"
"7816","Customer 1511","55995.72"
"7817","Customer 8310","55976.59"
"7818","Customer 1738","55971.42"
"7819","Customer 129","55968.84"
"7820","Customer 2922","55966.44"
"7821","Customer 4065","55963.14"
"7822","Customer 8671","55962.55"
"7823","Customer 5445","55957.51"
"7824","Customer 2674","55942.13"
"7825","Customer 9358","55940.03"
"7826","Customer 3323","55927.49"
"7827","Customer 9159","55917.02"
"7828","Customer 690","55914.91"
"7829","Customer 2358","55894.64"
"7830","Customer 5068","55894.19"
"7831","Customer 4545","55880.10"
"7832","Customer 6396","55876.33"
"7833","Customer 4713","55875.99"
"7834","Customer 3697","55864.10"
"7835","Customer 5377","55860.84"
"7836","Customer 3439","55847.36"
"7837","Customer 4293","55842.40"
"7838","Customer 3392","55834.42"
"7839","Customer 7034","55802.49"
"7840","Customer 5206","55800.39"
"7841","Customer 95","55788.48"
"7842","Customer 2421","55784.80"
"7843","Customer 3899","55764.96"
"7844","Customer 2769","55764.22"
"7845","Customer 2397","55757.94"
"7846","Customer 350","55755.68"
"7847","Customer 7939","55754.71"
"7848","Customer 7302","55750.59"
"7849","Customer 117","55746.05"
"7850","Customer 1584","55744.35"
"7851","Customer 7563","55736.92"
"7852","Customer 6494","55731.73"
"7853","Customer 2005","55718.75"
"7854","Customer 2047","55713.42"
"7855","Customer 6668","55711.18"
"7856","Customer 3508","55702.21"
"7857","Customer 8750","55688.46"
"7858","Customer 2004","55685.50"
"7859","Customer 5981","55685.06"
"7860","Customer 1778","55673.40"
"7861","Customer 3144","55655.78"
"7862","Customer 3044","55652.92"
"7863","Customer 1712","55645.56"
"7864","Customer 7442","55638.49"
"7865","Customer 5380","55630.58"
"7866","Customer 7130","55628.24"
"7867","Customer 8201","55619.59"
"7868","Customer 5650","55613.48"
"7869","Customer 7776","55602.42"
"7870","Customer 3084","55589.91"
"7871","Customer 1950","55589.40"
"7872","Customer 9082","55589.00"
"7873","Customer 1589","55577.64"
"7874","Customer 8844","55575.85"
"7875","Customer 674","55561.49"
"7876","Customer 892","55559.15"
"7877","Customer 7526","55540.80"
"7878","Customer 5798","55528.71"
"7879","Customer 4347","55514.14"
"7880","Customer 6385","55508.61"
"7881","Customer 1257","55499.43"
"7882","Customer 1645","55496.92"
"7883","Customer 5041","55494.91"
"7884","Customer 3216","55486.08"
"7885","Customer 1222","55473.90"
"7886","Customer 5909","55472.16"
"7887","Customer 6679","55466.29"
"7888","Customer 4719","55462.19"
"7889","Customer 2754","55448.39"
"7890","Customer 8890","55439.83"
"7891","Customer 7346","55436.94"
"7892","Customer 9551","55397.03"
"7893","Customer 6845","55386.98"
"7894","Customer 9360","55379.64"
"7895","Customer 1711","55362.79"
"7896","Customer 6132","55360.00"
"7897","Customer 2023","55358.37"
"7898","Customer 8538","55353.75"
"7899","Customer 3332","55352.30"
"7900","Customer 1174","55347.81"
"7901","Customer 3491","55343.96"
"7902","Customer 5092","55334.54"
"7903","Customer 7109","55328.36"
"7904","Customer 678","55327.21"
"7905","Customer 8058","55319.68"
"7906","Customer 1250","55314.56"
"7907","Customer 3263","55313.16"
"7908","Customer 1663","55304.27"
"7909","Customer 5318","55304.08"
"7910","Customer 6011","55297.45"
"7911","Customer 709","55255.40"
"7912","Customer 5772","55250.53"
"7913","Customer 8170","55244.70"
"7914","Customer 4906","55230.37"
"7915","Customer 3314","55228.73"
"7916","Customer 7327","55207.17"
"7917","Customer 5051","55206.41"
"7918","Customer 9886","55200.17"
"7919","Customer 6206","55179.49"
"7920","Customer 8021","55179.00"
"7921","Customer 9003","55170.65"
"7922","Customer 1780","55162.79"
"7923","Customer 8722","55151.34"
"7924","Customer 443","55146.68"
"7925","Customer 6596","55116.82"
"7926","Customer 3614","55110.72"
"7927","Customer 4413","55110.57"
"7928","Customer 7421","55110.22"
"7929","Customer 3692","55107.79"
"7930","Customer 2158","55104.78"
"7931","Customer 7447","55104.68"
"7932","Customer 1504","55092.63"
"7933","Customer 9567","55092.37"
"7934","Customer 9062","55067.53"
"7935","Customer 8483","55066.05"
"7936","Customer 4984","55055.02"
"7937","Customer 5851","55047.06"
"7938","Customer 4979","55038.60"
"7939","Customer 3206","55038.56"
"7940","Customer 4422","55010.79"
"7941","Customer 6153","55002.56"
"7942","Customer 9200","54987.90"
"7943","Customer 1701","54981.36"
"7944","Customer 7185","54976.30"
"7945","Customer 1783","54974.91"
"7946","Customer 2686","54968.75"
"7947","Customer 8679","54968.71"
"7948","Customer 2074","54961.87"
"7949","Customer 3970","54955.76"
"7950","Customer 3063","54949.36"
"7951","Customer 2765","54941.17"
"7952","Customer 5176","54940.67"
"7953","Customer 9461","54934.32"
"7954","Customer 5007","54929.70"
"7955","Customer 9339","54921.74"
"7956","Customer 9165","54915.52"
"7957","Customer 862","54911.33"
"7958","Customer 3957","54911.02"
"7959","Customer 9761","54895.22"
"7960","Customer 3629","54890.26"
"7961","Customer 541","54885.30"
"7962","Customer 2662","54880.11"
"7963","Customer 467","54871.99"
"7964","Customer 5553","54857.57"
"7965","Customer 5171","54849.46"
"7966","Customer 3584","54848.38"
"7967","Customer 7054","54847.66"
"7968","Customer 3297","54843.59"
"7969","Customer 1316","54834.20"
"7970","Customer 6640","54825.22"
"7971","Customer 3902","54816.83"
"7972","Customer 7345","54809.67"
"7973","Customer 6621","54800.35"
"7974","Customer 5249","54799.36"
"7975","Customer 1004","54795.94"
"7976","Customer 7981","54774.40"
"7977","Customer 9835","54751.55"
"7978","Customer 2124","54746.94"
"7979","Customer 3293","54732.52"
"7980","Customer 7960","54731.49"
"7981","Customer 9323","54715.32"
"7982","Customer 9942","54708.88"
"7983","Customer 6957","54700.36"
"7984","Customer 6045","54696.18"
"7985","Customer 1126","54686.76"
"7986","Customer 8297","54655.35"
"7987","Customer 3547","54638.36"
"7988","Customer 1380","54637.80"
"7989","Customer 776","54635.35"
"7990","Customer 3829","54608.10"
"7991","Customer 965","54590.49"
"7992","Customer 7854","54585.81"
"7993","Customer 3390","54565.30"
"7994","Customer 2835","54536.59"
"7995","Customer 2664","54520.51"
"7996","Customer 8568","54516.04"
"7997","Customer 2458","54510.60"
"7998","Customer 6717","54492.49"
"7999","Customer 7208","54484.43"
"8000","Customer 2651","54483.36"
"8001","Customer 7114","54471.06"
"8002","Customer 887","54465.77"
"8003","Customer 5768","54460.28"
"8004","Customer 904","54454.23"
"8005","Customer 128","54417.81"
"8006","Customer 8651","54416.58"
"8007","Customer 4203","54416.31"
"8008","Customer 2475","54313.79"
"8009","Customer 1765","54313.53"
"8010","Customer 1577","54311.63"
"8011","Customer 708","54301.44"
"8012","Customer 6199","54295.02"
"8013","Customer 9545","54293.49"
"8014","Customer 5464","54293.48"
"8015","Customer 9753","54286.32"
"8016","Customer 8249","54281.20"
"8017","Customer 4229","54259.68"
"8018","Customer 4442","54256.23"
"8019","Customer 7605","54237.97"
"8020","Customer 7500","54237.73"
"8021","Customer 8165","54236.36"
"8022","Customer 1092","54231.35"
"8023","Customer 7945","54229.47"
"8024","Customer 1774","54205.04"
"8025","Customer 8261","54202.51"
"8026","Customer 4907","54202.41"
"8027","Customer 3432","54188.19"
"8028","Customer 3649","54185.38"
"8029","Customer 1871","54154.70"
"8030","Customer 8307","54114.92"
"8031","Customer 6760","54083.49"
"8032","Customer 9569","54064.26"
"8033","Customer 4805","54040.17"
"8034","Customer 4624","54033.29"
"8035","Customer 1937","54031.57"
"8036","Customer 4467","54026.14"
"8037","Customer 2237","54009.69"
"8038","Customer 8445","53997.14"
"8039","Customer 5009","53991.91"
"8040","Customer 1694","53985.01"
"8041","Customer 9256","53979.37"
"8042","Customer 2311","53978.51"
"8043","Customer 7404","53974.48"
"8044","Customer 5968","53960.14"
"8045","Customer 9532","53958.49"
"8046","Customer 9229","53946.09"
"8047","Customer 1574","53944.79"
"8048","Customer 3887","53938.67"
"8049","Customer 4418","53937.13"
"8050","Customer 1615","53934.89"
"8051","Customer 2910","53931.77"
"8052","Customer 3288","53925.47"
"8053","Customer 8525","53923.34"
"8054","Customer 3818","53906.27"
"8055","Customer 1575","53903.49"
"8056","Customer 4375","53883.47"
"8057","Customer 5578","53876.73"
"8058","Customer 2160","53874.46"
"8059","Customer 6012","53869.33"
"8060","Customer 7600","53860.06"
"8061","Customer 6501","53852.46"
"8062","Customer 1795","53850.78"
"8063","Customer 7186","53824.35"
"8064","Customer 6585","53812.12"
"8065","Customer 7066","53788.62"
"8066","Customer 5685","53781.74"
"8067","Customer 9322","53777.26"
"8068","Customer 7644","53767.24"
"8069","Customer 8319","53766.55"
"8070","Customer 6819","53765.40"
"8071","Customer 4250","53762.47"
"8072","Customer 9839","53741.51"
"8073","Customer 1354","53737.97"
"8074","Customer 6039","53730.65"
"8075","Customer 1268","53728.69"
"8076","Customer 9944","53711.80"
"8077","Customer 4532","53704.48"
"8078","Customer 4271","53681.93"
"8079","Customer 5817","53673.42"
"8080","Customer 9618","53664.70"
"8081","Customer 1306","53650.78"
"8082","Customer 491","53633.59"
"8083","Customer 6792","53614.51"
"8084","Customer 5321","53602.13"
"8085","Customer 4849","53571.54"
"8086","Customer 4272","53549.87"
"8087","Customer 2404","53545.45"
"8088","Customer 1671","53542.97"
"8089","Customer 2658","53522.63"
"8090","Customer 9313","53518.29"
"8091","Customer 5955","53517.03"
"8092","Customer 8560","53480.39"
"8093","Customer 2462","53469.37"
"8094","Customer 4057","53459.56"
"8095","Customer 1516","53454.92"
"8096","Customer 6240","53454.46"
"8097","Customer 2196","53409.06"
"8098","Customer 9210","53408.82"
"8099","Customer 4488","53398.27"
"8100","Customer 6761","53390.50"
"8101","Customer 7897","53375.30"
"8102","Customer 6381","53362.62"
"8103","Customer 6486","53360.43"
"8104","Customer 9218","53350.70"
"8105","Customer 4948","53333.08"
"8106","Customer 5090","53290.43"
"8107","Customer 5742","53280.71"
"8108","Customer 6674","53277.96"
"8109","Customer 7501","53269.06"
"8110","Customer 8009","53260.35"
"8111","Customer 3267","53258.60"
"8112","Customer 1743","53251.04"
"8113","Customer 7679","53204.40"
"8114","Customer 284","53200.48"
"8115","Customer 2715","53197.08"
"8116","Customer 8911","53179.17"
"8117","Customer 7347","53173.02"
"8118","Customer 2009","53142.89"
"8119","Customer 7367","53129.20"
"8120","Customer 6368","53125.20"
"8121","Customer 4868","53110.14"
"8122","Customer 6492","53103.26"
"8123","Customer 2973","53091.25"
"8124","Customer 1596","53080.64"
"8125","Customer 506","53062.58"
"8126","Customer 7583","53056.48"
"8127","Customer 8636","53033.34"
"8128","Customer 3790","53031.63"
"8129","Customer 1708","52998.97"
"8130","Customer 4093","52988.07"
"8131","Customer 2959","52985.67"
"8132","Customer 383","52977.82"
"8133","Customer 2808","52969.85"
"8134","Customer 1083","52960.09"
"8135","Customer 1242","52939.72"
"8136","Customer 4414","52938.66"
"8137","Customer 2545","52928.91"
"8138","Customer 8491","52919.55"
"8139","Customer 8931","52917.65"
"8140","Customer 4508","52901.07"
"8141","Customer 9979","52892.34"
"8142","Customer 3723","52890.80"
"8143","Customer 511","52889.77"
"8144","Customer 1182","52875.17"
"8145","Customer 7601","52853.70"
"8146","Customer 9582","52844.87"
"8147","Customer 1764","52831.09"
"8148","Customer 8882","52829.21"
"8149","Customer 2621","52795.00"
"8150","Customer 3368","52782.58"
"8151","Customer 4782","52758.50"
"8152","Customer 3641","52691.73"
"8153","Customer 9156","52688.75"
"8154","Customer 2322","52686.98"
"8155","Customer 1181","52680.09"
"8156","Customer 4603","52678.96"
"8157","Customer 1066","52672.14"
"8158","Customer 732","52664.14"
"8159","Customer 9350","52659.30"
"8160","Customer 8014","52657.97"
"8161","Customer 4283","52651.30"
"8162","Customer 7189","52641.74"
"8163","Customer 9107","52634.75"
"8164","Customer 5349","52624.19"
"8165","Customer 1399","52575.39"
"8166","Customer 1135","52562.65"
"8167","Customer 3958","52551.43"
"8168","Customer 3819","52548.57"
"8169","Customer 372","52527.56"
"8170","Customer 5521","52519.15"
"8171","Customer 8661","52509.26"
"8172","Customer 8067","52507.44"
"8173","Customer 5899","52502.84"
"8174","Customer 711","52494.10"
"8175","Customer 3352","52462.41"
"8176","Customer 6043","52454.85"
"8177","Customer 193","52440.18"
"8178","Customer 1751","52438.75"
"8179","Customer 9557","52438.61"
"8180","Customer 5964","52438.21"
"8181","Customer 8487","52416.44"
"8182","Customer 2766","52410.16"
"8183","Customer 2759","52408.33"
"8184","Customer 6212","52401.59"
"8185","Customer 4648","52398.97"
"8186","Customer 2373","52391.39"
"8187","Customer 3278","52390.13"
"8188","Customer 8712","52380.46"
"8189","Customer 8870","52376.40"
"8190","Customer 3956","52373.77"
"8191","Customer 9270","52371.61"
"8192","Customer 817","52355.11"
"8193","Customer 3999","52346.00"
"8194","Customer 7355","52343.38"
"8195","Customer 1713","52340.65"
"8196","Customer 7992","52339.01"
"8197","Customer 3309","52334.93"
"8198","Customer 2120","52318.25"
"8199","Customer 9490","52311.25"
"8200","Customer 6758","52286.58"
"8201","Customer 6117","52283.03"
"8202","Customer 5252","52275.44"
"8203","Customer 3617","52270.89"
"8204","Customer 2412","52249.07"
"8205","Customer 1648","52246.93"
"8206","Customer 6422","52242.88"
"8207","Customer 8211","52242.73"
"8208","Customer 5723","52236.51"
"8209","Customer 5861","52236.42"
"8210","Customer 7002","52231.89"
"8211","Customer 5504","52224.25"
"8212","Customer 119","52221.74"
"8213","Customer 1365","52218.87"
"8214","Customer 4420","52211.18"
"8215","Customer 4111","52209.46"
"8216","Customer 4529","52208.69"
"8217","Customer 460","52208.61"
"8218","Customer 9447","52206.99"
"8219","Customer 3923","52203.15"
"8220","Customer 3860","52199.98"
"8221","Customer 4089","52178.74"
"8222","Customer 9421","52164.66"
"8223","Customer 7017","52163.05"
"8224","Customer 5720","52128.45"
"8225","Customer 316","52126.73"
"8226","Customer 9820","52124.84"
"8227","Customer 8884","52123.81"
"8228","Customer 6781","52118.57"
"8229","Customer 1990","52112.59"
"8230","Customer 3597","52078.22"
"8231","Customer 8741","52062.62"
"8232","Customer 1496","52056.49"
"8233","Customer 517","52046.63"
"8234","Customer 6136","52021.05"
"8235","Customer 851","51995.18"
"8236","Customer 1363","51994.29"
"8237","Customer 2095","51976.01"
"8238","Customer 5494","51964.12"
"8239","Customer 2539","51963.93"
"8240","Customer 1191","51955.49"
"8241","Customer 6576","51932.20"
"8242","Customer 4982","51932.00"
"8243","Customer 204","51930.63"
"8244","Customer 630","51900.43"
"8245","Customer 1315","51888.57"
"8246","Customer 7499","51882.78"
"8247","Customer 6604","51881.62"
"8248","Customer 5056","51867.26"
"8249","Customer 3195","51862.31"
"8250","Customer 986","51853.49"
"8251","Customer 8164","51837.87"
"8252","Customer 3303","51829.89"
"8253","Customer 9736","51829.27"
"8254","Customer 1450","51806.51"
"8255","Customer 4949","51797.83"
"8256","Customer 9878","51785.85"
"8257","Customer 8757","51778.36"
"8258","Customer 4683","51756.18"
"8259","Customer 5917","51733.94"
"8260","Customer 636","51727.64"
"8261","Customer 3951","51722.65"
"8262","Customer 5490","51710.03"
"8263","Customer 4717","51709.35"
"8264","Customer 2843","51694.65"
"8265","Customer 2665","51680.41"
"8266","Customer 7584","51671.54"
"8267","Customer 6918","51640.04"
"8268","Customer 7089","51613.29"
"8269","Customer 4205","51596.01"
"8270","Customer 7467","51593.55"
"8271","Customer 5592","51587.62"
"8272","Customer 3798","51575.05"
"8273","Customer 4594","51570.57"
"8274","Customer 5281","51563.97"
"8275","Customer 7585","51559.76"
"8276","Customer 3494","51554.33"
"8277","Customer 207","51553.20"
"8278","Customer 4340","51549.24"
"8279","Customer 58","51529.72"
"8280","Customer 8967","51507.30"
"8281","Customer 6510","51483.90"
"8282","Customer 4224","51470.55"
"8283","Customer 7385","51467.92"
"8284","Customer 4898","51462.10"
"8285","Customer 5097","51448.19"
"8286","Customer 2443","51442.12"
"8287","Customer 4700","51432.89"
"8288","Customer 5125","51428.31"
"8289","Customer 4808","51420.41"
"8290","Customer 815","51419.94"
"8291","Customer 9391","51418.77"
"8292","Customer 3253","51414.97"
"8293","Customer 6512","51396.45"
"8294","Customer 6850","51384.56"
"8295","Customer 6168","51359.21"
"8296","Customer 2347","51347.67"
"8297","Customer 5261","51346.58"
"8298","Customer 1318","51345.77"
"8299","Customer 4102","51317.22"
"8300","Customer 5609","51313.26"
"8301","Customer 721","51303.64"
"8302","Customer 5655","51295.20"
"8303","Customer 2290","51287.95"
"8304","Customer 6882","51268.69"
"8305","Customer 6619","51268.47"
"8306","Customer 2115","51259.82"
"8307","Customer 7641","51209.32"
"8308","Customer 2520","51206.82"
"8309","Customer 6410","51197.28"
"8310","Customer 1482","51192.06"
"8311","Customer 4393","51186.25"
"8312","Customer 2758","51156.24"
"8313","Customer 7064","51130.10"
"8314","Customer 6255","51124.76"
"8315","Customer 4893","51118.34"
"8316","Customer 7662","51111.73"
"8317","Customer 1415","51093.11"
"8318","Customer 6301","51081.46"
"8319","Customer 4546","51076.09"
"8320","Customer 3618","51072.45"
"8321","Customer 967","51071.98"
"8322","Customer 4426","51068.65"
"8323","Customer 2569","51052.24"
"8324","Customer 4062","51037.68"
"8325","Customer 6343","51020.75"
"8326","Customer 9599","51006.02"
"8327","Customer 4314","50991.73"
"8328","Customer 5130","50981.25"
"8329","Customer 4419","50973.08"
"8330","Customer 7015","50961.46"
"8331","Customer 7678","50959.09"
"8332","Customer 4822","50903.26"
"8333","Customer 78","50886.70"
"8334","Customer 7309","50882.02"
"8335","Customer 59","50855.16"
"8336","Customer 6982","50833.64"
"8337","Customer 5266","50822.75"
"8338","Customer 4106","50816.98"
"8339","Customer 7553","50799.04"
"8340","Customer 2035","50784.27"
"8341","Customer 6111","50780.20"
"8342","Customer 2428","50773.66"
"8343","Customer 3845","50766.35"
"8344","Customer 5398","50763.86"
"8345","Customer 5470","50744.83"
"8346","Customer 3165","50728.54"
"8347","Customer 4629","50724.98"
"8348","Customer 5481","50695.25"
"8349","Customer 4763","50693.30"
"8350","Customer 2046","50686.61"
"8351","Customer 1847","50680.45"
"8352","Customer 504","50671.92"
"8353","Customer 6081","50667.20"
"8354","Customer 8137","50664.68"
"8355","Customer 5840","50626.95"
"8356","Customer 3808","50623.96"
"8357","Customer 8444","50616.15"
"8358","Customer 1957","50608.57"
"8359","Customer 5656","50601.53"
"8360","Customer 1053","50553.39"
"8361","Customer 406","50532.19"
"8362","Customer 4137","50518.77"
"8363","Customer 3386","50508.68"
"8364","Customer 5929","50500.57"
"8365","Customer 2560","50485.76"
"8366","Customer 5619","50471.20"
"8367","Customer 9808","50464.64"
"8368","Customer 7215","50460.90"
"8369","Customer 9381","50458.31"
"8370","Customer 6744","50454.86"
"8371","Customer 7009","50441.76"
"8372","Customer 5596","50427.58"
"8373","Customer 6594","50421.91"
"8374","Customer 9081","50421.79"
"8375","Customer 45","50408.47"
"8376","Customer 2663","50394.94"
"8377","Customer 9103","50383.29"
"8378","Customer 6647","50352.41"
"8379","Customer 4699","50339.99"
"8380","Customer 8077","50336.98"
"8381","Customer 1172","50316.31"
"8382","Customer 3286","50314.17"
"8383","Customer 4225","50308.60"
"8384","Customer 9984","50303.59"
"8385","Customer 52","50280.82"
"8386","Customer 6642","50272.91"
"8387","Customer 9887","50261.79"
"8388","Customer 2307","50234.45"
"8389","Customer 2873","50228.38"
"8390","Customer 3467","50197.32"
"8391","Customer 1014","50165.82"
"8392","Customer 9527","50163.35"
"8393","Customer 1432","50160.26"
"8394","Customer 3417","50154.67"
"8395","Customer 39","50153.77"
"8396","Customer 1116","50149.16"
"8397","Customer 9615","50144.68"
"8398","Customer 5528","50113.33"
"8399","Customer 172","50106.16"
"8400","Customer 2268","50089.35"
"8401","Customer 1048","50070.23"
"8402","Customer 9694","50066.22"
"8403","Customer 6854","50056.50"
"8404","Customer 2600","50033.96"
"8405","Customer 348","50029.36"
"8406","Customer 6424","50025.87"
"8407","Customer 1718","50025.55"
"8408","Customer 8622","50022.50"
"8409","Customer 3695","50019.78"
"8410","Customer 9747","50018.12"
"8411","Customer 1167","50014.64"
"8412","Customer 8065","50005.45"
"8413","Customer 6738","49993.15"
"8414","Customer 111","49991.77"
"8415","Customer 6822","49969.24"
"8416","Customer 2984","49967.30"
"8417","Customer 8689","49965.44"
"8418","Customer 3930","49945.09"
"8419","Customer 985","49924.99"
"8420","Customer 4813","49912.07"
"8421","Customer 9745","49911.52"
"8422","Customer 8421","49886.29"
"8423","Customer 5279","49880.86"
"8424","Customer 2340","49871.94"
"8425","Customer 8418","49868.45"
"8426","Customer 4651","49864.14"
"8427","Customer 1742","49851.09"
"8428","Customer 1344","49848.12"
"8429","Customer 1635","49804.06"
"8430","Customer 850","49777.13"
"8431","Customer 652","49767.46"
"8432","Customer 797","49762.60"
"8433","Customer 1487","49718.51"
"8434","Customer 7651","49684.35"
"8435","Customer 1238","49650.67"
"8436","Customer 9689","49645.41"
"8437","Customer 3072","49643.27"
"8438","Customer 6409","49638.27"
"8439","Customer 169","49633.84"
"8440","Customer 5534","49631.39"
"8441","Customer 6692","49600.40"
"8442","Customer 9398","49566.68"
"8443","Customer 2822","49566.35"
"8444","Customer 4281","49562.68"
"8445","Customer 2655","49561.80"
"8446","Customer 392","49546.51"
"8447","Customer 4677","49535.84"
"8448","Customer 4391","49533.00"
"8449","Customer 7543","49532.23"
"8450","Customer 6635","49525.04"
"8451","Customer 6092","49510.72"
"8452","Customer 5762","49505.82"
"8453","Customer 8363","49495.25"
"8454","Customer 9498","49479.08"
"8455","Customer 6518","49456.65"
"8456","Customer 7769","49441.79"
"8457","Customer 7976","49419.02"
"8458","Customer 2869","49412.06"
"8459","Customer 9539","49400.73"
"8460","Customer 66","49394.23"
"8461","Customer 6671","49377.04"
"8462","Customer 1902","49375.21"
"8463","Customer 9647","49369.31"
"8464","Customer 1015","49367.47"
"8465","Customer 1052","49362.83"
"8466","Customer 4738","49356.17"
"8467","Customer 7333","49354.74"
"8468","Customer 6670","49347.52"
"8469","Customer 2537","49342.38"
"8470","Customer 7265","49264.13"
"8471","Customer 633","49251.79"
"8472","Customer 2883","49249.16"
"8473","Customer 9343","49246.20"
"8474","Customer 2722","49235.69"
"8475","Customer 2964","49216.82"
"8476","Customer 2394","49201.18"
"8477","Customer 8644","49199.07"
"8478","Customer 63","49186.59"
"8479","Customer 4631","49186.19"
"8480","Customer 3961","49178.62"
"8481","Customer 2007","49147.91"
"8482","Customer 9152","49144.91"
"8483","Customer 8561","49124.14"
"8484","Customer 7188","49112.37"
"8485","Customer 5863","49102.92"
"8486","Customer 2111","49091.12"
"8487","Customer 7812","49059.47"
"8488","Customer 5779","49059.33"
"8489","Customer 4152","49056.16"
"8490","Customer 1132","49055.87"
"8491","Customer 3064","49038.81"
"8492","Customer 1608","49037.64"
"8493","Customer 2713","49032.25"
"8494","Customer 1647","49029.90"
"8495","Customer 4029","49025.27"
"8496","Customer 9106","49024.22"
"8497","Customer 6420","49020.16"
"8498","Customer 2904","49018.49"
"8499","Customer 7815","49006.21"
"8500","Customer 7358","48992.84"
"8501","Customer 6041","48968.73"
"8502","Customer 7145","48952.02"
"8503","Customer 7898","48941.47"
"8504","Customer 6914","48908.13"
"8505","Customer 671","48880.92"
"8506","Customer 4847","48860.02"
"8507","Customer 2493","48826.96"
"8508","Customer 1056","48787.53"
"8509","Customer 6496","48773.89"
"8510","Customer 5662","48717.85"
"8511","Customer 6774","48667.11"
"8512","Customer 8427","48654.63"
"8513","Customer 4358","48635.78"
"8514","Customer 4478","48614.73"
"8515","Customer 6158","48609.60"
"8516","Customer 5825","48601.22"
"8517","Customer 5006","48581.17"
"8518","Customer 7187","48578.75"
"8519","Customer 6583","48578.66"
"8520","Customer 8562","48574.72"
"8521","Customer 5197","48565.27"
"8522","Customer 3028","48552.97"
"8523","Customer 8090","48547.54"
"8524","Customer 5308","48545.65"
"8525","Customer 7767","48529.83"
"8526","Customer 4732","48522.21"
"8527","Customer 7461","48518.36"
"8528","Customer 7248","48481.37"
"8529","Customer 8277","48480.86"
"8530","Customer 705","48473.71"
"8531","Customer 432","48468.66"
"8532","Customer 7736","48466.29"
"8533","Customer 8494","48447.25"
"8534","Customer 6197","48443.03"
"8535","Customer 9101","48420.19"
"8536","Customer 4466","48418.52"
"8537","Customer 3959","48413.97"
"8538","Customer 4230","48379.29"
"8539","Customer 6925","48372.65"
"8540","Customer 1203","48352.23"
"8541","Customer 9342","48345.52"
"8542","Customer 6816","48339.59"
"8543","Customer 6390","48272.08"
"8544","Customer 7489","48268.90"
"8545","Customer 2668","48265.55"
"8546","Customer 3419","48259.96"
"8547","Customer 8123","48253.37"
"8548","Customer 4819","48253.30"
"8549","Customer 561","48243.35"
"8550","Customer 4405","48222.66"
"8551","Customer 3223","48221.50"
"8552","Customer 2238","48215.16"
"8553","Customer 744","48208.04"
"8554","Customer 6654","48202.17"
"8555","Customer 1571","48201.50"
"8556","Customer 5903","48188.87"
"8557","Customer 7821","48178.26"
"8558","Customer 2514","48154.23"
"8559","Customer 8292","48135.10"
"8560","Customer 3924","48133.32"
"8561","Customer 7822","48131.32"
"8562","Customer 1660","48115.31"
"8563","Customer 6665","48111.76"
"8564","Customer 8786","48102.90"
"8565","Customer 6851","48098.09"
"8566","Customer 6909","48069.37"
"8567","Customer 1476","48066.64"
"8568","Customer 8700","48063.08"
"8569","Customer 546","48059.71"
"8569","Customer 191","48059.71"
"8571","Customer 195","48021.07"
"8572","Customer 2400","48017.64"
"8573","Customer 2535","48013.57"
"8574","Customer 6068","47996.24"
"8575","Customer 5394","47976.73"
"8576","Customer 981","47967.06"
"8577","Customer 2235","47964.62"
"8578","Customer 5936","47961.58"
"8579","Customer 9031","47960.90"
"8580","Customer 7703","47949.34"
"8581","Customer 7958","47935.32"
"8582","Customer 6827","47912.61"
"8583","Customer 5082","47910.14"
"8584","Customer 8641","47909.38"
"8585","Customer 6767","47899.41"
"8586","Customer 8618","47882.33"
"8587","Customer 9","47864.52"
"8588","Customer 4092","47853.07"
"8589","Customer 8190","47852.30"
"8590","Customer 6988","47851.61"
"8591","Customer 5332","47850.71"
"8592","Customer 6074","47845.88"
"8593","Customer 8778","47804.44"
"8594","Customer 648","47803.19"
"8595","Customer 5777","47787.12"
"8596","Customer 1542","47759.21"
"8597","Customer 9457","47752.37"
"8598","Customer 431","47748.21"
"8599","Customer 4256","47731.10"
"8600","Customer 7323","47730.78"
"8601","Customer 657","47715.84"
"8602","Customer 9818","47702.36"
"8603","Customer 4364","47699.21"
"8604","Customer 6622","47677.49"
"8605","Customer 7987","47656.96"
"8606","Customer 2624","47654.09"
"8607","Customer 7807","47644.33"
"8608","Customer 9366","47623.16"
"8609","Customer 7332","47617.02"
"8610","Customer 9029","47606.08"
"8611","Customer 807","47604.40"
"8612","Customer 2564","47598.69"
"8613","Customer 3619","47580.51"
"8614","Customer 7927","47574.63"
"8615","Customer 8653","47558.17"
"8616","Customer 582","47535.94"
"8617","Customer 1803","47533.06"
"8618","Customer 3725","47510.86"
"8619","Customer 5858","47510.39"
"8620","Customer 5678","47480.35"
"8621","Customer 6579","47473.66"
"8622","Customer 8013","47471.39"
"8623","Customer 5565","47464.02"
"8624","Customer 4332","47456.72"
"8625","Customer 9824","47415.32"
"8626","Customer 3341","47372.84"
"8627","Customer 617","47370.31"
"8628","Customer 3666","47360.99"
"8629","Customer 4573","47346.85"
"8630","Customer 3201","47345.18"
"8631","Customer 1669","47328.64"
"8632","Customer 1837","47326.68"
"8633","Customer 5155","47318.77"
"8634","Customer 3116","47298.82"
"8635","Customer 3982","47287.09"
"8636","Customer 9471","47283.87"
"8637","Customer 7278","47255.82"
"8638","Customer 6297","47226.47"
"8639","Customer 1983","47204.91"
"8640","Customer 3036","47196.21"
"8641","Customer 9583","47195.55"
"8642","Customer 2354","47190.39"
"8643","Customer 6116","47175.06"
"8644","Customer 7749","47163.37"
"8645","Customer 3311","47154.97"
"8646","Customer 3804","47153.39"
"8647","Customer 9899","47124.50"
"8648","Customer 1848","47121.38"
"8649","Customer 3030","47117.35"
"8650","Customer 380","47095.77"
"8651","Customer 3850","47089.14"
"8652","Customer 509","47084.94"
"8653","Customer 1883","47077.77"
"8654","Customer 9844","47070.46"
"8655","Customer 4715","47069.16"
"8656","Customer 5078","47060.11"
"8657","Customer 9230","47055.94"
"8658","Customer 1913","47041.71"
"8659","Customer 6919","47038.85"
"8660","Customer 8060","47038.17"
"8661","Customer 7653","47036.63"
"8662","Customer 5567","47024.98"
"8663","Customer 1336","47023.34"
"8664","Customer 9476","47020.36"
"8665","Customer 4685","47013.36"
"8666","Customer 6712","46983.73"
"8667","Customer 753","46976.85"
"8668","Customer 2239","46950.21"
"8669","Customer 7847","46947.41"
"8670","Customer 8081","46944.10"
"8671","Customer 2279","46925.21"
"8672","Customer 7607","46918.02"
"8673","Customer 1746","46895.71"
"8674","Customer 7560","46884.98"
"8675","Customer 2243","46882.36"
"8676","Customer 9028","46878.91"
"8677","Customer 1208","46873.80"
"8678","Customer 1583","46870.47"
"8679","Customer 7535","46870.22"
"8680","Customer 269","46866.71"
"8681","Customer 1526","46855.96"
"8682","Customer 757","46834.07"
"8683","Customer 7564","46826.96"
"8684","Customer 910","46818.89"
"8685","Customer 6264","46771.25"
"8686","Customer 6130","46766.56"
"8687","Customer 9684","46740.31"
"8688","Customer 3428","46725.65"
"8689","Customer 3752","46723.13"
"8690","Customer 8922","46714.92"
"8691","Customer 2975","46713.58"
"8692","Customer 6416","46711.61"
"8693","Customer 9415","46700.36"
"8694","Customer 1943","46699.50"
"8695","Customer 1213","46696.74"
"8696","Customer 8826","46683.35"
"8697","Customer 1492","46682.60"
"8698","Customer 8356","46670.71"
"8699","Customer 9196","46664.84"
"8700","Customer 1479","46663.19"
"8701","Customer 9470","46648.41"
"8702","Customer 1880","46613.62"
"8703","Customer 6472","46603.56"
"8704","Customer 5506","46601.13"
"8705","Customer 973","46520.67"
"8706","Customer 4698","46520.10"
"8707","Customer 9739","46515.49"
"8708","Customer 1022","46501.72"
"8709","Customer 3096","46492.68"
"8710","Customer 2590","46488.43"
"8711","Customer 1413","46471.06"
"8712","Customer 140","46431.86"
"8713","Customer 4119","46424.65"
"8714","Customer 1473","46424.33"
"8715","Customer 8388","46419.98"
"8716","Customer 8386","46419.11"
"8717","Customer 519","46384.05"
"8718","Customer 3941","46380.91"
"8719","Customer 6601","46379.56"
"8720","Customer 5938","46372.91"
"8721","Customer 2102","46345.54"
"8722","Customer 6677","46333.48"
"8723","Customer 3865","46316.88"
"8724","Customer 4672","46311.81"
"8725","Customer 865","46305.96"
"8726","Customer 2761","46270.98"
"8727","Customer 2977","46270.15"
"8728","Customer 4795","46241.80"
"8729","Customer 3976","46235.64"
"8730","Customer 7441","46232.56"
"8731","Customer 4438","46231.71"
"8732","Customer 1521","46226.70"
"8733","Customer 792","46217.81"
"8734","Customer 1935","46198.39"
"8735","Customer 4284","46195.11"
"8736","Customer 8115","46169.94"
"8737","Customer 4403","46156.26"
"8738","Customer 2803","46156.11"
"8739","Customer 1304","46139.70"
"8740","Customer 2789","46123.85"
"8741","Customer 192","46116.18"
"8742","Customer 1271","46112.52"
"8743","Customer 351","46111.91"
"8744","Customer 2575","46110.22"
"8745","Customer 6922","46107.27"
"8746","Customer 7884","46081.24"
"8747","Customer 9947","46079.20"
"8748","Customer 8379","46067.84"
"8749","Customer 4061","46042.10"
"8750","Customer 9024","46041.39"
"8751","Customer 7221","46037.75"
"8752","Customer 976","46008.91"
"8753","Customer 9268","46007.72"
"8754","Customer 6265","45999.77"
"8755","Customer 3868","45980.94"
"8756","Customer 8457","45957.69"
"8757","Customer 5669","45947.96"
"8758","Customer 8094","45895.73"
"8759","Customer 7655","45895.54"
"8760","Customer 4085","45890.81"
"8761","Customer 9420","45868.36"
"8762","Customer 7244","45867.69"
"8763","Customer 9385","45853.46"
"8764","Customer 4151","45842.34"
"8765","Customer 4623","45806.18"
"8766","Customer 5757","45795.30"
"8767","Customer 3243","45786.84"
"8768","Customer 166","45784.89"
"8769","Customer 5405","45777.01"
"8770","Customer 6453","45767.49"
"8771","Customer 691","45765.49"
"8772","Customer 7494","45765.39"
"8773","Customer 2055","45742.42"
"8774","Customer 7611","45727.43"
"8775","Customer 9562","45691.29"
"8776","Customer 6300","45671.31"
"8777","Customer 8879","45641.99"
"8778","Customer 6419","45631.20"
"8779","Customer 7225","45610.95"
"8780","Customer 389","45606.04"
"8781","Customer 8701","45603.63"
"8782","Customer 9329","45578.56"
"8783","Customer 6618","45564.76"
"8784","Customer 1065","45563.61"
"8785","Customer 5288","45545.85"
"8786","Customer 1333","45545.29"
"8787","Customer 7322","45541.21"
"8788","Customer 5101","45524.02"
"8789","Customer 478","45510.27"
"8790","Customer 4336","45505.90"
"8791","Customer 5367","45480.80"
"8792","Customer 6793","45480.12"
"8793","Customer 3728","45475.34"
"8794","Customer 2481","45440.27"
"8795","Customer 7956","45429.33"
"8796","Customer 5958","45414.88"
"8797","Customer 2725","45410.33"
"8798","Customer 9362","45405.74"
"8799","Customer 7213","45358.41"
"8800","Customer 1856","45337.02"
"8801","Customer 9524","45326.81"
"8802","Customer 5621","45314.42"
"8803","Customer 3277","45296.65"
"8804","Customer 8066","45295.76"
"8805","Customer 2901","45283.71"
"8806","Customer 9939","45280.66"
"8807","Customer 2382","45267.97"
"8808","Customer 2870","45248.09"
"8809","Customer 5439","45244.71"
"8810","Customer 3856","45233.31"
"8811","Customer 6078","45228.37"
"8812","Customer 5947","45192.09"
"8813","Customer 3465","45149.99"
"8814","Customer 6295","45114.75"
"8815","Customer 5327","45113.30"
"8816","Customer 7046","45110.09"
"8817","Customer 7387","45108.62"
"8818","Customer 5715","45104.58"
"8819","Customer 3200","45103.69"
"8820","Customer 3632","45098.74"
"8821","Customer 1588","45098.23"
"8822","Customer 5747","45086.41"
"8823","Customer 8593","45084.53"
"8824","Customer 4175","45062.84"
"8825","Customer 503","45052.19"
"8826","Customer 2281","45050.59"
"8827","Customer 170","45048.21"
"8828","Customer 8469","45033.93"
"8829","Customer 3524","45029.49"
"8830","Customer 4379","45002.38"
"8831","Customer 5455","44996.27"
"8832","Customer 1382","44973.22"
"8833","Customer 4895","44961.68"
"8834","Customer 3734","44951.77"
"8835","Customer 999","44913.83"
"8836","Customer 60","44910.82"
"8837","Customer 5780","44910.63"
"8838","Customer 5492","44908.74"
"8839","Customer 7635","44890.83"
"8840","Customer 276","44886.32"
"8841","Customer 4003","44883.46"
"8842","Customer 3197","44859.85"
"8843","Customer 929","44852.56"
"8844","Customer 941","44800.83"
"8845","Customer 7805","44796.29"
"8846","Customer 9237","44786.26"
"8847","Customer 4292","44779.79"
"8848","Customer 872","44775.32"
"8849","Customer 5612","44770.32"
"8850","Customer 171","44759.64"
"8851","Customer 5815","44737.16"
"8852","Customer 1071","44728.14"
"8853","Customer 998","44711.33"
"8854","Customer 6139","44710.84"
"8855","Customer 7715","44700.12"
"8856","Customer 7827","44699.31"
"8857","Customer 8507","44698.61"
"8858","Customer 5442","44688.00"
"8859","Customer 9586","44683.59"
"8860","Customer 1355","44681.55"
"8861","Customer 5744","44648.68"
"8862","Customer 4382","44631.48"
"8863","Customer 948","44630.65"
"8864","Customer 5661","44621.11"
"8865","Customer 6581","44618.41"
"8866","Customer 9376","44566.63"
"8867","Customer 8944","44564.82"
"8868","Customer 1329","44564.39"
"8869","Customer 1835","44561.35"
"8870","Customer 556","44543.82"
"8871","Customer 9834","44538.15"
"8872","Customer 1777","44515.76"
"8873","Customer 6292","44474.55"
"8874","Customer 8676","44474.44"
"8875","Customer 173","44474.16"
"8876","Customer 4547","44438.84"
"8877","Customer 930","44386.58"
"8878","Customer 1706","44381.32"
"8879","Customer 9810","44374.64"
"8880","Customer 425","44350.33"
"8881","Customer 7713","44329.79"
"8882","Customer 3019","44327.30"
"8883","Customer 3703","44309.95"
"8884","Customer 1442","44291.60"
"8885","Customer 2983","44268.18"
"8886","Customer 1964","44264.73"
"8887","Customer 5194","44250.25"
"8888","Customer 4516","44247.39"
"8889","Customer 1106","44209.82"
"8890","Customer 1924","44156.99"
"8891","Customer 9957","44134.81"
"8892","Customer 8551","44131.09"
"8893","Customer 9290","44127.83"
"8894","Customer 8353","44118.30"
"8895","Customer 8656","44094.84"
"8896","Customer 1320","44089.68"
"8897","Customer 1224","44089.00"
"8898","Customer 7905","44084.15"
"8899","Customer 2647","44055.64"
"8900","Customer 2717","44009.93"
"8901","Customer 9145","43981.88"
"8902","Customer 7342","43915.45"
"8903","Customer 9266","43915.03"
"8904","Customer 3336","43875.74"
"8905","Customer 6485","43850.40"
"8906","Customer 5224","43838.21"
"8907","Customer 6272","43822.10"
"8908","Customer 3908","43802.53"
"8909","Customer 6388","43800.03"
"8910","Customer 6031","43777.28"
"8911","Customer 2917","43769.49"
"8912","Customer 2955","43761.92"
"8913","Customer 1899","43760.24"
"8914","Customer 9591","43741.67"
"8915","Customer 8441","43736.05"
"8916","Customer 4039","43731.72"
"8917","Customer 5478","43725.05"
"8918","Customer 9475","43718.75"
"8919","Customer 6782","43711.02"
"8920","Customer 7400","43683.76"
"8921","Customer 1247","43678.11"
"8922","Customer 3087","43670.01"
"8923","Customer 6257","43669.12"
"8924","Customer 5515","43668.69"
"8925","Customer 8664","43656.83"
"8926","Customer 1366","43655.84"
"8927","Customer 5864","43649.00"
"8928","Customer 9177","43634.64"
"8929","Customer 1078","43616.07"
"8930","Customer 4588","43607.92"
"8931","Customer 3199","43607.68"
"8932","Customer 1709","43593.28"
"8933","Customer 6974","43587.30"
"8934","Customer 1844","43581.60"
"8935","Customer 7110","43579.74"
"8936","Customer 8784","43556.05"
"8937","Customer 8311","43532.43"
"8938","Customer 6076","43526.79"
"8939","Customer 5736","43517.36"
"8940","Customer 909","43509.52"
"8941","Customer 57","43470.05"
"8942","Customer 2323","43458.07"
"8943","Customer 2286","43452.32"
"8944","Customer 5703","43446.62"
"8945","Customer 6447","43438.35"
"8946","Customer 688","43431.72"
"8947","Customer 6917","43429.40"
"8948","Customer 6558","43415.87"
"8949","Customer 7512","43412.07"
"8950","Customer 2389","43399.33"
"8951","Customer 6725","43395.60"
"8952","Customer 2303","43335.26"
"8953","Customer 1010","43328.21"
"8954","Customer 1966","43311.77"
"8955","Customer 8480","43304.23"
"8956","Customer 8000","43294.63"
"8957","Customer 9242","43294.40"
"8958","Customer 4561","43279.18"
"8959","Customer 6133","43275.54"
"8960","Customer 7688","43261.37"
"8961","Customer 7619","43251.87"
"8962","Customer 4172","43245.66"
"8963","Customer 619","43229.27"
"8964","Customer 6067","43214.09"
"8965","Customer 5165","43204.43"
"8966","Customer 3394","43158.36"
"8967","Customer 7868","43147.32"
"8968","Customer 2232","43137.91"
"8969","Customer 3610","43134.30"
"8970","Customer 4437","43132.05"
"8971","Customer 5811","43109.93"
"8972","Customer 5755","43096.23"
"8973","Customer 5436","43083.30"
"8974","Customer 7321","43070.19"
"8975","Customer 6355","43023.19"
"8976","Customer 2951","43021.55"
"8977","Customer 4535","43005.84"
"8978","Customer 4207","43001.06"
"8979","Customer 1425","42971.00"
"8980","Customer 4130","42946.78"
"8981","Customer 2180","42931.67"
"8982","Customer 3824","42902.23"
"8983","Customer 2439","42880.71"
"8984","Customer 9327","42871.61"
"8985","Customer 5814","42864.36"
"8986","Customer 4450","42841.90"
"8987","Customer 2718","42837.73"
"8988","Customer 3466","42813.95"
"8989","Customer 6436","42805.10"
"8990","Customer 3073","42802.93"
"8991","Customer 5904","42776.68"
"8992","Customer 3408","42771.90"
"8993","Customer 7417","42767.24"
"8994","Customer 9068","42749.42"
"8995","Customer 1455","42742.42"
"8996","Customer 2333","42727.21"
"8997","Customer 5147","42700.02"
"8998","Customer 8434","42692.21"
"8999","Customer 6160","42671.86"
"9000","Customer 5220","42666.04"
"9001","Customer 7473","42639.54"
"9002","Customer 5812","42627.07"
"9003","Customer 8950","42613.42"
"9004","Customer 1948","42590.65"
"9005","Customer 9061","42566.75"
"9006","Customer 8837","42562.42"
"9007","Customer 7880","42551.37"
"9008","Customer 5893","42535.24"
"9009","Customer 8933","42534.17"
"9010","Customer 3510","42516.97"
"9011","Customer 3979","42516.47"
"9012","Customer 2012","42509.63"
"9013","Customer 5226","42501.82"
"9014","Customer 3015","42499.25"
"9015","Customer 6315","42471.10"
"9016","Customer 560","42466.51"
"9017","Customer 5852","42463.20"
"9018","Customer 1967","42448.96"
"9019","Customer 4136","42448.00"
"9020","Customer 7864","42436.17"
"9021","Customer 3275","42427.18"
"9022","Customer 9776","42414.67"
"9023","Customer 5284","42399.50"
"9024","Customer 1582","42383.88"
"9025","Customer 3937","42350.44"
"9026","Customer 2154","42329.92"
"9027","Customer 4796","42313.39"
"9028","Customer 4308","42290.21"
"9029","Customer 5108","42243.99"
"9030","Customer 3795","42231.16"
"9031","Customer 3026","42210.48"
"9032","Customer 7383","42205.14"
"9033","Customer 2793","42193.01"
"9034","Customer 2892","42181.90"
"9035","Customer 7969","42167.45"
"9036","Customer 8517","42162.38"
"9037","Customer 4026","42136.59"
"9038","Customer 2037","42118.40"
"9039","Customer 8683","42114.15"
"9040","Customer 4969","42109.48"
"9041","Customer 7594","42104.24"
"9042","Customer 7810","42101.28"
"9043","Customer 4054","42100.84"
"9044","Customer 2317","42092.10"
"9045","Customer 2423","42089.33"
"9046","Customer 5659","42074.56"
"9047","Customer 249","42065.83"
"9048","Customer 2244","42062.74"
"9049","Customer 10","42058.13"
"9050","Customer 4614","42054.19"
"9051","Customer 8949","42052.06"
"9052","Customer 7384","42034.19"
"9053","Customer 2609","42032.43"
"9054","Customer 8678","41992.98"
"9055","Customer 9001","41970.44"
"9056","Customer 4953","41966.17"
"9057","Customer 5123","41950.95"
"9058","Customer 3245","41939.44"
"9059","Customer 2528","41927.25"
"9060","Customer 4307","41924.34"
"9061","Customer 5890","41921.78"
"9062","Customer 856","41915.01"
"9063","Customer 9469","41894.98"
"9064","Customer 6233","41886.54"
"9065","Customer 9790","41872.90"
"9066","Customer 4278","41852.41"
"9067","Customer 2403","41842.90"
"9068","Customer 1842","41775.99"
"9069","Customer 5953","41769.17"
"9070","Customer 6940","41764.99"
"9071","Customer 2329","41750.86"
"9072","Customer 8103","41746.25"
"9073","Customer 4657","41743.04"
"9074","Customer 7434","41739.14"
"9075","Customer 3503","41734.27"
"9076","Customer 9239","41731.82"
"9077","Customer 3103","41725.92"
"9078","Customer 4132","41722.59"
"9079","Customer 9735","41719.92"
"9080","Customer 7472","41715.37"
"9081","Customer 2494","41704.61"
"9082","Customer 5246","41695.39"
"9083","Customer 5348","41665.23"
"9084","Customer 3964","41661.74"
"9085","Customer 6403","41643.59"
"9086","Customer 5749","41642.51"
"9087","Customer 9574","41632.59"
"9088","Customer 4468","41590.95"
"9089","Customer 8231","41585.15"
"9090","Customer 1939","41576.82"
"9091","Customer 1030","41565.48"
"9092","Customer 435","41548.61"
"9093","Customer 1146","41530.08"
"9094","Customer 1695","41522.43"
"9095","Customer 9905","41515.69"
"9096","Customer 3114","41496.69"
"9097","Customer 3598","41463.70"
"9098","Customer 3054","41459.25"
"9099","Customer 7465","41428.58"
"9100","Customer 6950","41413.06"
"9101","Customer 9275","41397.77"
"9102","Customer 1881","41385.61"
"9103","Customer 5346","41384.77"
"9104","Customer 997","41371.71"
"9105","Customer 6844","41370.85"
"9106","Customer 2396","41324.20"
"9107","Customer 3256","41284.64"
"9108","Customer 2269","41214.05"
"9109","Customer 3538","41209.44"
"9110","Customer 2894","41208.38"
"9111","Customer 6227","41186.92"
"9112","Customer 1710","41155.93"
"9113","Customer 1833","41155.44"
"9114","Customer 7228","41153.10"
"9115","Customer 367","41145.48"
"9116","Customer 495","41108.82"
"9117","Customer 391","41092.01"
"9118","Customer 2265","41050.73"
"9119","Customer 8125","41030.96"
"9120","Customer 3167","41024.71"
"9121","Customer 6140","41023.97"
"9122","Customer 5643","40982.06"
"9123","Customer 4356","40950.50"
"9124","Customer 19","40927.26"
"9125","Customer 8262","40915.64"
"9126","Customer 412","40867.69"
"9127","Customer 6986","40862.67"
"9128","Customer 3032","40861.84"
"9129","Customer 5400","40827.44"
"9130","Customer 125","40825.85"
"9131","Customer 8953","40796.14"
"9132","Customer 8545","40786.50"
"9133","Customer 7198","40784.29"
"9134","Customer 4912","40782.03"
"9135","Customer 5035","40755.86"
"9136","Customer 5874","40744.57"
"9137","Customer 9720","40697.41"
"9138","Customer 2250","40695.72"
"9139","Customer 5610","40681.39"
"9140","Customer 6017","40665.11"
"9141","Customer 8267","40647.77"
"9142","Customer 3545","40633.12"
"9143","Customer 9269","40615.94"
"9144","Customer 6144","40612.11"
"9145","Customer 4611","40550.88"
"9146","Customer 7961","40535.66"
"9147","Customer 5901","40511.11"
"9148","Customer 7626","40508.02"
"9149","Customer 5857","40421.77"
"9150","Customer 8177","40415.46"
"9151","Customer 9660","40404.89"
"9152","Customer 1272","40389.07"
"9153","Customer 6097","40380.59"
"9154","Customer 1863","40375.66"
"9155","Customer 8864","40366.08"
"9156","Customer 2497","40358.87"
"9157","Customer 1416","40347.30"
"9158","Customer 2087","40340.35"
"9159","Customer 4196","40338.72"
"9160","Customer 6524","40330.79"
"9161","Customer 3687","40326.81"
"9162","Customer 2582","40270.23"
"9163","Customer 729","40267.79"
"9164","Customer 7105","40267.38"
"9165","Customer 1547","40256.71"
"9166","Customer 437","40234.19"
"9167","Customer 980","40214.18"
"9168","Customer 1484","40211.66"
"9169","Customer 1166","40203.04"
"9170","Customer 6515","40202.00"
"9171","Customer 7274","40200.03"
"9172","Customer 6205","40183.67"
"9173","Customer 9131","40180.92"
"9174","Customer 2304","40177.22"
"9175","Customer 6531","40167.93"
"9176","Customer 6010","40135.95"
"9177","Customer 2367","40118.33"
"9178","Customer 4462","40100.58"
"9179","Customer 8488","40093.96"
"9180","Customer 9160","40078.78"
"9181","Customer 475","40075.83"
"9182","Customer 3823","40070.57"
"9183","Customer 3041","39993.33"
"9184","Customer 295","39990.70"
"9185","Customer 3654","39981.38"
"9186","Customer 6060","39980.93"
"9187","Customer 8823","39980.58"
"9188","Customer 7579","39966.23"
"9189","Customer 5642","39948.69"
"9190","Customer 1338","39944.13"
"9191","Customer 6441","39936.35"
"9192","Customer 7298","39893.14"
"9193","Customer 5095","39818.51"
"9194","Customer 2751","39805.20"
"9195","Customer 6267","39803.79"
"9196","Customer 9496","39800.57"
"9197","Customer 9644","39785.61"
"9198","Customer 2792","39773.90"
"9199","Customer 3801","39743.81"
"9200","Customer 1091","39734.26"
"9201","Customer 7865","39721.93"
"9202","Customer 27","39704.11"
"9203","Customer 6739","39666.62"
"9204","Customer 1682","39659.96"
"9205","Customer 2359","39638.52"
"9206","Customer 4966","39629.04"
"9207","Customer 9923","39614.00"
"9208","Customer 9411","39609.25"
"9209","Customer 4609","39517.41"
"9210","Customer 3324","39509.37"
"9211","Customer 7520","39463.11"
"9212","Customer 6985","39428.52"
"9213","Customer 8533","39387.86"
"9214","Customer 8105","39368.88"
"9215","Customer 6254","39303.89"
"9216","Customer 3391","39287.17"
"9217","Customer 3561","39285.00"
"9218","Customer 374","39263.92"
"9219","Customer 3882","39252.34"
"9220","Customer 9958","39229.62"
"9221","Customer 8643","39198.10"
"9222","Customer 5759","39193.78"
"9223","Customer 9865","39135.52"
"9224","Customer 3338","39115.28"
"9225","Customer 115","39113.64"
"9226","Customer 9752","39110.53"
"9227","Customer 622","39109.73"
"9228","Customer 8513","39098.39"
"9229","Customer 4185","39093.06"
"9230","Customer 5792","39077.77"
"9231","Customer 3749","39074.69"
"9232","Customer 8694","39062.13"
"9233","Customer 9437","39047.47"
"9234","Customer 9361","39046.82"
"9235","Customer 7450","39042.60"
"9236","Customer 4002","39030.57"
"9237","Customer 2450","39022.55"
"9238","Customer 5980","38995.56"
"9239","Customer 8711","38977.99"
"9240","Customer 2488","38938.33"
"9241","Customer 9710","38912.09"
"9242","Customer 8746","38886.35"
"9243","Customer 7435","38866.52"
"9244","Customer 5451","38862.51"
"9245","Customer 8774","38851.98"
"9246","Customer 9637","38810.97"
"9247","Customer 863","38810.20"
"9248","Customer 3708","38804.61"
"9249","Customer 2786","38803.55"
"9250","Customer 4301","38788.95"
"9251","Customer 7487","38774.96"
"9252","Customer 3456","38757.38"
"9253","Customer 6433","38754.63"
"9254","Customer 5025","38706.34"
"9255","Customer 707","38621.21"
"9256","Customer 8111","38612.07"
"9257","Customer 4493","38601.39"
"9258","Customer 7028","38597.37"
"9259","Customer 7917","38547.29"
"9260","Customer 5418","38528.61"
"9261","Customer 9640","38509.53"
"9262","Customer 2524","38504.08"
"9263","Customer 9011","38464.57"
"9264","Customer 8997","38407.73"
"9265","Customer 864","38402.29"
"9266","Customer 4231","38383.67"
"9267","Customer 8205","38369.10"
"9268","Customer 1041","38361.91"
"9269","Customer 2448","38342.59"
"9270","Customer 7894","38323.52"
"9271","Customer 5680","38316.92"
"9272","Customer 8309","38268.45"
"9273","Customer 3435","38259.60"
"9274","Customer 6004","38255.11"
"9275","Customer 9903","38216.74"
"9276","Customer 3684","38179.22"
"9277","Customer 3061","38166.13"
"9278","Customer 7199","38154.13"
"9279","Customer 728","38130.43"
"9280","Customer 1529","38105.01"
"9281","Customer 299","38099.97"
"9282","Customer 788","38083.01"
"9283","Customer 6607","38051.64"
"9284","Customer 148","38000.72"
"9285","Customer 6137","37970.16"
"9286","Customer 252","37962.88"
"9287","Customer 8150","37945.66"
"9288","Customer 4940","37934.43"
"9289","Customer 4084","37917.39"
"9290","Customer 8812","37911.79"
"9291","Customer 4985","37901.25"
"9292","Customer 103","37898.15"
"9293","Customer 9195","37886.33"
"9294","Customer 6631","37881.20"
"9295","Customer 7076","37857.21"
"9296","Customer 3437","37841.77"
"9297","Customer 8168","37818.41"
"9298","Customer 5099","37800.81"
"9299","Customer 2096","37783.62"
"9300","Customer 1102","37756.30"
"9301","Customer 4305","37717.22"
"9302","Customer 4143","37711.36"
"9303","Customer 1693","37689.97"
"9304","Customer 6079","37684.92"
"9305","Customer 4473","37676.00"
"9306","Customer 4406","37668.69"
"9307","Customer 2090","37635.88"
"9308","Customer 7190","37607.20"
"9309","Customer 9173","37590.43"
"9310","Customer 7138","37573.11"
"9311","Customer 452","37549.67"
"9312","Customer 1183","37529.90"
"9313","Customer 1797","37512.06"
"9314","Customer 7548","37490.28"
"9315","Customer 8745","37486.63"
"9316","Customer 7750","37462.01"
"9317","Customer 3736","37451.82"
"9318","Customer 1216","37448.24"
"9319","Customer 6562","37436.56"
"9320","Customer 3048","37422.27"
"9321","Customer 2839","37398.17"
"9322","Customer 5943","37342.25"
"9323","Customer 2278","37295.12"
"9324","Customer 2384","37247.93"
"9325","Customer 4463","37217.24"
"9326","Customer 1279","37215.06"
"9327","Customer 4255","37197.76"
"9328","Customer 106","37196.06"
"9329","Customer 2336","37176.71"
"9330","Customer 9058","37161.43"
"9331","Customer 7280","37126.08"
"9332","Customer 9188","37100.31"
"9333","Customer 2608","37096.88"
"9334","Customer 7356","37092.42"
"9335","Customer 8327","37084.31"
"9336","Customer 7995","37066.56"
"9337","Customer 924","37033.93"
"9338","Customer 451","36950.51"
"9339","Customer 700","36938.33"
"9340","Customer 6437","36926.44"
"9341","Customer 6570","36919.27"
"9342","Customer 5063","36906.13"
"9343","Customer 3237","36896.16"
"9344","Customer 8602","36891.36"
"9345","Customer 2273","36880.02"
"9346","Customer 4793","36868.69"
"9347","Customer 1020","36864.56"
"9348","Customer 6356","36853.93"
"9349","Customer 1431","36808.57"
"9350","Customer 3714","36797.98"
"9351","Customer 116","36793.18"
"9352","Customer 9454","36770.38"
"9353","Customer 3113","36704.26"
"9354","Customer 9127","36697.12"
"9355","Customer 2698","36673.57"
"9356","Customer 7045","36642.45"
"9357","Customer 2676","36630.54"
"9358","Customer 494","36589.66"
"9359","Customer 6807","36587.12"
"9360","Customer 7035","36540.53"
"9361","Customer 244","36526.02"
"9362","Customer 9949","36522.61"
"9363","Customer 8860","36484.43"
"9364","Customer 5670","36484.22"
"9365","Customer 2149","36483.31"
"9366","Customer 7706","36480.72"
"9367","Customer 7341","36466.42"
"9368","Customer 7118","36465.03"
"9369","Customer 4014","36379.71"
"9370","Customer 3712","36368.51"
"9371","Customer 712","36300.10"
"9372","Customer 574","36272.10"
"9373","Customer 9201","36250.48"
"9374","Customer 1044","36249.41"
"9375","Customer 3683","36230.05"
"9376","Customer 5495","36192.73"
"9377","Customer 8990","36156.59"
"9378","Customer 5552","36152.50"
"9379","Customer 9737","36138.77"
"9380","Customer 93","36130.79"
"9381","Customer 5769","36129.36"
"9382","Customer 4424","36124.33"
"9383","Customer 512","36112.61"
"9384","Customer 1421","36095.83"
"9385","Customer 6412","36081.30"
"9386","Customer 9896","36079.18"
"9387","Customer 8526","36031.93"
"9388","Customer 2592","36013.09"
"9389","Customer 7103","36009.97"
"9390","Customer 6331","35947.50"
"9391","Customer 6103","35930.74"
"9392","Customer 2193","35929.79"
"9393","Customer 4076","35924.37"
"9394","Customer 3644","35917.70"
"9395","Customer 190","35874.58"
"9396","Customer 9529","35862.16"
"9397","Customer 2246","35850.38"
"9398","Customer 7108","35843.78"
"9399","Customer 4644","35833.59"
"9400","Customer 1151","35811.43"
"9401","Customer 5828","35807.72"
"9402","Customer 4988","35791.68"
"9403","Customer 6764","35788.27"
"9404","Customer 5355","35776.90"
"9405","Customer 5915","35771.22"
"9406","Customer 4791","35735.57"
"9407","Customer 6881","35719.21"
"9408","Customer 7132","35708.52"
"9409","Customer 3444","35663.55"
"9410","Customer 4759","35660.70"
"9411","Customer 4950","35639.20"
"9412","Customer 4452","35624.09"
"9413","Customer 3433","35620.08"
"9414","Customer 6599","35587.11"
"9415","Customer 2806","35557.96"
"9416","Customer 9522","35554.88"
"9417","Customer 2201","35545.78"
"9418","Customer 8054","35521.33"
"9419","Customer 2185","35520.08"
"9420","Customer 8278","35509.56"
"9421","Customer 8570","35488.24"
"9422","Customer 8718","35469.40"
"9423","Customer 1723","35461.10"
"9424","Customer 2107","35452.39"
"9425","Customer 3470","35444.74"
"9426","Customer 3716","35429.51"
"9427","Customer 7349","35387.99"
"9428","Customer 1073","35348.55"
"9429","Customer 6727","35324.29"
"9430","Customer 8904","35305.73"
"9431","Customer 5049","35297.50"
"9432","Customer 6972","35288.90"
"9433","Customer 6868","35261.67"
"9434","Customer 1176","35260.69"
"9435","Customer 9359","35252.20"
"9436","Customer 5112","35208.19"
"9437","Customer 3460","35150.53"
"9438","Customer 8326","35149.14"
"9439","Customer 1138","35128.52"
"9440","Customer 3198","35127.18"
"9441","Customer 3192","35119.53"
"9442","Customer 2778","35110.39"
"9443","Customer 3138","35044.04"
"9444","Customer 9608","35033.48"
"9445","Customer 1585","35017.24"
"9446","Customer 8028","35010.98"
"9447","Customer 7841","35004.37"
"9448","Customer 4879","34998.91"
"9449","Customer 1838","34939.82"
"9450","Customer 4740","34937.60"
"9451","Customer 8342","34933.33"
"9452","Customer 455","34932.16"
"9453","Customer 4381","34911.66"
"9454","Customer 7614","34897.94"
"9455","Customer 2797","34896.91"
"9456","Customer 7226","34887.35"
"9457","Customer 3478","34884.52"
"9458","Customer 3872","34872.44"
"9459","Customer 518","34847.20"
"9460","Customer 9719","34787.79"
"9461","Customer 3997","34769.66"
"9462","Customer 1067","34758.94"
"9463","Customer 6908","34752.48"
"9464","Customer 3300","34634.03"
"9465","Customer 5549","34619.50"
"9466","Customer 3949","34615.51"
"9467","Customer 2024","34582.27"
"9468","Customer 7396","34519.59"
"9469","Customer 9094","34510.30"
"9470","Customer 4811","34502.36"
"9471","Customer 640","34435.73"
"9472","Customer 5945","34420.34"
"9473","Customer 42","34412.18"
"9474","Customer 5804","34379.11"
"9475","Customer 1107","34363.40"
"9476","Customer 4138","34338.93"
"9477","Customer 8536","34323.70"
"9478","Customer 7420","34296.30"
"9479","Customer 6694","34280.17"
"9480","Customer 5931","34253.77"
"9481","Customer 8221","34105.38"
"9482","Customer 4757","34072.87"
"9483","Customer 5216","34042.50"
"9484","Customer 1234","34025.95"
"9485","Customer 8559","34012.51"
"9486","Customer 5052","33985.27"
"9487","Customer 819","33948.60"
"9488","Customer 6214","33938.02"
"9489","Customer 1534","33930.27"
"9490","Customer 8338","33846.51"
"9491","Customer 3776","33835.17"
"9492","Customer 9002","33829.55"
"9493","Customer 3007","33826.08"
"9494","Customer 4197","33778.04"
"9495","Customer 3741","33729.52"
"9496","Customer 2971","33696.32"
"9497","Customer 9112","33695.64"
"9498","Customer 4108","33686.40"
"9499","Customer 9584","33682.85"
"9500","Customer 7067","33621.10"
"9501","Customer 2245","33586.07"
"9502","Customer 2449","33557.46"
"9503","Customer 7061","33557.21"
"9504","Customer 9853","33522.97"
"9505","Customer 1942","33512.82"
"9506","Customer 6086","33495.53"
"9507","Customer 1553","33488.83"
"9508","Customer 4616","33461.55"
"9509","Customer 7388","33438.83"
"9510","Customer 7690","33434.49"
"9511","Customer 4168","33418.40"
"9512","Customer 1391","33385.65"
"9513","Customer 2241","33358.27"
"9514","Customer 90","33323.86"
"9515","Customer 4240","33320.52"
"9516","Customer 8772","33285.79"
"9517","Customer 6365","33284.98"
"9518","Customer 9802","33233.85"
"9519","Customer 5558","33167.59"
"9520","Customer 4023","33160.29"
"9521","Customer 8126","33140.27"
"9522","Customer 4125","33119.25"
"9523","Customer 221","33105.78"
"9524","Customer 2431","33104.80"
"9525","Customer 2139","33072.65"
"9526","Customer 8992","33057.15"
"9527","Customer 6762","33047.36"
"9528","Customer 122","33035.33"
"9529","Customer 618","33027.73"
"9530","Customer 7155","33026.37"
"9531","Customer 1522","33011.35"
"9532","Customer 9462","32964.09"
"9533","Customer 3","32963.48"
"9534","Customer 7603","32909.24"
"9535","Customer 5427","32903.82"
"9536","Customer 4852","32902.99"
"9537","Customer 5170","32882.72"
"9538","Customer 3565","32823.06"
"9539","Customer 7714","32800.25"
"9540","Customer 8200","32758.35"
"9541","Customer 3183","32737.26"
"9542","Customer 9571","32687.52"
"9543","Customer 1985","32664.57"
"9544","Customer 5544","32663.84"
"9545","Customer 7911","32641.94"
"9546","Customer 8521","32636.30"
"9547","Customer 2321","32635.25"
"9548","Customer 2974","32609.58"
"9549","Customer 1200","32602.43"
"9550","Customer 7908","32572.23"
"9551","Customer 6906","32542.38"
"9552","Customer 6392","32514.49"
"9553","Customer 1732","32505.38"
"9554","Customer 3372","32464.70"
"9555","Customer 4233","32394.57"
"9556","Customer 4636","32387.05"
"9557","Customer 7665","32343.53"
"9558","Customer 5223","32317.38"
"9559","Customer 3085","32311.46"
"9560","Customer 6296","32305.61"
"9561","Customer 6873","32264.93"
"9562","Customer 853","32234.73"
"9563","Customer 4709","32223.93"
"9564","Customer 1202","32192.62"
"9565","Customer 1301","32191.95"
"9566","Customer 3847","32157.34"
"9567","Customer 3788","32151.42"
"9568","Customer 7340","32148.37"
"9569","Customer 4691","32134.25"
"9570","Customer 7012","32110.33"
"9571","Customer 7824","32100.15"
"9572","Customer 6702","32084.95"
"9573","Customer 1573","32036.54"
"9574","Customer 3540","31998.29"
"9575","Customer 9828","31983.19"
"9576","Customer 5896","31976.91"
"9577","Customer 8903","31958.63"
"9578","Customer 4083","31904.26"
"9579","Customer 4980","31900.04"
"9580","Customer 7439","31863.90"
"9581","Customer 263","31844.29"
"9582","Customer 8984","31799.97"
"9583","Customer 9998","31786.44"
"9584","Customer 7833","31763.72"
"9585","Customer 4191","31754.47"
"9586","Customer 4862","31741.13"
"9587","Customer 8220","31724.47"
"9588","Customer 1703","31709.55"
"9589","Customer 4968","31665.61"
"9590","Customer 4892","31657.57"
"9591","Customer 4934","31653.68"
"9592","Customer 5014","31627.28"
"9593","Customer 7241","31589.30"
"9594","Customer 2256","31570.93"
"9595","Customer 7634","31548.08"
"9596","Customer 4367","31472.87"
"9597","Customer 8293","31467.22"
"9598","Customer 2979","31457.96"
"9599","Customer 4461","31449.94"
"9600","Customer 9373","31375.83"
"9601","Customer 7751","31361.12"
"9602","Customer 9158","31355.48"
"9603","Customer 1244","31354.37"
"9604","Customer 2738","31314.62"
"9605","Customer 8474","31301.11"
"9606","Customer 2492","31292.80"
"9607","Customer 5347","31288.20"
"9608","Customer 3464","31280.74"
"9609","Customer 8668","31195.52"
"9610","Customer 9099","31182.40"
"9611","Customer 3553","31108.76"
"9612","Customer 3571","31022.64"
"9613","Customer 1245","30932.74"
"9614","Customer 9729","30870.53"
"9615","Customer 7252","30841.74"
"9616","Customer 963","30827.96"
"9617","Customer 6341","30823.48"
"9618","Customer 9170","30820.48"
"9619","Customer 9282","30727.66"
"9620","Customer 2455","30716.20"
"9621","Customer 7983","30705.17"
"9622","Customer 1840","30691.17"
"9623","Customer 9782","30679.85"
"9624","Customer 9530","30663.20"
"9625","Customer 256","30644.36"
"9626","Customer 36","30632.45"
"9627","Customer 1007","30563.13"
"9628","Customer 1055","30553.63"
"9629","Customer 2585","30545.69"
"9630","Customer 6377","30517.74"
"9631","Customer 5399","30503.35"
"9632","Customer 7561","30492.94"
"9633","Customer 616","30427.76"
"9634","Customer 3858","30418.39"
"9635","Customer 8104","30335.68"
"9636","Customer 6967","30295.28"
"9637","Customer 6460","30282.04"
"9638","Customer 3304","30273.37"
"9639","Customer 4967","30255.47"
"9640","Customer 3747","30199.18"
"9641","Customer 2684","30133.57"
"9642","Customer 3058","30131.81"
"9643","Customer 8416","30129.21"
"9644","Customer 8154","30127.68"
"9645","Customer 3025","30106.31"
"9646","Customer 418","30104.88"
"9647","Customer 1557","30081.05"
"9648","Customer 699","30064.76"
"9649","Customer 3264","30045.34"
"9650","Customer 5361","29977.92"
"9651","Customer 9570","29974.68"
"9652","Customer 9304","29961.54"
"9653","Customer 5316","29946.65"
"9654","Customer 8854","29874.98"
"9655","Customer 5310","29860.80"
"9656","Customer 9846","29809.76"
"9657","Customer 8827","29784.63"
"9658","Customer 9537","29777.21"
"9659","Customer 2818","29768.78"
"9660","Customer 7350","29758.75"
"9661","Customer 2048","29737.66"
"9662","Customer 8099","29713.19"
"9663","Customer 9764","29706.62"
"9664","Customer 8017","29687.32"
"9665","Customer 2496","29662.12"
"9666","Customer 157","29625.09"
"9667","Customer 6126","29596.69"
"9668","Customer 2877","29583.81"
"9669","Customer 6529","29513.85"
"9670","Customer 1414","29479.98"
"9671","Customer 6809","29442.19"
"9672","Customer 275","29416.96"
"9673","Customer 2875","29343.84"
"9674","Customer 2522","29342.54"
"9675","Customer 7876","29328.25"
"9676","Customer 6371","29314.70"
"9677","Customer 9600","29274.85"
"9678","Customer 7988","29270.08"
"9679","Customer 9121","29240.85"
"9680","Customer 793","29240.45"
"9681","Customer 8589","29231.71"
"9682","Customer 272","29211.07"
"9683","Customer 1963","29181.55"
"9684","Customer 7760","29142.43"
"9685","Customer 1870","29136.89"
"9686","Customer 7293","29106.28"
"9687","Customer 1749","29104.56"
"9688","Customer 4190","29082.45"
"9689","Customer 2961","28923.48"
"9690","Customer 6695","28916.03"
"9691","Customer 9841","28841.44"
"9692","Customer 801","28817.13"
"9693","Customer 968","28802.33"
"9694","Customer 9455","28787.94"
"9695","Customer 9255","28769.87"
"9696","Customer 9938","28761.38"
"9697","Customer 1969","28744.70"
"9698","Customer 803","28739.22"
"9699","Customer 1570","28729.13"
"9700","Customer 857","28615.00"
"9701","Customer 5741","28572.88"
"9702","Customer 2529","28536.98"
"9703","Customer 8564","28510.51"
"9704","Customer 2456","28492.94"
"9705","Customer 2143","28472.64"
"9706","Customer 2914","28466.84"
"9707","Customer 9102","28456.23"
"9708","Customer 5632","28444.77"
"9709","Customer 4388","28398.39"
"9710","Customer 7859","28380.39"
"9711","Customer 7900","28341.45"
"9712","Customer 822","28317.68"
"9713","Customer 3320","28262.92"
"9714","Customer 3104","28247.12"
"9715","Customer 5292","28215.55"
"9716","Customer 1497","28154.16"
"9717","Customer 9909","28149.66"
"9718","Customer 7537","28105.33"
"9719","Customer 306","28081.08"
"9720","Customer 9054","28040.45"
"9721","Customer 9805","28009.24"
"9722","Customer 8450","28001.96"
"9723","Customer 9076","27990.92"
"9724","Customer 9338","27986.45"
"9725","Customer 9393","27977.31"
"9726","Customer 402","27955.98"
"9727","Customer 8199","27908.19"
"9728","Customer 6363","27902.98"
"9729","Customer 1033","27800.79"
"9730","Customer 1688","27762.95"
"9731","Customer 6768","27725.94"
"9732","Customer 5365","27718.00"
"9733","Customer 7299","27665.97"
"9734","Customer 5888","27664.33"
"9735","Customer 5937","27621.96"
"9736","Customer 5571","27606.13"
"9737","Customer 4069","27598.02"
"9738","Customer 9515","27587.24"
"9739","Customer 5501","27564.27"
"9740","Customer 933","27551.22"
"9741","Customer 7306","27545.90"
"9742","Customer 7245","27526.25"
"9743","Customer 8320","27475.69"
"9744","Customer 7256","27474.77"
"9745","Customer 4814","27472.16"
"9746","Customer 730","27377.62"
"9747","Customer 9777","27353.12"
"9748","Customer 6980","27340.26"
"9749","Customer 5789","27259.53"
"9750","Customer 8431","27257.77"
"9751","Customer 1043","27243.60"
"9752","Customer 527","27158.22"
"9753","Customer 7171","27081.00"
"9754","Customer 5605","27053.03"
"9755","Customer 6852","26919.72"
"9756","Customer 1276","26889.91"
"9757","Customer 599","26885.87"
"9758","Customer 4860","26829.71"
"9759","Customer 1197","26822.23"
"9760","Customer 5996","26785.84"
"9761","Customer 8335","26768.61"
"9762","Customer 6237","26763.65"
"9763","Customer 6426","26743.42"
"9764","Customer 2879","26668.08"
"9765","Customer 695","26553.54"
"9766","Customer 5671","26504.34"
"9767","Customer 6177","26503.88"
"9768","Customer 3365","26487.15"
"9769","Customer 8287","26432.05"
"9770","Customer 7929","26420.48"
"9771","Customer 7143","26347.06"
"9772","Customer 1773","26296.79"
"9773","Customer 5024","26281.23"
"9774","Customer 5982","26269.25"
"9775","Customer 6340","26252.62"
"9776","Customer 4622","26209.15"
"9777","Customer 3449","26191.51"
"9778","Customer 1121","26179.13"
"9779","Customer 4871","26166.47"
"9780","Customer 254","26135.45"
"9781","Customer 4576","25964.53"
"9782","Customer 4809","25961.44"
"9783","Customer 5429","25955.65"
"9784","Customer 3384","25890.65"
"9785","Customer 5963","25865.70"
"9786","Customer 4261","25709.30"
"9787","Customer 2503","25600.37"
"9788","Customer 6749","25528.48"
"9789","Customer 7903","25414.47"
"9790","Customer 3953","25387.29"
"9791","Customer 4135","25276.86"
"9792","Customer 7495","25187.55"
"9793","Customer 4435","25174.33"
"9794","Customer 2159","25161.85"
"9795","Customer 7470","25128.20"
"9796","Customer 6400","25098.66"
"9797","Customer 4499","25006.21"
"9798","Customer 3661","24985.87"
"9799","Customer 6185","24984.36"
"9800","Customer 307","24937.78"
"9801","Customer 6553","24887.98"
"9802","Customer 3522","24881.22"
"9803","Customer 4222","24818.32"
"9804","Customer 3781","24764.18"
"9805","Customer 4627","24599.70"
"9806","Customer 4273","24529.35"
"9807","Customer 898","24399.18"
"9808","Customer 1793","24358.35"
"9809","Customer 7129","24335.94"
"9810","Customer 7268","24281.79"
"9811","Customer 2060","24252.30"
"9812","Customer 5454","24220.26"
"9813","Customer 2906","24170.40"
"9814","Customer 6726","24168.07"
"9815","Customer 5709","24164.44"
"9816","Customer 3910","24111.89"
"9817","Customer 8202","24082.81"
"9818","Customer 1946","24043.62"
"9819","Customer 5520","24005.00"
"9820","Customer 3227","23953.18"
"9821","Customer 2019","23877.75"
"9822","Customer 2061","23829.60"
"9823","Customer 8571","23796.77"
"9824","Customer 2141","23720.16"
"9825","Customer 422","23678.45"
"9826","Customer 5059","23673.75"
"9827","Customer 1388","23669.58"
"9828","Customer 7261","23662.79"
"9829","Customer 1892","23637.52"
"9830","Customer 7779","23624.78"
"9831","Customer 5416","23586.61"
"9832","Customer 6090","23560.21"
"9833","Customer 5975","23487.82"
"9834","Customer 4697","23487.26"
"9835","Customer 3574","23378.36"
"9836","Customer 5296","23358.81"
"9837","Customer 7528","23340.73"
"9838","Customer 1436","23293.73"
"9839","Customer 5413","23292.94"
"9840","Customer 3634","23287.42"
"9841","Customer 550","23203.06"
"9842","Customer 5719","23189.04"
"9843","Customer 1323","23046.31"
"9844","Customer 8941","23027.63"
"9845","Customer 6552","22975.81"
"9846","Customer 5062","22905.14"
"9847","Customer 6853","22689.33"
"9848","Customer 5708","22639.68"
"9849","Customer 321","22604.30"
"9850","Customer 2889","22563.99"
"9851","Customer 3810","22474.79"
"9852","Customer 5449","22408.14"
"9853","Customer 4844","22363.97"
"9854","Customer 3581","22333.60"
"9855","Customer 4235","22240.47"
"9856","Customer 4536","22155.71"
"9857","Customer 3014","22133.86"
"9858","Customer 576","22107.71"
"9859","Customer 3282","22101.35"
"9860","Customer 9060","21975.10"
"9861","Customer 9803","21934.79"
"9862","Customer 1220","21922.41"
"9863","Customer 8969","21819.23"
"9864","Customer 2437","21743.30"
"9865","Customer 2997","21681.19"
"9866","Customer 5255","21636.20"
"9867","Customer 5833","21634.17"
"9868","Customer 6737","21616.31"
"9869","Customer 9762","21579.91"
"9870","Customer 4294","21546.62"
"9871","Customer 7525","21527.70"
"9872","Customer 3270","21515.72"
"9873","Customer 7719","21390.25"
"9874","Customer 5000","21379.38"
"9875","Customer 1037","21370.45"
"9876","Customer 8583","21231.15"
"9877","Customer 1505","21227.74"
"9878","Customer 9238","21182.63"
"9879","Customer 6346","21141.79"
"9880","Customer 9836","21045.90"
"9881","Customer 1168","20993.40"
"9882","Customer 189","20970.35"
"9883","Customer 4330","20923.81"
"9884","Customer 9336","20853.76"
"9885","Customer 9561","20770.23"
"9886","Customer 3358","20708.03"
"9887","Customer 8764","20614.18"
"9888","Customer 8159","20526.89"
"9889","Customer 1629","20480.66"
"9890","Customer 2460","20452.73"
"9891","Customer 9369","20452.26"
"9892","Customer 4834","20353.77"
"9893","Customer 4058","20335.29"
"9894","Customer 1003","20293.81"
"9895","Customer 8518","20283.38"
"9896","Customer 1808","20173.62"
"9897","Customer 4890","20090.48"
"9898","Customer 5902","20069.48"
"9899","Customer 8728","20067.71"
"9900","Customer 4802","19940.41"
"9901","Customer 4287","19930.99"
"9902","Customer 5211","19912.17"
"9903","Customer 8235","19847.50"
"9904","Customer 2644","19831.02"
"9905","Customer 548","19800.83"
"9906","Customer 8896","19719.24"
"9907","Customer 4548","19660.22"
"9908","Customer 5983","19582.21"
"9909","Customer 9486","19434.90"
"9910","Customer 3742","19267.95"
"9911","Customer 2623","19185.63"
"9912","Customer 4128","19135.80"
"9913","Customer 1555","19022.25"
"9914","Customer 4186","18747.89"
"9915","Customer 2402","18725.04"
"9916","Customer 219","18705.81"
"9917","Customer 5312","18673.88"
"9918","Customer 4987","18598.89"
"9919","Customer 3916","18592.92"
"9920","Customer 8842","18590.15"
"9921","Customer 5489","18512.97"
"9922","Customer 6645","18501.37"
"9923","Customer 8260","18410.68"
"9924","Customer 6975","18402.34"
"9925","Customer 227","18364.17"
"9926","Customer 2224","18157.95"
"9927","Customer 3886","18128.05"
"9928","Customer 1189","17950.49"
"9929","Customer 4517","17943.58"
"9930","Customer 2599","17825.46"
"9931","Customer 5242","17728.19"
"9932","Customer 4538","17707.43"
"9933","Customer 3901","17547.52"
"9934","Customer 842","17531.76"
"9935","Customer 8093","17437.51"
"9936","Customer 4780","17147.18"
"9937","Customer 8271","16885.64"
"9938","Customer 324","16862.66"
"9939","Customer 4755","16856.28"
"9940","Customer 5317","16705.84"
"9941","Customer 4511","16624.82"
"9942","Customer 835","16374.62"
"9943","Customer 2708","16326.48"
"9944","Customer 3771","16062.95"
"9945","Customer 3689","16006.59"
"9946","Customer 5174","15772.12"
"9947","Customer 3657","15770.73"
"9948","Customer 4163","15768.11"
"9949","Customer 9916","15689.31"
"9950","Customer 8027","15396.86"
"9951","Customer 9797","15369.55"
"9952","Customer 1422","15180.36"
"9953","Customer 7624","15008.92"
"9954","Customer 5636","14997.25"
"9955","Customer 9734","14814.83"
"9956","Customer 2695","14811.01"
"9957","Customer 8713","14607.85"
"9958","Customer 7883","14416.75"
"9959","Customer 8828","14379.69"
"9960","Customer 8423","14345.36"
"9961","Customer 7360","13873.01"
"9962","Customer 9035","13578.18"
"9963","Customer 4448","13482.12"
"9964","Customer 2213","13308.52"
"9965","Customer 2932","13299.96"
"9966","Customer 4569","13219.65"
"9967","Customer 1230","13118.89"
"9968","Customer 2683","13075.48"
"9969","Customer 2348","12689.46"
"9970","Customer 2863","12598.98"
"9971","Customer 9821","12381.83"
"9972","Customer 7315","12186.22"
"9973","Customer 9664","12171.06"
"9974","Customer 6345","11883.24"
"9975","Customer 2999","11617.20"
"9976","Customer 1009","11504.10"
"9977","Customer 1861","11439.92"
"9978","Customer 6187","11380.90"
"9979","Customer 2784","11311.24"
"9980","Customer 202","11293.23"
"9981","Customer 3411","11169.21"
"9982","Customer 7882","10502.51"
"9983","Customer 9344","10412.12"
"9984","Customer 1857","9766.58"
"9985","Customer 2968","9693.78"
"9986","Customer 6828","9538.02"
"9987","Customer 7078","9251.72"
"9988","Customer 6348","8832.26"
"9989","Customer 1326","7639.84"
"9990","Customer 7325","7150.60"
"9991","Customer 2629","6685.43"
"9992","Customer 9139","6684.88"
"9993","Customer 950","6582.86"
"9994","Customer 5034","6491.75"
"9995","Customer 7722","5930.27"
"9996","Customer 4686","5660.98"
"9997","Customer 964","5243.96"
"9998","Customer 3947","5158.56"
"9999","Customer 6998","4550.69"
